Rank,CustomerID,Churn_Probability,MonthlyCharges,CLV,Expected_Loss,Expected_Value_of_Action
1,3389-YGYAI,0.8223024366599656,105.5,2532.0,2082.0697696230327,574.6209308869098
2,1583-IHQZE,0.760183888853951,112.95,2710.8,2060.7064859052907,568.2119457715872
3,3606-TWKGI,0.8023680067126284,106.9,2565.6000000000004,2058.55535802192,567.5666074065759
4,1400-MMYXY,0.8080478165638209,105.9,2541.6000000000004,2053.7343305786076,566.1202991735822
5,5380-WJKOV,0.8029890541370122,106.35,2552.3999999999996,2049.5492617793097,564.8647785337929
6,2027-FECZV,0.7993195454222226,106.7,2560.8,2046.8974919172279,564.0692475751683
7,6496-SLWHQ,0.8122110501970315,105.0,2520.0,2046.7718464965194,564.0315539489558
8,8884-ADFVN,0.8315569581865372,101.95,2446.8,2034.6535652908194,560.3960695872458
9,9851-QXEEQ,0.8050529973891978,104.7,2512.8,2022.9371718395764,556.8811515518729
10,5299-SJCZT,0.8277258607801089,101.55,2437.2,2017.3334678932813,555.2000403679843
11,9221-OTIVJ,0.8011596836451915,104.85,2516.3999999999996,2016.0382279247597,554.8114683774279
12,5419-JPRRN,0.8276552716891583,101.45,2434.8,2015.1750555087629,554.5525166526288
13,8868-WOZGU,0.7922505142773459,105.7,2536.8,2009.7811046187712,552.9343313856314
14,4822-RVYBB,0.8315617066243662,100.6,2414.3999999999996,2007.7225844738696,552.3167753421609
15,1309-BXVOQ,0.7873600359985394,106.1,2546.3999999999996,2004.9335956666805,551.4800787000041
16,5052-PNLOS,0.7929596761175558,105.35,2528.3999999999996,2004.9192450956277,551.4757735286883
17,8111-SLLHI,0.7903397660713054,105.65,2535.6000000000004,2003.9855108504023,551.1956532551206
18,9600-NAXZN,0.8224938809337476,101.4,2433.6000000000004,2001.6211086403687,550.4863325921106
19,1723-HKXJQ,0.8184357880283162,101.75,2442.0,1998.620194365148,549.5860583095445
20,2968-SSGAA,0.8277696012118794,100.6,2414.3999999999996,1998.5669251659613,549.5700775497884
21,4078-SAYYN,0.8251529583422045,100.75,2418.0,1995.2198532714503,548.5659559814351
22,6688-UZPWD,0.8148331864971695,102.0,2448.0,1994.711640545071,548.4134921635213
23,0781-LKXBR,0.8224078649635114,100.5,2412.0,1983.6477702919894,545.0943310875969
24,6023-YEBUP,0.8180301854316511,100.95,2422.8,1981.9235332638043,544.5770599791413
25,0897-FEGMU,0.8290189820089713,99.5,2388.0,1979.6973290374235,543.9091987112271
26,6861-XWTWQ,0.8289441491520059,99.25,2382.0,1974.544963280078,542.3634889840234
27,0107-YHINA,0.8247291665247406,99.75,2394.0,1974.401624660229,542.3204873980686
28,4587-VVTOX,0.7809158291334795,105.3,2527.2,1973.5304833861292,542.0591450158387
29,9305-CDSKC,0.8238772220900359,99.65,2391.6000000000004,1970.38476435053,541.115429305159
30,9681-OXGVC,0.8160167861385844,100.5,2412.0,1968.2324881662655,540.4697464498796
31,3178-FESZO,0.8178861838722071,100.25,2406.0,1967.8341583965303,540.350247518959
32,2656-TABEH,0.8182289143377105,100.2,2404.8,1967.6768931993263,540.3030679597979
33,2012-NWRPA,0.8234684155996046,99.55,2389.2,1967.4307385505751,540.2292215651726
34,0115-TFERT,0.735341362959641,111.2,2668.8,1962.47902946669,538.743708840007
35,5293-WXJAK,0.7855965654633769,104.05,2497.2,1961.7917432751447,538.5375229825434
36,5519-YLDGW,0.7839035705447893,103.9,2493.6000000000004,1954.7419435104869,536.422583053146
37,3902-FOIGH,0.8036180257634757,101.35,2432.3999999999996,1954.7204858670782,536.4161457601234
38,8118-LSUEL,0.763834754005881,106.4,2553.6000000000004,1950.528427829418,535.1585283488254
39,7216-EWTRS,0.8062454280157919,100.8,2419.2,1950.4689394558036,535.140681836741
40,7234-FECYN,0.8007899682163659,101.35,2432.3999999999996,1947.8415186894883,534.3524556068464
41,3811-VBYBZ,0.8131902512394686,99.8,2395.2,1947.7532897687752,534.3259869306326
42,6646-VRFOL,0.7812937288077889,103.85,2492.3999999999996,1947.2964896805329,534.1889469041598
43,7450-NWRTR,0.8135637752636233,99.45,2386.8,1941.8140187992162,532.5442056397649
44,7181-BQYBV,0.7891107666093167,102.45,2458.8,1940.2655529389879,532.0796658816963
45,7142-HVGBG,0.7836994682774442,103.0,2472.0,1937.305085581842,531.1915256745525
46,9601-BRXPO,0.7673108005598461,104.95,2518.8,1932.7024444501405,529.8107333350422
47,8651-ENBZX,0.7595146491976933,106.0,2544.0,1932.2052675589318,529.6615802676795
48,0201-OAMXR,0.695754143653015,115.55,2773.2,1929.465391178541,528.8396173535623
49,1875-QIVME,0.7695526309962932,104.4,2505.6000000000004,1928.1910722243126,528.4573216672937
50,7599-FKVXZ,0.7562577633707146,106.15,2547.6000000000004,1926.6422779632328,527.9926833889698
51,1571-SAVHK,0.8031417220727747,99.95,2398.8,1926.576362908172,527.9729088724516
52,0655-RBDUG,0.8173860093254579,98.05,2353.2,1923.4727571446674,527.0418271434002
53,4423-YLHDV,0.7667959386544891,104.4,2505.6000000000004,1921.2839038926882,526.3851711678064
54,6543-XRMYR,0.8028599946306001,99.7,2392.8,1921.0833951521001,526.32501854563
55,4021-RQSNY,0.8113842995238665,98.5,2364.0,1918.1124840744203,525.433745222326
56,8168-UQWWF,0.816738170763417,97.85,2348.3999999999996,1918.0279202208083,525.4083760662425
57,8199-ZLLSA,0.6751912127392348,118.35,2840.3999999999996,1917.813120664522,525.3439361993566
58,2612-RANWT,0.7976450262740234,100.15,2403.6000000000004,1917.219585152243,525.1658755456729
59,1455-UGQVH,0.8103134309258676,98.5,2364.0,1915.580950708751,524.6742852126253
60,9851-KIELU,0.7241106890756462,110.1,2642.3999999999996,1913.3900848134874,524.0170254440462
61,0093-XWZFY,0.7624051782815336,104.5,2508.0,1912.1121871300863,523.6336561390259
62,3663-MITLP,0.7863786726435013,101.25,2430.0,1910.900174523708,523.2700523571124
63,9057-SIHCH,0.8234787590949327,96.6,2318.3999999999996,1909.1531550856917,522.7459465257075
64,9172-ANCRX,0.8058137136074139,98.7,2368.8,1908.8115247932424,522.6434574379726
65,6402-ZFPPI,0.773226844777082,102.8,2467.2,1907.7052714340166,522.3115814302049
66,3158-MOERK,0.8277758031665998,96.0,2304.0,1907.195450495846,522.1586351487538
67,4484-GLZOU,0.756404742003695,105.05,2521.2,1907.0476355397157,522.1142906619147
68,6777-TGHTM,0.7427619013758725,106.95,2566.8,1906.5212484515896,521.9563745354768
69,7279-BUYWN,0.7016715700747952,113.2,2716.8,1906.3013215792037,521.890396473761
70,3621-CEOVK,0.7912145152547283,100.2,2404.8,1902.7126662845708,520.8137998853712
71,2454-RPBRZ,0.8081355230808477,98.1,2354.3999999999996,1902.6742755415476,520.8022826624642
72,8625-AZYZY,0.7573663522844918,104.65,2511.6000000000004,1902.2013303977299,520.660399119319
73,0295-PPHDO,0.830262712221647,95.45,2290.8,1901.9658211573492,520.5897463472047
74,7089-IVVAZ,0.766539946958493,103.35,2480.3999999999996,1901.325684435846,520.3977053307538
75,1444-VVSGW,0.6841615052040729,115.65,2775.6000000000004,1898.958673844425,519.6876021533275
76,7851-WZEKY,0.8315569581865372,95.15,2283.6000000000004,1898.9434697147767,519.683040914433
77,0880-TKATG,0.7808114166432873,101.15,2427.6000000000004,1895.4977950432447,518.6493385129734
78,0280-XJGEX,0.7615811862196022,103.7,2488.8,1895.4232562633463,518.6269768790039
79,6108-OQZDQ,0.8045651722496686,97.95,2350.8,1891.371806924521,517.4115420773563
80,5419-CONWX,0.789321625449664,99.8,2395.2,1890.583157277035,517.1749471831105
81,8510-AWCXC,0.780606515603985,100.8,2419.2,1888.4432825491604,516.5329847647481
82,5299-RULOA,0.7840595203756522,100.25,2406.0,1886.4472060238193,515.9341618071458
83,6661-HBGWL,0.74923001796285,104.75,2514.0,1883.564265158605,515.0692795475815
84,9801-GDWGV,0.7579301983612492,103.45,2482.8,1881.7890964913097,514.5367289473929
85,0871-URUWO,0.7667550522205336,102.25,2454.0,1881.6168981491896,514.4850694447568
86,6179-GJPSO,0.7248205858931084,108.15,2595.6000000000004,1881.3443127441524,514.4032938232457
87,0302-JOIVN,0.7748432970275967,101.15,2427.6000000000004,1881.009587864194,514.3028763592581
88,5565-FILXA,0.8150257598360913,96.15,2307.6000000000004,1880.7534433977646,514.2260330193294
89,4009-ALQFH,0.7873022255720329,99.5,2388.0,1880.0777146660146,514.0233143998043
90,9300-AGZNL,0.8328054368370422,94.0,2256.0,1878.8090655043673,513.6427196513101
91,7548-SEPYI,0.8127223833171419,96.25,2310.0,1877.3887054625977,513.2166116387793
92,0337-CNPZE,0.7352448655365705,106.3,2551.2,1875.7567009568986,512.7270102870696
93,3331-HQDTW,0.7114067502991542,109.8,2635.2,1874.6990683883312,512.4097205164993
94,9223-UCPVT,0.8274374986339538,94.4,2265.6000000000004,1874.642396905086,512.3927190715258
95,0754-UKWQP,0.8143321907120272,95.85,2300.3999999999996,1873.2897715139472,511.9869314541842
96,3440-JPSCL,0.7803251312620703,99.95,2398.8,1871.8439248714542,511.55317746143623
97,2720-WGKHP,0.829015792024955,94.0,2256.0,1870.2596268082984,511.07788804248946
98,5130-IEKQT,0.7353641918390756,105.95,2542.8,1869.8840670084016,510.96522010252045
99,9497-QCMMS,0.8328054368370422,93.55,2245.2,1869.8147667865271,510.94443003595813
100,2025-JKFWI,0.7867253110443503,99.0,2376.0,1869.2593390413763,510.77780171241284
101,3387-VATUS,0.8210107805686112,94.85,2276.3999999999996,1868.9489408863863,510.68468226591585
102,8357-EQXFO,0.8157454649140531,95.35,2288.3999999999996,1866.7519219093188,510.02557657279556
103,7526-BEZQB,0.8093105498817756,96.05,2305.2,1865.622679587469,509.6868038762407
104,2446-BEGGB,0.791090674067757,98.25,2358.0,1865.391809451771,509.61754283553125
105,4424-TKOPW,0.8277254825892408,93.85,2252.3999999999996,1864.3688769840057,509.3106630952017
106,4910-GMJOT,0.8208673873986181,94.6,2270.3999999999996,1863.6973163498221,509.10919490494666
107,1866-RZZQS,0.7889886983247628,98.4,2361.6000000000004,1863.2757099637602,508.982712989128
108,2265-CYWIV,0.7794422955262614,99.6,2390.3999999999996,1863.178863225975,508.9536589677924
109,4361-BKAXE,0.6777960008355742,114.5,2748.0,1862.583410296158,508.77502308884743
110,2357-COQEK,0.7511722544081554,103.3,2479.2,1862.3062531286987,508.69187593860954
111,1075-BGWOH,0.7856014650018841,98.75,2370.0,1861.8754720544653,508.56264161633953
112,0564-JJHGS,0.8108218422320501,95.5,2292.0,1858.4036623958589,507.5210987187577
113,4289-DTDKW,0.7637098446953935,101.3,2431.2,1856.7313744234405,507.0194123270321
114,5923-GXUOC,0.7408928033474618,104.4,2505.6000000000004,1856.3810080674004,506.9143024202201
115,3957-LXOLK,0.7286140722180064,106.15,2547.6000000000004,1856.2172103825935,506.86516311477806
116,8098-LLAZX,0.8102353265813012,95.45,2290.8,1856.087086132445,506.82612583973344
117,9734-YWGEX,0.7866764516202054,98.3,2359.2,1855.9270846623883,506.7781253987165
118,3585-ISXZP,0.8083716236824262,95.65,2295.6000000000004,1855.6978993253779,506.70936979761336
119,0576-WNXXC,0.808307802245754,95.55,2293.2,1853.611452109963,506.0834356329889
120,8149-RSOUN,0.8223019458688879,93.85,2252.3999999999996,1852.1529028750829,505.6458708625248
121,7028-DVOIQ,0.7787976082199574,99.05,2377.2,1851.3576742604826,505.4073022781447
122,3685-YLCMQ,0.7370380782249054,104.65,2511.6000000000004,1851.1448372696727,505.34345118090175
123,7641-EUYET,0.7659390947708646,100.7,2416.8,1851.1216042422259,505.3364812726677
124,7056-IMHCC,0.7564405973156137,101.9,2445.6000000000004,1849.9511247950652,504.98533743851954
125,2180-DXNEG,0.8026330995651498,96.0,2304.0,1849.2666613981053,504.77999841943154
126,3006-XIMLN,0.8169353855771335,94.2,2260.8,1846.9275197127836,504.07825591383505
127,7024-OHCCK,0.8199617403348721,93.85,2252.3999999999996,1846.8818239302657,504.0645471790797
128,1450-GALXR,0.7808974812759888,98.5,2364.0,1846.0416457364374,503.81249372093123
129,4626-GYCZP,0.8193165943344459,93.85,2252.3999999999996,1845.4286970789058,503.6286091236717
130,4315-MURBD,0.7773663879664193,98.9,2373.6000000000004,1845.1568584770932,503.54705754312795
131,5590-BYNII,0.7626530542136175,100.75,2418.0,1844.0950850885272,503.2285255265581
132,6521-YYTYI,0.8235467822160126,93.3,2239.2,1844.0859547380953,503.22578642142855
133,9025-AOMKI,0.8211179337186654,93.55,2245.2,1843.5739847851473,503.07219543554413
134,3473-XIIIT,0.7672240516228616,100.0,2400.0,1841.3377238948678,502.4013171684603
135,5178-LMXOP,0.8060959319048134,95.1,2282.3999999999996,1839.833354979546,501.9500064938637
136,5349-IECLD,0.8072112761247574,94.95,2278.8,1839.4730560330972,501.8419168099291
137,2034-CGRHZ,0.7440567817290387,102.95,2470.8,1838.4154962961088,501.52464888883264
138,7029-RPUAV,0.7622336684636236,100.45,2410.8,1837.592927932104,501.27787837963115
139,1771-OADNZ,0.7982748983830501,95.9,2301.6000000000004,1837.3095061184283,501.1928518355285
140,8276-MQBYC,0.7821654616555265,97.8,2347.2,1835.8987715978517,500.76963147935544
141,7943-RQCHR,0.8069651748821982,94.75,2274.0,1835.0388076821187,500.51164230463553
142,4598-XLKNJ,0.7758819112828744,98.5,2364.0,1834.184838272715,500.2554514818145
143,6599-RCLCJ,0.6971602903151648,109.55,2629.2,1832.9738352966313,499.89215058898935
144,3393-FMZPV,0.7617557283788565,100.25,2406.0,1832.7842824795289,499.83528474385867
145,4958-XCBDQ,0.753018839868241,101.4,2433.6000000000004,1832.5466487033516,499.7639946110055
146,5519-NPHVG,0.8101802561671949,94.2,2260.8,1831.6555231427944,499.4966569428383
147,6664-FPDAC,0.681369005327459,111.95,2686.8,1830.702243513817,499.2106730541451
148,3049-SOLAY,0.8010962655991797,95.2,2284.8,1830.3447476410058,499.1034242923017
149,9253-QXKBE,0.8072099374107337,94.45,2266.8,1829.7834861226513,498.9350458367953
150,5236-PERKL,0.674631325332044,112.95,2710.8,1828.7905967101049,498.6371790130314
151,4192-GORJT,0.8066905094965785,94.45,2266.8,1828.6060469268443,498.5818140780533
152,5698-BQJOH,0.8068660763101476,94.4,2265.6000000000004,1828.0357824882708,498.41073474648124
153,8161-QYMTT,0.8091276697485282,94.1,2258.3999999999996,1827.333929360076,498.20017880802277
154,1374-DMZUI,0.8071186931938378,94.3,2263.2,1826.6710264362935,498.00130793088806
155,8245-UMPYT,0.7889672115282667,96.4,2313.6000000000004,1825.354540591798,497.6063621775394
156,9094-AZPHK,0.7591672316482866,100.15,2403.6000000000004,1824.734357989822,497.42030739694655
157,2982-VPSGI,0.8084975983940208,94.0,2256.0,1823.970581976911,497.19117459307324
158,3217-FZDMN,0.8046414974922712,94.45,2266.8,1823.9613465154805,497.1884039546442
159,4817-VYYWS,0.7582767016284464,100.2,2404.8,1823.503812076088,497.05114362282643
160,4391-RESHN,0.7301528442723593,104.05,2497.2,1823.3376827169354,497.00130481508063
161,7881-INRLC,0.7532993733359195,100.85,2420.3999999999996,1823.2858032222591,496.98574096667767
162,6029-WTIPC,0.751434579769299,101.1,2426.3999999999996,1823.2808643522267,496.98425930566793
163,5244-IRFIH,0.8038936085858058,94.5,2268.0,1823.2307042726077,496.96921128178224
164,9158-VCTQB,0.6687051735818944,113.6,2726.3999999999996,1823.1577852536766,496.947335576103
165,3643-AHCFP,0.7932372309466384,95.6,2294.3999999999996,1820.0035026839669,496.00105080519006
166,2889-FPWRM,0.6434711286786908,117.8,2827.2,1819.2215750003945,495.7664725001183
167,0011-IGKFF,0.7726561507615692,98.0,2352.0,1817.287266591211,495.1861799773633
168,5883-GTGVD,0.7574400851607596,99.95,2398.8,1816.9472762836301,495.08418288508904
169,4236-XPXAV,0.7630731087990344,99.15,2379.6000000000004,1815.8087696981827,494.74263090945476
170,0895-DQHEW,0.725357452878766,104.3,2503.2,1815.7147760461269,494.714432813838
171,7783-YKGDV,0.7586064587499258,99.7,2392.8,1815.1935344968226,494.55806034904674
172,6394-MFYNG,0.704003041247929,107.4,2577.6000000000004,1814.638239120662,494.3914717361986
173,7780-OTDSO,0.7604883473009911,99.4,2385.6000000000004,1814.2210013212448,494.26630039637337
174,9661-ACXBS,0.7184352983076272,105.2,2524.8,1813.9054411670973,494.17163235012913
175,2645-QTLMB,0.800704511435853,94.25,2262.0,1811.1936048678995,493.3580814603698
176,9647-ERGBE,0.7536425414145592,100.05,2401.2,1809.6464704446394,492.89394113339176
177,4735-ASGMA,0.7653601405344835,98.35,2360.3999999999996,1806.5560757175947,491.96682271527834
178,7079-QRCBC,0.7620319058461014,98.75,2370.0,1806.0156168552603,491.804685056578
179,0877-SDMBN,0.7236979116675561,103.95,2494.8,1805.4815500282193,491.6444650084658
180,6771-XWBDM,0.7190801802852537,104.5,2508.0,1803.4530921554162,491.0359276466248
181,6892-XPFPU,0.7188429102033524,104.25,2502.0,1798.5449613287878,489.5634883986363
182,0939-YAPAF,0.7473946656384499,100.25,2406.0,1798.2315655261104,489.4694696578331
183,4566-GOLUK,0.6977722696894443,107.35,2576.3999999999996,1797.740475627884,489.32214268836515
184,4658-HCOHW,0.7280932679562353,102.8,2467.2,1796.3517107016237,488.90551321048713
185,2302-ANTDP,0.6365846710667002,117.45,2818.8,1794.4048708028147,488.3214612408444
186,6821-BUXUX,0.7734636861315561,96.65,2319.6000000000004,1794.126366350758,488.2379099052274
187,4060-LDNLU,0.7759157332487743,96.2,2308.8,1791.4342449247702,487.430273477431
188,9412-GHEEC,0.712159435517204,104.8,2515.2,1791.2234122128712,487.36702366386135
189,1984-FCOWB,0.6813391925412096,109.5,2628.0,1790.5593979982987,487.16781939948953
190,7274-RTAPZ,0.8237723933572425,90.55,2173.2,1790.2221652439594,487.06664957318776
191,1254-IZEYF,0.7451818360405238,99.95,2398.8,1787.5421882940086,486.26265648820254
192,5167-ZFFMM,0.8196901906163554,90.85,2180.3999999999996,1787.252491619901,486.1757474859703
193,7055-VKGDA,0.7058042129531149,105.4,2529.6000000000004,1785.4023370861996,485.6207011258599
194,9809-IMGCQ,0.7692961630604662,96.7,2320.8,1785.3825352307301,485.614760569219
195,3838-OZURD,0.7084659209503255,105.0,2520.0,1785.3341207948201,485.600236238446
196,2660-EMUBI,0.7795314675123238,95.35,2288.3999999999996,1783.8798102552016,485.1639430765605
197,8267-ZNYVZ,0.7160527947136858,103.75,2490.0,1782.9714588370775,484.8914376511233
198,5569-OUICF,0.7332041430084615,101.3,2431.2,1782.5659124821714,484.7697737446514
199,3319-DWOEP,0.775246315683811,95.75,2298.0,1781.5160334413977,484.45481003241923
200,3318-OSATS,0.7776487386626542,95.45,2290.8,1781.4377305284083,484.43131915852246
201,5449-FIBXJ,0.718275627906619,103.3,2479.2,1780.7489367060898,484.2246810118269
202,5797-APWZC,0.8189056902140397,90.6,2174.3999999999996,1780.6285328014076,484.1885598404223
203,7294-TMAOP,0.8189056902140397,90.55,2173.2,1779.645845973151,483.8937537919453
204,3886-CERTZ,0.6778353995757668,109.25,2622.0,1777.2844176876604,483.18532530629807
205,0094-OIFMO,0.7792185068576158,95.0,2280.0,1776.6181956353641,482.9854586906092
206,9330-IJWIO,0.7375687747546718,100.35,2408.3999999999996,1776.360637119151,482.90819113574526
207,6393-WRYZE,0.7575309758999135,97.65,2343.6000000000004,1775.3495951190375,482.60487853571124
208,5380-AFSSK,0.7874612175543014,93.9,2253.6000000000004,1774.622599880374,482.3867799641122
209,1010-DIAUQ,0.7659793092196541,96.5,2316.0,1774.0080801527188,482.20242404581563
210,6683-VLCTZ,0.7479493381854486,98.55,2365.2,1769.049774676223,480.7149324028669
211,8443-WVPSS,0.7379308037966441,99.85,2396.3999999999996,1768.3773782182777,480.5132134654833
212,3988-RQIXO,0.807018621099792,91.3,2191.2,1768.3392025538642,480.50176076615924
213,3934-HXCFZ,0.7422481702967956,99.25,2382.0,1768.035141646967,480.4105424940901
214,2403-BCASL,0.6578408627264013,111.95,2686.8,1767.486829973295,480.24604899198846
215,0402-CQAJN,0.7225300444332062,101.9,2445.6000000000004,1767.0194766658494,480.1058429997548
216,2568-OIADY,0.7395553959678727,99.5,2388.0,1766.0582855712798,479.8174856713839
217,8397-MVTAZ,0.7351822357364636,100.05,2401.2,1765.3195844503962,479.5958753351189
218,3870-MQAMG,0.6665032165922691,110.35,2648.3999999999996,1765.1671188229652,479.55013564688954
219,0886-QGENL,0.726163384982525,101.25,2430.0,1764.5770255075356,479.3731076522606
220,9710-ZUSHQ,0.6887255067958523,106.75,2562.0,1764.5147484109737,479.3544245232921
221,4228-ZGYUW,0.815512867347749,90.05,2161.2,1762.4864089119549,478.7459226735864
222,2249-YPRNG,0.6932703947001133,105.85,2540.3999999999996,1761.1841106961676,478.3552332088502
223,3804-RVTGV,0.706386863056679,103.85,2492.3999999999996,1760.5986174824664,478.1795852447399
224,0702-PGIBZ,0.7212702796982213,101.7,2440.8,1760.4764986874188,478.14294960622567
225,3874-EQOEP,0.7717520964255601,95.0,2280.0,1759.594779850277,477.8784339550831
226,4250-ZBWLV,0.6759968597610031,108.45,2602.8,1759.484626585939,477.8453879757817
227,5959-BELXA,0.7623712799858102,96.15,2307.6000000000004,1759.247965695256,477.7743897085768
228,6326-MTTXK,0.7256427326139295,100.85,2420.3999999999996,1756.3456700187548,476.90370100562643
229,6328-ZPBGN,0.7686957046321761,95.15,2283.6000000000004,1755.3935110980376,476.6180533294113
230,0207-MDKNV,0.6958954091279083,105.1,2522.3999999999996,1755.3265799842357,476.59797399527065
231,2506-CLAKW,0.7446350840251647,98.15,2355.6000000000004,1754.062403929678,476.21872117890337
232,4077-CROMM,0.7012718953134575,104.2,2500.8,1753.7407557998945,476.12222673996837
233,2672-HUYVI,0.8020852351197562,91.1,2186.3999999999996,1753.6791580658346,476.10374741975033
234,1658-BYGOY,0.7648287758990854,95.45,2290.8,1752.069759829625,475.62092794888747
235,9692-TUSXH,0.7596629376395214,96.05,2305.2,1751.1750038466246,475.3525011539873
236,8327-LZKAS,0.678431315334412,107.55,2581.2,1751.1669111411843,475.35007334235524
237,4695-WJZUE,0.8234806878742356,88.55,2125.2,1750.0611578703254,475.01834736109754
238,5567-WSELE,0.7704425767242924,94.6,2270.3999999999996,1749.2128261948333,474.76384785844994
239,7330-WZLNC,0.8025743670335592,90.8,2179.2,1748.9700606395322,474.6910181918596
240,1597-LHYNC,0.7667535712713001,95.0,2280.0,1748.198142498564,474.45944274956923
241,8290-YWKHZ,0.7807494124793745,93.2,2236.8,1746.380285833865,473.9140857501594
242,0684-AOSIH,0.7656683357112011,95.0,2280.0,1745.7238054215384,473.7171416264615
243,1567-DSCIC,0.7734139011767611,94.0,2256.0,1744.821761054773,473.4465283164319
244,5099-BAILX,0.6557435825881001,110.75,2658.0,1742.96644251917,472.8899327557509
245,8634-MPHTR,0.7258388768002201,100.05,2401.2,1742.8843109726884,472.86529329180644
246,9101-BWFSS,0.668637610369016,108.55,2605.2,1741.9347025333605,472.58041076000814
247,2886-KEFUM,0.6748100471921263,107.5,2580.0,1741.009921755686,472.30297652670583
248,6210-KBBPI,0.7287556439854764,99.45,2386.8,1739.3939710645352,471.8181913193605
249,5536-RTPWK,0.7312552635846099,99.05,2377.2,1738.3400125933344,471.50200377800036
250,1273-MTETI,0.8150157161656789,88.85,2132.3999999999996,1737.9395131516935,471.38185394550806
251,3757-NJYBX,0.6803756214852275,106.35,2552.3999999999996,1736.5907362788944,470.97722088366834
252,0979-PHULV,0.7273907144441489,99.45,2386.8,1736.1361572352948,470.8408471705884
253,1587-FKLZB,0.7269276969219158,99.5,2388.0,1735.903340249535,470.77100207486046
254,3336-JORSO,0.6545881775145128,110.45,2650.8,1735.1823409554706,470.55470228664115
255,9944-HKVVB,0.7602209037417433,95.1,2282.3999999999996,1735.1281907001546,470.5384572100463
256,7209-JCUDS,0.7616985665839817,94.9,2277.6000000000004,1734.844655251677,470.4533965755031
257,7295-JOMMD,0.7359003143270625,98.1,2354.3999999999996,1732.6037000516355,469.78111001549064
258,8429-XIBUM,0.7121944076297364,101.35,2432.3999999999996,1732.3416771185705,469.7025031355711
259,1731-TVIUK,0.7718886304630006,93.5,2244.0,1732.1180867589733,469.635426027692
260,1624-NALOJ,0.8035291447789945,89.8,2155.2,1731.7660128276889,469.52980384830664
261,3424-NMNBO,0.6628639277538241,108.85,2612.3999999999996,1731.6657248640897,469.4997174592269
262,3722-WPXTK,0.8163786532989153,88.35,2120.3999999999996,1731.0492964550199,469.3147889365059
263,4659-NZRUF,0.7579380175406337,95.15,2283.6000000000004,1730.8272568557913,469.2481770567374
264,2034-GDRCN,0.7977226466588234,90.4,2169.6000000000004,1730.7390541909836,469.22171625729504
265,8374-XGEJJ,0.7134911011074113,101.0,2424.0,1729.502429084365,468.8507287253095
266,4902-OHLSK,0.7302507155452405,98.65,2367.6000000000004,1728.9415941249115,468.68247823747345
267,7480-QNVZJ,0.75267463521966,95.7,2296.8,1728.7431021725154,468.6229306517546
268,0952-KMEEH,0.7336144430405822,98.15,2355.6000000000004,1728.1021820263957,468.43065460791865
269,2719-BDAQO,0.7666243071597589,93.85,2252.3999999999996,1726.7445894466407,468.0233768339922
270,5385-SUIRI,0.6901435159520094,104.2,2500.8,1725.9109046927852,467.7732714078355
271,0023-XUOPT,0.7641594627599375,94.1,2258.3999999999996,1725.7777306970427,467.7333192091128
272,1626-ERCMM,0.7598702846842322,94.55,2269.2,1724.2976500054597,467.2892950016379
273,5095-AESKG,0.7851190317630914,91.5,2196.0,1724.1213937517487,467.23641812552455
274,3068-OMWZA,0.8083887264519423,88.8,2131.2,1722.8380538143792,466.8514161443137
275,3398-FSHON,0.7856582129066032,91.3,2191.2,1721.5342761209488,466.4602828362846
276,8922-LIEGH,0.797963850227849,89.7,2152.8,1717.8565767705134,465.356973031154
277,1415-YFWLT,0.8015128077582527,89.3,2143.2,1717.802249587487,465.3406748762461
278,7218-HKQFK,0.7592496412097229,94.2,2260.8,1716.5115888469418,464.95347665408246
279,3793-MMFUH,0.7520934468791637,95.05,2281.2,1715.675571020748,464.7026713062244
280,7207-RMRDB,0.6775859489202305,105.5,2532.0,1715.6476226660236,464.69428679980706
281,7067-KSAZT,0.6723596895291133,106.25,2550.0,1714.517208299239,464.3551624897717
282,7774-OJSXI,0.6903469851326558,103.45,2482.8,1713.993494687358,464.19804840620736
283,8019-ENHXU,0.7177553218993336,99.45,2386.8,1713.1384023093294,463.9415206927988
284,6474-FVJLC,0.8289348116470157,86.0,2064.0,1710.9214512394403,463.2764353718321
285,4929-XIHVW,0.7464746943146601,95.5,2292.0,1710.919999369201,463.27599981076025
286,9451-LPGOO,0.8211030147401879,86.8,2083.2,1710.5218003067591,463.15654009202774
287,1143-NMNQJ,0.8315164077387829,85.7,2056.8,1710.2629474371288,463.07888423113866
288,5649-ANRML,0.7490998190657903,95.1,2282.3999999999996,1709.7454270357593,462.9236281107278
289,4145-UQXUQ,0.7731068077741845,92.1,2210.3999999999996,1708.8752879040571,462.6625863712171
290,5980-NOPLP,0.7407977516104103,96.1,2306.3999999999996,1708.57593431425,462.57278029427493
291,8063-RJYNF,0.7550780785727813,94.25,2262.0,1707.9866137316312,462.3959841194893
292,6305-YLBMM,0.6838518695108771,104.05,2497.2,1707.714888542562,462.31446656276853
293,7779-LGOVN,0.820725732978471,86.65,2079.6000000000004,1706.7812343020285,462.03437029060854
294,4612-THJBS,0.6787276468055694,104.75,2514.0,1706.3213040692015,461.8963912207604
295,6005-OBZPH,0.7973908230942156,89.15,2139.6000000000004,1706.097405092384,461.82922152771516
296,5089-IFSDP,0.6492150469274302,109.45,2626.8,1705.3580852689736,461.60742558069205
297,9053-JZFKV,0.6108667380448632,116.2,2788.8,1703.5851590595148,461.0755477178544
298,8603-IJWDN,0.8189109070806705,86.6,2078.3999999999996,1702.0244292764653,460.6073287829396
299,1228-FZFRV,0.6692564409536599,105.95,2542.8,1701.7852780569665,460.5355834170899
300,0406-BPDVR,0.6979146109105792,101.5,2436.0,1700.1199921781708,460.0359976534512
301,5747-PMBSQ,0.7658166355824956,92.5,2220.0,1700.1129309931403,460.03387929794206
302,9846-GKXAS,0.7800102908314811,90.8,2179.2,1699.7984257799635,459.93952773398905
303,7124-UGSUR,0.6780508265804736,104.4,2505.6000000000004,1698.9241510800348,459.6772453240104
304,2408-TZMJL,0.6423095169028806,110.15,2643.6000000000004,1698.0094388844554,459.40283166533663
305,7270-BDIOA,0.7855935332381498,90.0,2160.0,1696.8820317944037,459.06460953832106
306,6101-IMRMM,0.7478746476116218,94.5,2268.0,1696.1797007831583,458.8539102349475
307,0236-HFWSV,0.7570107377830586,93.35,2240.3999999999996,1696.0068569291643,458.80205707874927
308,5229-PRWKT,0.8163600014011994,86.55,2077.2,1695.742994910571,458.7228984731713
309,4433-JCGCG,0.6993436830064916,101.0,2424.0,1695.2090876077357,458.5627262823207
310,3565-UNOCC,0.7131097014977346,99.05,2377.2,1695.2043824004145,458.5613147201243
311,7938-OUHIO,0.7145954648910122,98.7,2368.8,1692.73373723383,457.820121170149
312,9651-GTSAQ,0.6645234279127656,106.1,2546.3999999999996,1692.1424568370662,457.64273705111987
313,2344-JMOGN,0.7421986028650462,94.85,2276.3999999999996,1689.540899561991,456.86226986859725
314,1069-XAIEM,0.8275304683623286,85.05,2041.1999999999998,1689.155192021185,456.7465576063555
315,5136-KCKGI,0.6783365152913412,103.7,2488.8,1688.24391925709,456.473175777127
316,0697-ZMSWS,0.8209366829213854,85.65,2055.6000000000004,1687.5174454132002,456.25523362396007
317,5655-JSMZM,0.7303165844662585,96.2,2308.8,1686.1549302156977,455.8464790647093
318,0325-XBFAC,0.7418020586305705,94.7,2272.8,1685.9677188555606,455.79031565666816
319,9190-MFJLN,0.7321880263751288,95.9,2301.6000000000004,1685.2039615049966,455.561188451499
320,5609-CEBID,0.7461604331587315,94.1,2258.3999999999996,1685.128722245679,455.5386166737037
321,4385-GZQXV,0.7433493259103278,94.45,2266.8,1685.0242519735311,455.50727559205933
322,7394-FKDNK,0.7846765765823618,89.45,2146.8,1684.5436746070145,455.36310238210433
323,2990-HWIML,0.7842108444198566,89.5,2148.0,1684.4848938138518,455.3454681441555
324,5597-GLBUC,0.8210829290994568,85.45,2050.8,1683.8768709971662,455.16306129914983
325,0345-HKJVM,0.7854575596057133,89.3,2143.2,1683.3926417469645,455.0177925240893
326,3571-RFHAR,0.6416520623635039,109.15,2619.6000000000004,1680.8717425674351,454.2615227702305
327,4750-ZRXIU,0.8275789572319281,84.6,2030.3999999999999,1680.3163147637067,454.094894429112
328,0748-RDGGM,0.6392693777004631,109.5,2628.0,1679.999924596817,453.99997737904505
329,4844-JJWUY,0.8139398457508916,86.0,2064.0,1679.9718416298404,453.9915524889521
330,4826-XTSOH,0.8132744118610663,86.05,2065.2,1679.574315375474,453.8722946126422
331,2685-SREOM,0.7848973006847298,89.1,2138.3999999999996,1678.424387784226,453.52731633526776
332,9436-ZBZCT,0.777429924482967,89.95,2158.8,1678.3157209738292,453.4947162921487
333,2382-BCKQJ,0.6980833879927747,100.15,2403.6000000000004,1677.9132313794335,453.37396941383
334,2474-BRUCM,0.6863506303950531,101.85,2444.3999999999996,1677.7154809376675,453.3146442813002
335,0125-LZQXK,0.6892281484984013,101.35,2432.3999999999996,1676.478548407511,452.94356452225327
336,9172-JITSM,0.7691201328164342,90.8,2179.2,1676.0665934335732,452.8199780300719
337,9415-DPEWS,0.7904421106675349,88.35,2120.3999999999996,1676.0534514594408,452.8160354378322
338,2362-IBOOY,0.8238400569336475,84.75,2034.0,1675.690675803039,452.7072027409117
339,9090-SGQXL,0.663030683710213,105.3,2527.2,1675.6111438724502,452.683343161735
340,8058-JMEQO,0.8263934985708641,84.45,2026.8000000000002,1674.9343429034275,452.48030287102824
341,1113-IUJYX,0.6583394828735563,105.95,2542.8,1674.025637050879,452.20769111526363
342,7156-MHUGY,0.7702470060305686,90.5,2172.0,1672.976497098395,451.89294912951846
343,0727-BMPLR,0.697019418721464,100.0,2400.0,1672.8466049315136,451.8539814794541
344,6230-BSUXY,0.8197563088622803,85.0,2040.0,1672.302870079052,451.69086102371557
345,1455-ESIQH,0.7818972316357672,89.1,2138.3999999999996,1672.0090401299242,451.60271203897724
346,0376-YMCJC,0.768809457298009,90.6,2174.3999999999996,1671.6992839487905,451.5097851846371
347,1666-JXLKU,0.6960298841188826,100.05,2401.2,1671.3069577462607,451.3920873238782
348,2979-SXESE,0.7376011261009203,94.4,2265.6000000000004,1671.1091112942454,451.3327333882736
349,6907-NZZIJ,0.701974038715363,99.15,2379.6000000000004,1670.417422527078,451.1252267581234
350,1264-BYWMS,0.7187976917945461,96.8,2323.2,1669.9107975770894,450.9732392731268
351,9961-JBNMK,0.7187498534143525,96.8,2323.2,1669.7996594522235,450.939897835667
352,4112-LUEIZ,0.7771200223845606,89.5,2148.0,1669.2538080820361,450.77614242461084
353,9360-AHGNL,0.6344673871860719,109.55,2629.2,1668.14165438962,450.442496316886
354,9725-SCPZG,0.7648641219710901,90.85,2180.3999999999996,1667.7097315457645,450.3129194637293
355,4952-YSOGZ,0.8084344066300441,85.95,2062.8,1667.638493996455,450.2915481989365
356,4088-YLDSU,0.6669190613246858,104.15,2499.6000000000004,1667.030885687185,450.1092657061555
357,9282-IZGQK,0.8169946383450049,85.0,2040.0,1666.66906222381,450.00071866714296
358,8972-HJWNV,0.8209483433519973,84.55,2029.1999999999998,1665.8683783298727,449.7605134989618
359,3096-JRDSO,0.6653337817145173,104.3,2503.2,1665.4635223877797,449.63905671633387
360,6615-NGGZJ,0.6894583418440026,100.55,2413.2,1663.8008705379468,449.14026116138405
361,0235-KGSLC,0.8102873260698154,85.55,2053.2,1663.6819378865448,449.10458136596344
362,1925-TIBLE,0.801073114669733,86.5,2076.0,1663.0277860543656,448.90833581630966
363,1323-OOEPC,0.7041936863271563,98.4,2361.6000000000004,1663.0238096302126,448.9071428890637
364,6467-CHFZW,0.6973894328681778,99.35,2384.3999999999996,1662.8553637308828,448.8566091192648
365,4951-UKAAQ,0.7788236980954689,88.95,2134.8,1662.632830694207,448.7898492082621
366,9763-PDTKK,0.7338380642145055,94.4,2265.6000000000004,1662.583518284384,448.77505548531514
367,6877-TJMBR,0.8168190550765617,84.8,2035.1999999999998,1662.3901408918182,448.7170422675454
368,2754-VDLTR,0.7272593826414878,95.2,2284.8,1661.6422374592714,448.4926712377814
369,2659-VXMWZ,0.6215019087052769,111.3,2671.2,1660.1558985335355,448.0467695600606
370,8593-WHYHV,0.810238855285123,85.3,2047.1999999999998,1658.7209845397035,447.61629536191106
371,5364-XYIRR,0.7301204798704886,94.65,2271.6000000000004,1658.5416820738021,447.56250462214064
372,2865-TCHJW,0.7746189366326032,89.2,2140.8,1658.3042195430771,447.4912658629231
373,2462-XIIJB,0.746358691949204,92.5,2220.0,1656.916296127233,447.07488883816984
374,2545-EBUPK,0.8212452306134427,84.05,2017.1999999999998,1656.6158791934365,446.9847637580309
375,8999-BOHSE,0.7694900805284242,89.7,2152.8,1656.5582453615916,446.96747360847746
376,5013-SBUIH,0.629406177516652,109.65,2631.6000000000004,1656.3452967528215,446.90358902584643
377,5383-MMTWC,0.8211761592498037,84.0,2016.0,1655.4911370476043,446.6473411142813
378,0195-IESCP,0.8089725854729608,85.25,2046.0,1655.1579098776779,446.54737296330336
379,1195-OIYEJ,0.7569595014318157,91.1,2186.3999999999996,1655.0162539305215,446.50487617915644
380,2472-OVKUP,0.7576310149538175,91.0,2184.0,1654.6661366591372,446.39984099774114
381,0193-ESZXP,0.6530717026693141,105.5,2532.0,1653.5775511587035,446.073265347611
382,8739-WWKDU,0.7697665496909851,89.5,2148.0,1653.458548736236,446.0375646208708
383,3737-GCSPV,0.7159080484883655,96.2,2308.8,1652.8885023499386,445.86655070498153
384,5394-SVGJV,0.6970383323637841,98.8,2371.2,1652.8172937010047,445.84518811030136
385,4140-MUHUG,0.7925074393988598,86.85,2084.3999999999996,1651.9025066829831,445.5707520048949
386,5271-YNWVR,0.6082526450137877,113.15,2715.6000000000004,1651.7708827994422,445.53126483983266
387,1389-CXMLU,0.7555642267496008,91.05,2185.2,1651.0589482932276,445.3176844879682
388,3186-BAXNB,0.7502038945158207,91.7,2200.8,1651.0487310504184,445.31461931512547
389,7892-POOKP,0.656332867526264,104.8,2515.2,1650.808428402059,445.24252852061767
390,8761-NSOBC,0.6839394685417224,100.55,2413.2,1650.4827254848844,445.1448176454653
391,6845-RGTYS,0.6955795832519145,98.75,2370.0,1648.5236123070374,444.5570836921112
392,4548-SDBKE,0.8048071274900774,85.2,2044.8000000000002,1645.6696142917106,443.70088428751313
393,6804-GDMOI,0.6431295883761217,106.6,2558.3999999999996,1645.3827389014693,443.6148216704408
394,1502-XFCVR,0.6440071407479891,106.45,2554.8,1645.3094431829627,443.59283295488876
395,2359-QWQUL,0.654765336345263,104.7,2512.8,1645.294337168377,443.5883011505131
396,0196-VULGZ,0.8125193296303508,84.35,2024.3999999999999,1644.864130903682,443.4592392711046
397,4325-NFSKC,0.7562588698157449,90.6,2174.3999999999996,1644.4092865273553,443.32278595820657
398,3254-YRILK,0.7767057620444336,88.2,2116.8,1644.1307570956574,443.23922712869717
399,3097-NQYSN,0.7883975910570159,86.85,2084.3999999999996,1643.3359387992436,443.0007816397731
400,9606-PBKBQ,0.804783591386722,85.0,2040.0,1641.7585264289128,442.5275579286738
401,3058-HJCUY,0.6666305234879191,102.6,2462.3999999999996,1641.5110010366516,442.4533003109955
402,2202-CUYXZ,0.8059105694503254,84.85,2036.3999999999999,1641.1562836286425,442.3468850885927
403,7632-MNYOY,0.6164761929498496,110.9,2661.6000000000004,1640.8130351553198,442.2439105465959
404,4285-GYRQC,0.792220360256113,86.25,2070.0,1639.8961457301539,441.96884371904616
405,0219-YTZUE,0.8057539901470975,84.8,2035.1999999999998,1639.8705207473727,441.9611562242118
406,9134-CEQMF,0.763042782578901,89.5,2148.0,1639.0158969794793,441.70476909384377
407,5828-AVIPD,0.6763648557280562,100.95,2422.8,1638.6967724579347,441.6090317373804
408,4803-AXVYP,0.6855025745965834,99.55,2389.2,1637.802751226157,441.34082536784706
409,6857-VWJDT,0.7131965649015247,95.65,2295.6000000000004,1637.2140343879405,441.16421031638214
410,8621-MNIHH,0.723624910013042,94.25,2262.0,1636.8395464495009,441.05186393485025
411,3703-VAVCL,0.7577290689797073,90.0,2160.0,1636.6947889961677,441.0084366988503
412,5480-TBGPH,0.686597607096152,99.3,2383.2,1636.2994172315493,440.88982516946476
413,2004-OCQXK,0.8315569581865372,81.95,1966.8000000000002,1635.5062253612814,440.6518676083844
414,3001-UNBTL,0.6554917716754194,103.95,2494.8,1635.3208719758363,440.59626159275086
415,0680-DFNNY,0.6739301993290941,101.1,2426.3999999999996,1635.2242356521137,440.5672706956341
416,7479-NITWS,0.7625082399071355,89.35,2144.3999999999996,1635.122669656861,440.5368008970583
417,0596-BQCEQ,0.6796702127171497,100.15,2403.6000000000004,1633.6553232869412,440.0965969860823
418,6356-ELRKD,0.7115465306335929,95.6,2294.3999999999996,1632.5723598857153,439.77170796571454
419,8931-GJJIQ,0.8164674972450834,83.3,1999.1999999999998,1632.2818204923706,439.68454614771116
420,5981-ITEMU,0.7002926225649219,97.1,2330.3999999999996,1631.9619276252936,439.58857828758806
421,9061-TIHDA,0.7136286730857851,95.25,2286.0,1631.3551466741048,439.40654400223144
422,3106-ULWFW,0.7974537927038114,85.2,2044.8000000000002,1630.6335153207538,439.1900545962261
423,0320-JDNQG,0.6801926686005297,99.85,2396.3999999999996,1630.0137110343092,439.0041133102927
424,3192-NQECA,0.6172358823772084,110.0,2640.0,1629.5027294758302,438.85081884274905
425,0362-ZBZWJ,0.7995557766617074,84.9,2037.6000000000001,1629.1748505258952,438.7524551577685
426,9965-YOKZB,0.8092227574739589,83.85,2012.3999999999999,1628.4798771405947,438.54396314217837
427,5138-WVKYJ,0.6885002979312966,98.55,2365.2,1628.4409046671026,438.53227140013075
428,4913-EHYUI,0.648714438012634,104.55,2509.2,1627.754267861301,438.3262803583903
429,2834-JRTUA,0.6275583439621804,108.05,2593.2,1627.384297562726,438.2152892688178
430,7317-GGVPB,0.6242314873676594,108.6,2606.3999999999996,1626.9969486750674,438.0990846025202
431,1725-IQNIY,0.617342860222456,109.75,2634.0,1626.081093825949,437.8243281477847
432,9124-LHCJQ,0.7927309078454843,85.45,2050.8,1625.7325458095193,437.7197637428558
433,5748-RNCJT,0.6359438738187121,106.5,2556.0,1625.472541480628,437.6417624441884
434,3325-FUYCG,0.6382224758591236,106.1,2546.3999999999996,1625.1697125276721,437.5509137583016
435,2239-JALAW,0.6554940070896309,103.25,2478.0,1624.3141495681054,437.2942448704316
436,6386-SZZKH,0.626822629423512,107.95,2590.8,1623.972068310435,437.1916204931305
437,9874-QLCLH,0.6492679025536503,104.2,2500.8,1623.6891707061689,437.1067512118506
438,6502-HCJTI,0.7141302033230608,94.7,2272.8,1623.0751261126527,436.9225378337958
439,7762-URZQH,0.6375927798322178,106.05,2545.2,1622.8011432289607,436.84034296868816
440,2165-VOEGB,0.6427175461261994,105.2,2524.8,1622.7332604594283,436.81997813782846
441,3768-NLUBH,0.6720172536379645,100.6,2414.3999999999996,1622.5184571835011,436.7555371550503
442,4710-FDUIZ,0.6739194484434724,100.3,2407.2,1622.2588962931266,436.67766888793795
443,0363-QJVFX,0.6245567849696876,108.15,2595.6000000000004,1621.0995910673214,436.3298773201964
444,3672-YITQD,0.8030975246649087,84.1,2018.3999999999999,1620.9720437836515,436.2916131350954
445,8382-SHQEH,0.7953682736743415,84.9,2037.6000000000001,1620.6423944388382,436.19271833165146
446,9249-FXSCK,0.6069344833576271,111.25,2670.0,1620.5150705648643,436.15452116945926
447,2037-XJFUP,0.7045846301723161,95.8,2299.2,1619.980981692189,435.9942945076567
448,4706-AXVKM,0.7957426768476443,84.8,2035.1999999999998,1619.4954959203255,435.84864877609766
449,7249-WBIYX,0.7880435248023238,85.6,2054.3999999999996,1618.9566173538935,435.68698520616806
450,1842-EZJMK,0.6493855708791456,103.7,2488.8,1616.1908088040177,434.8572426412053
451,6275-YDUVO,0.7809638130917633,86.2,2068.8,1615.65793652424,434.697380957272
452,9189-JWSHV,0.7193729799603575,93.55,2245.2,1615.1362146069946,434.54086438209833
453,4514-GFCFI,0.7939941850920814,84.75,2034.0,1614.9841724772937,434.4952517431881
454,3834-XUIFC,0.7893023216683728,85.2,2044.8000000000002,1613.9653873474888,434.1896162042466
455,7120-RFMVS,0.7952482740751685,84.5,2028.0,1612.7634998244419,433.8290499473325
456,9518-RWHZL,0.671507490189375,100.05,2401.2,1612.423785442727,433.7271356328181
457,6595-YGXIT,0.7551447105328041,88.95,2134.8,1612.0829280454302,433.62487841362906
458,3090-HAWSU,0.6018198047010139,111.6,2678.3999999999996,1611.9141649111955,433.57424947335863
459,4614-NUVZD,0.8277692230210111,81.1,1946.3999999999999,1611.1700156880959,433.35100470642874
460,6979-ZNSFF,0.7711226191108139,87.05,2089.2,1611.0293758463124,433.3088127538937
461,3045-XETSH,0.7076539737060521,94.85,2276.3999999999996,1610.9035057444567,433.271051723337
462,4143-OOBWZ,0.825064612439518,81.3,1951.1999999999998,1609.8660717919875,432.9598215375962
463,1268-ASBGA,0.7857417610865793,85.35,2048.3999999999996,1609.5134234097488,432.85402702292464
464,3791-LGQCY,0.6662209088716822,100.65,2415.6000000000004,1609.3232274704358,432.7969682411307
465,2632-UCGVD,0.6694640196532375,100.05,2401.2,1607.517003991354,432.25510119740613
466,2082-OJVTK,0.7507663962098556,89.2,2140.8,1607.240701006059,432.1722103018177
467,7547-EKNFS,0.702996703674813,95.25,2286.0,1607.0504646006227,432.1151393801868
468,2952-QAYZF,0.7843339202501086,85.3,2047.1999999999998,1605.6884015360222,431.70652046080664
469,6680-NENYN,0.639373482213867,104.6,2510.3999999999996,1605.0831897496917,431.5249569249075
470,8784-CGILN,0.6696311736413767,99.85,2396.3999999999996,1604.704144514195,431.41124335425843
471,8183-ONMXC,0.8276451672053854,80.75,1938.0,1603.9763340440368,431.19290021321103
472,3640-PHQXK,0.7431791663440872,89.9,2157.6000000000004,1603.4833693040027,431.0450107912008
473,2074-GKOWZ,0.7450814222633617,89.55,2149.2,1601.3289927284168,430.398697818525
474,7694-VLBWQ,0.6405940692747583,104.1,2498.3999999999996,1600.4602226760558,430.1380668028167
475,2737-YNGYW,0.8276867589790395,80.55,1933.1999999999998,1600.084042458279,430.0252127374837
476,8818-XYFCQ,0.6696789858646237,99.55,2389.2,1599.9970330277588,429.9991099083276
477,9574-RKJIF,0.7057457223965337,94.4,2265.6000000000004,1598.937508661587,429.681252598476
478,5889-LFOLL,0.7873299307636421,84.6,2030.3999999999999,1598.5946914224987,429.5784074267496
479,3419-SNJJD,0.6327692411913798,105.25,2526.0,1598.3751032494254,429.5125309748276
480,4795-KTRTH,0.821937653561639,81.0,1944.0,1597.846798523826,429.35403955714776
481,3259-FDWOY,0.6278330241148494,106.0,2544.0,1597.207213348177,429.1621640044531
482,2003-CKLOR,0.6682932577686952,99.5,2388.0,1595.884299551644,428.7652898654932
483,4094-NSEDU,0.7049594809985094,94.25,2262.0,1594.6183460186282,428.3855038055884
484,5366-IJEQJ,0.7490132459238742,88.7,2128.8,1594.4993979227436,428.34981937682306
485,7508-MYBOG,0.7716287110915028,86.1,2066.3999999999996,1594.493568599481,428.34807057984426
486,5515-AKOAJ,0.6635971440127963,100.1,2402.3999999999996,1594.2257787763417,428.2677336329025
487,3009-JWMPU,0.6864158136375955,96.75,2322.0,1593.8575192664969,428.157255779949
488,7321-PKUYW,0.7364505086871302,90.15,2163.6000000000004,1593.3843205954752,428.01529617864253
489,3162-KKZXO,0.6628078249265928,100.15,2403.6000000000004,1593.1248879935588,427.9374663980676
490,0691-IFBQW,0.6030423381367787,110.0,2640.0,1592.0317726810956,427.60953180432864
491,5868-YWPDW,0.7875564761099696,84.2,2020.8000000000002,1591.4941269230267,427.44823807690796
492,9546-CQJSU,0.7252983768771508,91.4,2193.6000000000004,1591.0145195177183,427.30435585531546
493,1565-RHDJD,0.7882543970814396,84.05,2017.1999999999998,1590.06676979268,427.02003093780394
494,3753-TSEMP,0.7515154324014297,88.15,2115.6000000000004,1589.906048788465,426.9718146365394
495,9878-TNQGW,0.818205325661301,80.95,1942.8000000000002,1589.6093066947758,426.8827920084327
496,3727-RJMEO,0.7994293812144831,82.85,1988.3999999999999,1589.5853816068782,426.87561448206344
497,1285-OKIPP,0.8289404544961754,79.9,1917.6000000000001,1589.576215541866,426.8728646625598
498,9912-GVSEQ,0.7054575614467795,93.85,2252.3999999999996,1588.972611402726,426.6917834208178
499,1564-NTYXF,0.8071606802126062,82.0,1968.0,1588.492218658409,426.54766559752267
500,1792-UXAFY,0.7422678080516374,89.15,2139.6000000000004,1588.1562021072837,426.44686063218506
501,2867-UIMSS,0.8218198302437383,80.5,1932.0,1587.7559120309024,426.32677360927073
502,1761-AEZZR,0.8315164077387829,79.55,1909.1999999999998,1587.5311256548841,426.2593376964652
503,9019-QVLZD,0.8315132177547667,79.55,1909.1999999999998,1587.5250353374004,426.2575106012201
504,8182-BJDSI,0.7351479122754422,89.95,2158.8,1587.0373130202247,426.1111939060674
505,8058-INTPH,0.8301889331466803,79.65,1911.6000000000001,1586.9891646031942,426.0967493809583
506,0354-WYROK,0.6684845977863828,98.9,2373.6000000000004,1586.7150413057584,426.0145123917275
507,1236-WFCDV,0.730895471888777,90.45,2170.8,1586.6278903761572,425.98836711284713
508,2514-GINMM,0.8315164077387829,79.5,1908.0,1586.5333059655977,425.9599917896793
509,2929-QNSRW,0.6728191588650156,98.25,2358.0,1586.5075766037069,425.95227298111206
510,2114-MGINA,0.7355972078853256,89.8,2155.2,1585.3591024344535,425.607730730336
511,8337-UPOAQ,0.7355082184832007,89.8,2155.2,1585.167312474994,425.5501937424982
512,6319-IEJWJ,0.732082338849572,90.2,2164.8,1584.8118471415535,425.44355414246604
513,9139-WQQDY,0.6569171327710698,100.45,2410.8,1583.695823684495,425.10874710534847
514,4822-NGOCH,0.7812166245429445,84.45,2026.8000000000002,1583.36985462364,425.010956387092
515,4971-PUYQO,0.6972785020497537,94.55,2269.2,1582.264376851301,424.67931305539025
516,5393-RXQSZ,0.827574208794099,79.6,1910.3999999999999,1580.9977684802468,424.299330544074
517,2642-DTVCO,0.7744219562216912,85.05,2041.1999999999998,1580.750097039716,424.22502911191475
518,0348-SDKOL,0.6450455571634344,102.1,2450.3999999999996,1580.6196332732793,424.1858899819838
519,5960-WPXQM,0.8328054368370422,79.05,1897.1999999999998,1579.9984747672363,423.9995424301709
520,6086-ESGRL,0.820110896861576,80.15,1923.6000000000001,1577.5653212029276,423.26959636087827
521,9572-MTILT,0.6150183928591483,106.75,2562.0,1575.677122505138,422.70313675154136
522,8740-CRYFY,0.8315164077387829,78.95,1894.8000000000002,1575.557289383446,422.6671868150338
523,9492-TOKRI,0.7293615139607281,90.0,2160.0,1575.4208701551727,422.6262610465518
524,6457-USBER,0.8123882058449572,80.8,1939.1999999999998,1575.383208774541,422.6149626323622
525,0495-RVCBF,0.823432199004636,79.7,1912.8000000000002,1575.0611102560679,422.51833307682034
526,4529-CKBCL,0.817597821726052,80.2,1924.8000000000002,1573.712287258305,422.11368617749145
527,2205-YMZZJ,0.7731258288622784,84.8,2035.1999999999998,1573.465686900509,422.03970607015265
528,6646-QVXLR,0.6317155748082361,103.75,2490.0,1572.971781272508,421.89153438175236
529,8861-HGGKB,0.7579677123358459,86.45,2074.8,1572.6314095544133,421.78942286632395
530,6892-EZDTG,0.7145105516209141,91.65,2199.6000000000004,1571.637409345363,421.4912228036089
531,5318-IXUZF,0.7512017260291914,87.15,2091.6000000000004,1571.213530162657,421.36405904879706
532,8775-LHDJH,0.722543350653541,90.6,2174.3999999999996,1571.0982616610593,421.32947849831777
533,6425-YQLLO,0.617791723482568,105.95,2542.8,1570.920794471474,421.2762383414422
534,8417-FMLZI,0.7833793627813384,83.55,2005.1999999999998,1570.8322982491395,421.24968947474184
535,5685-IIXLY,0.7827624548083157,83.6,2006.3999999999999,1570.5345893274045,421.16037679822136
536,3372-KWFBM,0.7556279628911902,86.6,2078.3999999999996,1570.4971580730494,421.1491474219148
537,2153-MREFK,0.6591763758224433,99.2,2380.8,1569.367115558073,420.8101346674219
538,8610-WFCJF,0.6836346546025333,95.6,2294.3999999999996,1568.531351520052,420.5594054560156
539,6015-VVHHE,0.7859485643143603,83.15,1995.6000000000001,1568.4389549457376,420.5316864837213
540,5445-UTODQ,0.8055951158421601,81.1,1946.3999999999999,1568.0103334751805,420.4031000425541
541,2845-HSJCY,0.7487424718409121,87.25,2094.0,1567.86673603487,420.360020810461
542,9445-SZLCH,0.6707659525501191,97.35,2336.3999999999996,1567.177571538098,420.15327146142937
543,4927-WWOOZ,0.7140108048343321,91.45,2194.8,1567.1109144503923,420.1332743351177
544,1981-INRFU,0.818473772965757,79.75,1914.0,1566.558801456459,419.96764043693764
545,8580-AECUZ,0.8249052906933232,79.1,1898.3999999999999,1566.0002038522045,419.80006115566135
546,4597-NUCQV,0.6444058581752115,101.25,2430.0,1565.906235365764,419.77187060972915
547,0324-BRPCJ,0.6508294350150361,100.2,2404.8,1565.1146253241589,419.53438759724764
548,1628-BIZYP,0.7672042142062473,85.0,2040.0,1565.0965969807444,419.5289790942233
549,4523-WXCEF,0.6444677384976109,101.1,2426.3999999999996,1563.7365206906027,419.12095620718077
550,2845-AFFTX,0.6528446301916642,99.8,2395.2,1563.6934582350739,419.10803747052216
551,3374-LXDEV,0.7287559366824214,89.4,2145.6000000000004,1563.6187377458036,419.08562132374107
552,2725-KXXWT,0.7172412711353493,90.75,2178.0,1562.1514885327908,418.64544655983724
553,7005-CCBKV,0.7709664917800738,84.4,2025.6000000000001,1561.6697257497176,418.50091772491527
554,2430-USGXP,0.643898422038216,101.05,2425.2,1561.5824531270814,418.4747359381244
555,8519-IMDHU,0.7598175004088892,85.6,2054.3999999999996,1560.9690728400217,418.29072185200647
556,9940-HPQPG,0.7088845195837212,91.75,2202.0,1560.963712123354,418.2891136370062
557,6298-QDFNH,0.8192033265533765,79.35,1904.3999999999999,1560.09081508825,418.027244526475
558,2777-PHDEI,0.8328054368370422,78.05,1873.1999999999998,1560.0111442831474,418.0033432849442
559,2311-QYMUQ,0.7266324238823874,89.45,2146.8,1559.9344875907093,417.9803462772128
560,5889-JTMUL,0.6837633170861647,95.05,2281.2,1559.8008789369587,417.9402636810876
561,4282-MSACW,0.5541734663541502,117.2,2812.8,1558.7791261609539,417.63373784828616
562,9898-KZQDZ,0.6865141580663465,94.55,2269.2,1557.8379274841534,417.351378245246
563,6372-RFVNS,0.8236729220316128,78.8,1891.1999999999998,1557.730230146186,417.31906904385573
564,5520-FVEWJ,0.7680657540286951,84.5,2028.0,1557.6373491701938,417.2912047510581
565,8937-RDTHP,0.7671056998371407,84.6,2030.3999999999999,1557.5314129493304,417.2594238847991
566,4800-CZMPC,0.6284844863012432,103.25,2478.0,1557.3845570544806,417.21536711634417
567,9992-RRAMN,0.7622179087569652,85.1,2042.3999999999999,1556.7538568452255,417.02615705356766
568,3198-VELRD,0.7653008744155039,84.75,2034.0,1556.621978561135,416.9865935683405
569,7613-LLQFO,0.7678698719296548,84.45,2026.8000000000002,1556.3186564270245,416.89559692810735
570,7831-QGOXH,0.7609727956569481,85.2,2044.8000000000002,1556.0371725593275,416.8111517677982
571,7488-MXJIV,0.756527516916823,85.65,2055.6000000000004,1555.1179637742216,416.53538913226646
572,6849-OYAMU,0.64735896473706,100.0,2400.0,1553.661515368944,416.0984546106832
573,5644-PDMZC,0.7231548097787106,89.5,2148.0,1553.3365314046703,416.00095942140103
574,4817-QRJSX,0.7990362190252643,81.0,1944.0,1553.3264097851138,415.9979229355341
575,9512-UIBFX,0.6801794559657367,95.15,2283.6000000000004,1553.2578056433565,415.9773416930069
576,4132-KALRO,0.6411412906494574,100.85,2420.3999999999996,1551.8183798879463,415.54551396638385
577,5373-SFODM,0.7583424565194552,85.25,2046.0,1551.5686660388053,415.4705998116416
578,8481-YYXWG,0.7229339793667917,89.35,2144.3999999999996,1550.2596253541478,415.0778876062443
579,8714-EUHJO,0.7083180732669117,91.15,2187.6000000000004,1549.5166170786963,414.85498512360886
580,7503-ZGUZJ,0.7623890606330509,84.65,2031.6000000000001,1548.8696155821062,414.66088467463186
581,2612-RRIDN,0.7965209516977729,81.0,1944.0,1548.4367301004706,414.5310190301412
582,5275-SQEIZ,0.7976636968016781,80.85,1940.3999999999999,1547.786637273976,414.3359911821928
583,2868-MZAGQ,0.8137620206485432,79.25,1902.0,1547.7753632735291,414.33260898205873
584,7693-LCKZL,0.80416044106472,80.15,1923.6000000000001,1546.8830244320955,414.0649073296286
585,7198-GLXTC,0.8152985509836519,79.0,1896.0,1545.806052665004,413.7418157995012
586,7486-KSRVI,0.6440203472249835,100.0,2400.0,1545.6488333399602,413.69465000198807
587,4373-MAVJG,0.7080508501694426,90.9,2181.6000000000004,1544.6837347296562,413.40512041889684
588,3049-NDXFL,0.7501065638976986,85.8,2059.2,1544.6194363781408,413.3858309134422
589,7760-OYPDY,0.7975693243636399,80.65,1935.6000000000001,1543.7751842382615,413.13255527147845
590,6567-HOOPW,0.8118059741508695,79.2,1900.8000000000002,1543.080795665973,412.9242386997919
591,8752-STIVR,0.8137968007279456,79.0,1896.0,1542.9587341801848,412.88762025405543
592,9885-CSMWE,0.8193740598333308,78.45,1882.8000000000002,1542.7174798541953,412.81524395625854
593,0495-ZBNGW,0.8040185526216386,79.9,1917.6000000000001,1541.7859765072542,412.5357929521762
594,0742-NXBGR,0.7801515689153254,82.3,1975.1999999999998,1540.9553789215506,412.28661367646515
595,0407-BDJKB,0.6702834696335701,95.75,2298.0,1540.3114132179442,412.09342396538324
596,1579-KLYDT,0.7091249283680086,90.45,2170.8,1539.368394501273,411.8105183503819
597,0220-EBGCE,0.7471149407726569,85.85,2060.3999999999996,1539.3556239679822,411.80668719039465
598,9095-HFAFX,0.7917509259261777,81.0,1944.0,1539.1638000004893,411.7491400001468
599,5494-HECPR,0.7991482353697907,80.25,1926.0,1539.159501322217,411.74785039666506
600,6769-DYBQN,0.7538829063300609,85.0,2040.0,1537.9211289133243,411.3763386739973
601,3027-ZTDHO,0.7125170118578319,89.9,2157.6000000000004,1537.3267047844583,411.1980114353375
602,0378-TOVMS,0.7463804360306666,85.8,2059.2,1536.9465938743485,411.08397816230456
603,8086-OVPWV,0.7984773547718294,80.2,1924.8000000000002,1536.9092124648173,411.0727637394452
604,4572-DVCGN,0.7979190603850539,80.25,1926.0,1536.7921103016138,411.0376330904841
605,1150-WFARN,0.5886611858644397,108.75,2610.0,1536.4056951061877,410.9217085318563
606,2519-FAKOD,0.6444744576246875,99.25,2382.0,1535.1381580620055,410.54144741860165
607,7752-XUSCI,0.6039505886106185,105.9,2541.6000000000004,1535.0008160127481,410.50024480382444
608,4829-AUOAX,0.6656513427762883,96.05,2305.2,1534.4594753678998,410.33784261036993
609,3744-ZRRDZ,0.7760676235869898,82.35,1976.3999999999999,1533.8200512573264,410.1460153771979
610,3138-BKYAV,0.7487292598368968,85.35,2048.3999999999996,1533.6970158498991,410.10910475496974
611,2359-KMGLI,0.7958969559601303,80.25,1926.0,1532.897537179211,409.86926115376326
612,3540-RZJYU,0.7407638538880608,86.2,2068.8,1532.4922609236203,409.7476782770861
613,2013-SGDXK,0.7574211397950503,84.3,2023.1999999999998,1532.4144500333457,409.7243350100037
614,3190-XFANI,0.634679620353566,100.6,2414.3999999999996,1532.3704753816494,409.7111426144948
615,4713-LZDRV,0.802001462108042,79.6,1910.3999999999999,1532.1435932112033,409.643077963361
616,1555-DJEQW,0.5589599259091143,114.2,2740.8,1531.9973649317005,409.59920947951014
617,9300-RENDD,0.7977549766282711,79.95,1918.8000000000002,1530.7322491543268,409.21967474629804
618,4791-QRGMF,0.6405507299660734,99.5,2388.0,1529.6351431589833,408.890542947695
619,8780-IXSTS,0.7072815318768715,90.1,2162.3999999999996,1529.4255845305465,408.82767535916395
620,6352-TWCAU,0.7368955278767156,86.45,2074.8,1528.9108412386097,408.6732523715829
621,6686-YPGHK,0.7446882833744483,85.5,2052.0,1528.1003574843678,408.43010724531035
622,9248-OJYKK,0.8328054368370422,76.45,1834.8000000000002,1528.0314155086053,408.40942465258155
623,6899-PPEEA,0.6594223811196182,96.55,2317.2,1528.0135415303791,408.40406245911373
624,2959-MJHIC,0.7920977447201507,80.35,1928.3999999999999,1527.4812909183386,408.24438727550154
625,3247-ZVOUO,0.7439022019133501,85.55,2053.2,1527.3800009684903,408.21400029054706
626,8258-GSTJK,0.8262767728451929,77.0,1848.0,1526.9594762179163,408.08784286537485
627,0940-OUQEC,0.7876275703986144,80.7,1936.8000000000002,1525.4770783480365,407.64312350441094
628,6000-APYLU,0.7866142926359396,80.8,1939.1999999999998,1525.402436279614,407.62073088388416
629,2057-ZBLPD,0.7347666438691282,86.5,2076.0,1525.37555267231,407.612665801693
630,7495-OOKFY,0.7880185923782471,80.65,1935.6000000000001,1525.2887874073351,407.5866362222005
631,2860-RANUS,0.740578245028469,85.8,2059.2,1524.9987221626234,407.499616648787
632,6365-MTGZX,0.6614249522081472,96.0,2304.0,1523.9230898875712,407.17692696627137
633,5835-BEQEU,0.8236888421343821,76.95,1846.8000000000002,1521.188553653777,406.3565660961331
634,3801-HMYNL,0.7108757526598818,89.15,2139.6000000000004,1520.9897603910833,406.29692811732497
635,0378-NHQXU,0.7178455306347487,88.25,2118.0,1520.3968338843977,406.11905016531927
636,4822-YCXMX,0.7465882604799521,84.8,2035.1999999999998,1519.4564277287984,405.83692831863954
637,4062-HBMOS,0.6141466168852616,103.05,2473.2,1518.907412880629,405.67222386418865
638,3763-GCZHZ,0.6078565022768238,104.05,2497.2,1517.9392574856843,405.3817772457053
639,2609-IAICY,0.8193100141888572,77.15,1851.6000000000001,1517.034422272088,405.1103266816264
640,7979-CORPM,0.6980064760959255,90.55,2173.2,1516.907673851665,405.07230215549953
641,6432-TWQLB,0.7399819363146305,85.4,2049.6000000000004,1516.666976670467,405.0000930011401
642,0520-FDVVT,0.6172703110176359,102.35,2456.3999999999996,1516.2627919837205,404.8788375951161
643,6330-JKLPC,0.7846355039765135,80.5,1932.0,1515.915793682624,404.7747381047872
644,7903-CMPEY,0.7865362481779222,80.3,1927.1999999999998,1515.8126574884916,404.74379724654744
645,7549-MYGPK,0.6280911092973861,100.55,2413.2,1515.709464956452,404.7128394869356
646,9565-DJPIB,0.7041620583803695,89.6,2150.3999999999996,1514.2300903411463,404.26902710234384
647,4547-KQRTM,0.7878870337490962,80.05,1921.1999999999998,1513.6885692387634,404.10657077162904
648,6376-GAHQE,0.810008025800774,77.85,1868.3999999999999,1513.418995406166,404.0256986218498
649,5419-KLXBN,0.7068812446734449,89.15,2139.6000000000004,1512.443111103303,403.7329333309909
650,4816-LXZYW,0.7960210033094561,79.15,1899.6000000000001,1512.121497886643,403.6364493659929
651,1644-IRKSF,0.6714648498402489,93.8,2251.2,1511.601669960368,403.4805009881104
652,4154-AQUGT,0.7069151236152393,89.05,2137.2,1510.8190021904893,403.24570065714676
653,6712-OAWRH,0.6897204698277063,91.25,2190.0,1510.4878289226767,403.14634867680303
654,1965-AKTSX,0.7968880296456786,78.95,1894.8000000000002,1509.943438572632,402.9830315717896
655,6894-LFHLY,0.8301889331466803,75.75,1818.0,1509.2834804606648,402.78504413819945
656,6110-OHIHY,0.7932871633510283,79.25,1902.0,1508.8321846936558,402.64965540809675
657,2026-TGDHM,0.7925180131098822,79.3,1903.1999999999998,1508.3202825507278,402.4960847652183
658,1448-PWKYE,0.7855679265717841,80.0,1920.0,1508.2904190178256,402.48712570534764
659,5949-XIKAE,0.752039008649583,83.55,2005.1999999999998,1507.9886201441436,402.3965860432431
660,4307-KTUMW,0.6689304427683167,93.9,2253.6000000000004,1507.5016458226787,402.2504937468036
661,9317-WZPGV,0.7874074362530316,79.75,1914.0,1507.0978329883023,402.1293498964907
662,5729-KLZAR,0.7766803670788762,80.85,1940.3999999999999,1507.0705842798513,402.1211752839554
663,3550-SAHFP,0.7528470542708681,83.35,2000.3999999999999,1505.9952473634444,401.7985742090333
664,7576-OYWBN,0.8250377142167977,76.05,1825.1999999999998,1505.858835988499,401.75765079654974
665,8808-ELEHO,0.7721430100654973,81.25,1950.0,1505.67886962772,401.70366088831594
666,6127-ISGTU,0.7383910851367899,84.95,2038.8000000000002,1505.4317443768873,401.62952331306616
667,7563-BIUPC,0.7778147617253545,80.6,1934.3999999999999,1504.6048750815255,401.3814625244576
668,2873-ZLIWT,0.7380979196391457,84.85,2036.3999999999999,1503.0626035531564,400.9187810659469
669,8945-GRKHX,0.7956222026073565,78.65,1887.6000000000001,1501.8164696416463,400.5449408924939
670,7481-ATQQS,0.6883582259391865,90.85,2180.3999999999996,1500.896275837802,400.2688827513406
671,5196-SGOAK,0.8261168010414395,75.7,1816.8000000000002,1500.8890041320874,400.26670123962623
672,2237-ZFSMY,0.6539365758067983,95.55,2293.2,1499.6073556401498,399.8822066920449
673,1670-SVOWZ,0.6969132582148271,89.65,2151.6000000000004,1499.4785663750222,399.84356991250667
674,1481-ZUWZA,0.6610786215946687,94.5,2268.0,1499.3263137767085,399.79789413301256
675,9840-DVNDC,0.7760247943432775,80.5,1932.0,1499.279902671212,399.78397080136364
676,9524-EGPJC,0.6923839890300978,90.1,2162.3999999999996,1497.2111378786833,399.16334136360496
677,2154-KVJFF,0.7820582405654217,79.75,1914.0,1496.859472442217,399.0578417326651
678,1569-TTNYJ,0.7919522719818078,78.75,1890.0,1496.7897940456169,399.03693821368506
679,5192-EBGOV,0.7275145577522434,85.7,2056.8,1496.3519423848143,398.90558271544427
680,0259-GBZSH,0.7279060363876374,85.65,2055.6000000000004,1496.2836483984277,398.8850945195283
681,3348-CFRNX,0.6750959713611906,92.35,2216.3999999999996,1496.2827109249426,398.8848132774828
682,0013-EXCHZ,0.7430426768369914,83.9,2013.6000000000001,1496.190734078966,398.8572202236898
683,8642-GVWRF,0.7815984120059434,79.7,1912.8000000000002,1495.0414424849687,398.51243274549057
684,6097-EQISJ,0.6078733568762236,102.45,2458.8,1494.6390098872587,398.3917029661776
685,4831-EOBFE,0.6575092384934678,94.65,2271.6000000000004,1493.5979861617616,398.07939584852846
686,9185-TQCVP,0.7306526462618803,85.15,2043.6000000000001,1493.1617479007787,397.9485243702336
687,8634-CILSZ,0.5941822984480047,104.7,2512.8,1493.0612795401464,397.9183838620439
688,6437-UKHMV,0.7805065847435275,79.7,1912.8000000000002,1492.9529952974196,397.88589858922586
689,6424-ELEYH,0.8315617066243662,74.75,1794.0,1491.8217016841131,397.5465105052339
690,8010-EZLOU,0.7749661322103011,80.2,1924.8000000000002,1491.6548112783876,397.49644338351624
691,5445-PZWGX,0.6091860459323782,102.0,2448.0,1491.287440442462,397.3862321327386
692,4439-JMPMT,0.7239352180009142,85.75,2058.0,1489.8586786458814,396.9576035937644
693,0486-HECZI,0.6407345336775835,96.75,2322.0,1487.7855871993488,396.3356761598046
694,5277-ZLOOR,0.7243298923727807,85.55,2053.2,1487.194135019793,396.1582405059379
695,9231-ZJYAM,0.7848058636585625,78.85,1892.3999999999999,1485.1666163874636,395.54998491623905
696,5570-PTWEH,0.8234396459853952,75.15,1803.6000000000001,1485.155745499259,395.5467236497777
697,2189-WWOEW,0.7197968615439759,85.9,2061.6000000000004,1483.9332097590611,395.17996292771835
698,5240-IJOQT,0.8275789572319281,74.7,1792.8000000000002,1483.6835545254007,395.1050663576202
699,2037-SGXHH,0.6530548612461075,94.65,2271.6000000000004,1483.479422806658,395.0438268419974
700,4581-SSPWD,0.815379794319495,75.8,1819.1999999999998,1483.3389218260252,395.00167654780756
701,0329-GTIAJ,0.6311274367245534,97.9,2349.6000000000004,1482.8970253280108,394.8691075984032
702,1894-IGFSG,0.6922594521943891,89.25,2142.0,1482.8197466003814,394.84592398011443
703,6618-RYATB,0.77648093413872,79.55,1909.1999999999998,1482.457399457644,394.7372198372932
704,0611-DFXKO,0.6929320372965614,89.0,2136.0,1480.1028316654551,394.03084949963653
705,6996-KNSML,0.8233422366688329,74.9,1797.6000000000001,1480.040004635894,394.0120013907682
706,8821-XNHVZ,0.7698801965326254,80.05,1921.1999999999998,1479.0938335784797,393.7281500735439
707,2691-NZETQ,0.721144590576176,85.35,2048.3999999999996,1477.1925793362386,393.15777380087155
708,9837-BMCLM,0.7838404838201756,78.5,1884.0,1476.7554715172107,393.0266414551632
709,3551-HUAZH,0.8263992883345932,74.4,1785.6000000000001,1475.6185692502497,392.6855707750749
710,0691-JVSYA,0.6481761481866981,94.85,2276.3999999999996,1475.5081837321993,392.6524551196598
711,1678-FYZOW,0.7741752915637911,79.4,1905.6000000000001,1475.2684356039604,392.5805306811881
712,2684-EIWEO,0.6702440330420273,91.7,2200.8,1475.0730679188937,392.5219203756681
713,9850-OWRHQ,0.8289795562972447,74.1,1778.3999999999999,1474.25724291902,392.27717287570596
714,9367-WXLCH,0.7263708461638527,84.5,2028.0,1473.0800760202933,391.924022806088
715,1184-PJVDB,0.7676467669684314,79.95,1918.8000000000002,1472.9606164590261,391.8881849377078
716,8443-ZRDBZ,0.8069651328217718,76.05,1825.1999999999998,1472.8727604262979,391.86182812788934
717,6413-XKKPU,0.686193559972337,89.4,2145.6000000000004,1472.2969022766465,391.68907068299393
718,7817-BOQPW,0.8118963776211018,75.55,1813.1999999999998,1472.1305119025817,391.6391535707745
719,1980-KXVPM,0.8173037883542291,75.05,1801.1999999999998,1472.1275835836373,391.63827507509114
720,8837-VVWLQ,0.7215668368332457,84.95,2038.8000000000002,1471.1304669356216,391.3391400806865
721,0133-BMFZO,0.7106744062280613,86.25,2070.0,1471.096020892087,391.3288062676261
722,5357-TZHPP,0.7261540739192155,84.4,2025.6000000000001,1470.897692130763,391.2693076392289
723,4415-IJZTP,0.8224658723192839,74.5,1788.0,1470.5689797068796,391.1706939120639
724,3519-ZKXGG,0.8075349437599719,75.85,1820.3999999999999,1470.0366116206528,391.0109834861958
725,9430-FRQOC,0.7030890666381089,87.1,2090.3999999999996,1469.7373849003025,390.9212154700907
726,5054-IEXZT,0.8125722452220752,75.35,1808.3999999999999,1469.4556482596006,390.83669447788014
727,9254-RBFON,0.6209103355734248,98.6,2366.3999999999996,1469.322218100952,390.7966654302856
728,2951-QOQTK,0.7575604523894798,80.8,1939.1999999999998,1469.0612292736791,390.7183687821037
729,4184-TJFAN,0.6931154887106012,88.3,2119.2,1468.850343675506,390.6551031026518
730,6651-AZVTJ,0.6128371696873625,99.8,2395.2,1467.8675888351704,390.3602766505511
731,4273-MBHYA,0.6845006265068034,89.35,2144.3999999999996,1467.8431434811891,390.3529430443567
732,8914-RBTSB,0.6519106707924817,93.8,2251.2,1467.5813020880346,390.27439062641037
733,5561-NWEVX,0.7720284722159718,79.2,1900.8000000000002,1467.4717199881193,390.2415159964358
734,6270-OMFIW,0.6475047615884895,94.4,2265.6000000000004,1466.9867878548819,390.09603635646454
735,9507-EXLTT,0.7694323982458562,79.35,1904.3999999999999,1465.3070592194085,389.59211776582254
736,8372-JUXUI,0.821094524948038,74.35,1784.3999999999999,1465.161070317279,389.54832109518367
737,7314-OXENN,0.7444128338619317,82.0,1968.0,1465.0044570402815,389.50133711208446
738,3927-NLNRY,0.6476566891653714,94.25,2262.0,1464.9994308920702,389.49982926762107
739,0872-NXJYS,0.7670634258135307,79.55,1909.1999999999998,1464.4774925631928,389.34324776895784
740,8565-CLBZW,0.6789727860164495,89.85,2156.3999999999996,1464.1369157658714,389.2410747297614
741,2276-YDAVZ,0.8121956934647125,75.1,1802.3999999999999,1463.9015179007977,389.17045537023927
742,6797-LNAQX,0.6204963219338286,98.3,2359.2,1463.8749227062883,389.1624768118865
743,6331-EWIEB,0.7154450150904189,85.25,2046.0,1463.8005008749972,389.14015026249916
744,5564-NEMQO,0.8099647631602614,75.3,1807.1999999999998,1463.7683199832243,389.13049599496725
745,3074-GQWYX,0.8034555670018779,75.9,1821.6000000000001,1463.5746608506208,389.0723982551862
746,4558-FANTW,0.6637913552282718,91.85,2204.3999999999996,1463.2616634652022,388.97849903956063
747,1447-PJGGA,0.6400565756339744,95.25,2286.0,1463.1693318992657,388.9507995697797
748,0634-SZPQA,0.6765883528832316,90.05,2161.2,1462.24274825124,388.672824475372
749,9399-APLBT,0.8149285393654349,74.7,1792.8000000000002,1461.0038853743517,388.3011656123055
750,2379-ENZGV,0.7161128807029493,84.85,2036.3999999999999,1458.292270263486,387.4876810790458
751,1965-DDBWU,0.6819603788193916,89.05,2137.2,1457.4857216128037,387.2457164838411
752,0397-GZBBC,0.6469984393595446,93.85,2252.3999999999996,1457.299284813438,387.1897854440314
753,0334-GDDSO,0.746267944197055,81.35,1952.3999999999999,1457.0135342503302,387.104060275099
754,9658-WYUFB,0.6427621117246669,94.4,2265.6000000000004,1456.2418403234055,386.87255209702164
755,3765-JXVKY,0.8121601187887325,74.7,1792.8000000000002,1456.04066096444,386.81219828933195
756,9689-PTNPG,0.7558742968283969,80.25,1926.0,1455.8138956914925,386.7441687074477
757,5281-BUZGT,0.6671061461751879,90.85,2180.3999999999996,1454.5582411203795,386.36747233611385
758,4283-FUTGF,0.7574791328419341,79.85,1916.3999999999999,1451.6330101782826,385.48990305348474
759,5919-TMRGD,0.7621220257763499,79.35,1904.3999999999999,1451.3851858884807,385.4155557665442
760,7786-WBJYI,0.7751372589807004,77.95,1870.8000000000002,1450.1267841010945,385.0380352303283
761,7341-LXCAF,0.8090691721852229,74.65,1791.6000000000001,1449.5283288870455,384.85849866611363
762,2272-QAGFO,0.812817296230298,74.3,1783.1999999999998,1449.4158026378673,384.82474079136017
763,8854-CCVSQ,0.7486216180788333,80.65,1935.6000000000001,1449.03200395339,384.709601186017
764,6204-IEUXJ,0.7537313179766786,80.1,1922.3999999999999,1448.9730856783667,384.69192570351
765,3536-IQCTX,0.7075021720148849,85.3,2047.1999999999998,1448.3984465488722,384.51953396466166
766,6358-LYNGM,0.8056302652229614,74.9,1797.6000000000001,1448.2009647647956,384.46028942943866
767,8945-MUQUF,0.6361064611572776,94.8,2275.2,1447.2694204250379,384.18082612751135
768,1157-BQCUW,0.804339955787247,74.95,1798.8000000000002,1446.8467124701,384.05401374103
769,8178-EYZUO,0.6433857794705216,93.7,2248.8,1446.845940873309,384.0537822619927
770,6772-KSATR,0.7377241771592465,81.7,1960.8000000000002,1446.5295665738508,383.95886997215524
771,0727-IWKVK,0.7541956761952449,79.9,1917.6000000000001,1446.2456286720017,383.87368860160046
772,7594-RQHXR,0.7567525689811652,79.6,1910.3999999999999,1445.7001077816178,383.71003233448533
773,9866-QEVEE,0.7003840297472673,86.0,2064.0,1445.5926373983598,383.6777912195079
774,7739-LAXOG,0.6611058325095432,91.05,2185.2,1444.6484651998537,383.3945395599561
775,6960-HVYXR,0.7917951294966654,76.0,1824.0,1444.2343162019176,383.2702948605753
776,3296-SILRA,0.787594358224041,76.4,1833.6000000000001,1444.1330152396017,383.2399045718805
777,0637-UBJRP,0.7150543767344686,84.05,2017.1999999999998,1442.40768874877,382.72230662463096
778,3908-BLSYF,0.7162853183265506,83.9,2013.6000000000001,1442.3121169823423,382.6936350947027
779,9250-WYPLL,0.7954189732750019,75.55,1813.1999999999998,1442.2536823422333,382.67610470267
780,4910-AQFFX,0.7570443482840655,79.35,1904.3999999999999,1441.7152568721742,382.51457706165223
781,2024-BASKD,0.805001633092742,74.6,1790.3999999999999,1441.2749238892452,382.3824771667735
782,0875-CABNR,0.709678925435649,84.6,2030.3999999999999,1440.9320902045417,382.27962706136253
783,8185-UPYBR,0.7952087064675386,75.5,1812.0,1440.9181761191799,382.2754528357539
784,2856-NNASM,0.6702771798365945,89.55,2149.2,1440.5597149048087,382.1679144714426
785,9391-EOYLI,0.7460675141021055,80.45,1930.8000000000002,1440.5071562283454,382.1521468685036
786,1304-NECVQ,0.763302240437803,78.55,1885.1999999999998,1438.9773836733461,381.6932151020038
787,5307-DZCVC,0.6971939748114442,85.95,2062.8,1438.1717312410472,381.4515193723141
788,0722-TROQR,0.7999802571114512,74.9,1797.6000000000001,1438.0445101835446,381.4133530550634
789,9921-ZVRHG,0.7443262326352549,80.45,1930.8000000000002,1437.1450899721503,381.1435269916451
790,0504-HHAPI,0.6779867310276763,88.3,2119.2,1436.7894803938514,381.0368441181554
791,7248-VZQLC,0.7025510061616563,85.2,2044.8000000000002,1436.576297399355,380.9728892198065
792,4988-IQIGL,0.7938936628558035,75.35,1808.3999999999999,1435.677299908435,380.70318997253054
793,4471-KXAUH,0.7093999970421574,84.3,2023.1999999999998,1435.2580740156927,380.57742220470783
794,6032-KRXXO,0.6624488444276915,90.25,2166.0,1434.8641970303797,380.45925910911393
795,3647-GMGDH,0.6306374725081988,94.7,2272.8,1433.3128475166343,379.99385425499025
796,5712-PTIWW,0.7475996011762651,79.85,1916.3999999999999,1432.6998756941944,379.8099627082583
797,8943-URTMR,0.7490822164605513,79.65,1911.6000000000001,1431.94556498599,379.583669495797
798,8065-YKXKD,0.7980527130386317,74.75,1794.0,1431.7065671913053,379.5119701573916
799,6172-FECYY,0.7055466431851377,84.5,2028.0,1430.8485923794592,379.25457771383776
800,6987-XQSJT,0.7498288159897524,79.5,1908.0,1430.6733809084476,379.20201427253426
801,1602-IJQQE,0.7907048124306539,75.35,1808.3999999999999,1429.9105827995945,378.97317483987837
802,2754-XBHTB,0.7669153590141736,77.65,1863.6000000000001,1429.223463058814,378.76703891764424
803,3629-ZNKXA,0.5849307172849979,101.8,2443.2,1429.1027284707068,378.73081854121205
804,7493-TPUWZ,0.7516844199057935,79.15,1899.6000000000001,1427.8997240530455,378.36991721591363
805,4911-BANWH,0.6873774483552243,86.55,2077.2,1427.8204357234717,378.3461307170415
806,8337-MSSXB,0.6893390963862671,86.3,2071.2,1427.7591364352363,378.3277409305709
807,8802-UNOJF,0.7098802574986887,83.8,2011.1999999999998,1427.7111738813626,378.31335216440874
808,1891-FZYSA,0.6611197093473378,89.95,2158.8,1427.225228539033,378.16756856170986
809,3976-BWUCK,0.6311337953206559,94.1,2258.3999999999996,1425.3525633521692,377.60576900565076
810,4086-YQSNZ,0.7386662940312142,80.4,1929.6000000000001,1425.330480962631,377.5991442887893
811,2982-IHMFT,0.7965414808677748,74.45,1786.8000000000002,1423.2603180145402,376.978095404362
812,9412-ARGBX,0.6203978777651613,95.5,2292.0,1421.9519358377497,376.5855807513249
813,8809-RIHDD,0.5728930824165024,103.4,2481.6000000000004,1421.6914733247925,376.50744199743775
814,9614-RMGHA,0.6448695970301855,91.85,2204.3999999999996,1421.5505396933409,376.46516190800224
815,9526-JAWYF,0.6595762763339723,89.8,2155.2,1421.518790754977,376.45563722649314
816,4210-QFJMF,0.7480309142175225,79.15,1899.6000000000001,1420.959524647606,376.2878573942818
817,1513-XNPPH,0.6616624435050377,89.4,2145.6000000000004,1419.662938784409,375.8988816353227
818,7638-QVMVY,0.748704617413793,79.0,1896.0,1419.5439546165517,375.8631863849655
819,9894-EZEWG,0.7958115646446814,74.3,1783.1999999999998,1419.0911820743956,375.72735462231867
820,3223-WZWJM,0.7040370568127349,83.95,2014.8000000000002,1418.4938620662983,375.5481586198895
821,6900-PXRMS,0.5587609281594135,105.75,2538.0,1418.1352356685913,375.4405707005774
822,5159-YFPKQ,0.7795052517882781,75.8,1819.1999999999998,1418.0759540532354,375.4227862159706
823,1320-HTRDR,0.7824739106946451,75.5,1812.0,1417.842726178697,375.35281785360905
824,1833-VGRUM,0.7956550536072513,74.2,1780.8000000000002,1416.9025194637932,375.0707558391379
825,2397-BRLOM,0.7336814682035084,80.45,1930.8000000000002,1416.5921788073342,374.97765364220027
826,7180-PISOG,0.7918579605143069,74.5,1788.0,1415.8420333995807,374.7526100198742
827,1704-NRWYE,0.7290091689148864,80.85,1940.3999999999999,1414.5693913624455,374.3708174087336
828,9283-LZQOH,0.7920008298386346,74.4,1785.6000000000001,1414.1966817598661,374.2590045279598
829,7969-AULMZ,0.6047099841617353,97.35,2336.3999999999996,1412.844406995478,373.8533220986434
830,5998-VVEJY,0.7311128830470139,80.5,1932.0,1412.510090046831,373.7530270140493
831,5956-VKDTT,0.7905467566999593,74.35,1784.3999999999999,1410.6516326554074,373.1954897966222
832,4554-YGZIH,0.6524725702534268,90.05,2161.2,1410.1237188317057,373.0371156495117
833,0318-QUUOB,0.7291139151429256,80.55,1933.1999999999998,1409.5230207543036,372.8569062262911
834,1031-IIDEO,0.8288293217158623,70.85,1700.3999999999999,1409.3413786456522,372.80241359369563
835,9747-DDZOS,0.7989425503268281,73.5,1764.0,1409.3346587765247,372.8003976329574
836,3143-ILDAL,0.6215968258145932,94.45,2266.8,1409.03568475652,372.71070542695594
837,6198-ZFIOJ,0.7758847618725196,75.6,1814.3999999999999,1407.7653119414995,372.32959358244983
838,3707-GNWHM,0.7896329692610843,74.25,1782.0,1407.1259512232523,372.13778536697566
839,9306-CPCBC,0.7890380905151249,74.25,1782.0,1406.0658772979525,371.81976318938575
840,8749-JMNKX,0.6242971368751011,93.8,2251.2,1405.4177145332276,371.6253143599683
841,8623-TMRBY,0.6953762028827861,84.2,2020.8000000000002,1405.2162307855342,371.56486923566024
842,4277-PVRAN,0.7308523369188177,80.1,1922.3999999999999,1404.990532492735,371.4971597478205
843,7145-FEJWU,0.5554619275925394,105.3,2527.2,1403.7633834118656,371.12901502355965
844,0637-KVDLV,0.764139393573157,76.5,1836.0,1402.9599266003163,370.8879779800949
845,1024-VRZHF,0.7792759687038757,74.95,1798.8000000000002,1401.7616125045317,370.5284837513595
846,4369-HTUIF,0.6849756349557612,85.15,2043.6000000000001,1399.8162075955936,369.94486227867804
847,3023-GFLBR,0.6768099460700323,86.15,2067.6000000000004,1399.372244494399,369.8116733483197
848,7858-GTZSP,0.6734859599217853,86.55,2077.2,1398.9650359495322,369.68951078485964
849,2919-HBCJO,0.7601844598969381,76.65,1839.6000000000001,1398.4353324264073,369.53059972792215
850,9444-JTXHZ,0.7644643964085915,76.2,1828.8000000000002,1398.0524881520323,369.41574644560967
851,1197-BVMVG,0.7820736711942246,74.45,1786.8000000000002,1397.4092356898407,369.2227707069522
852,8816-VXNZD,0.7748750767199954,75.1,1802.3999999999999,1396.6348382801198,368.99045148403593
853,9402-ORRAH,0.6359825361528502,91.5,2196.0,1396.617649391659,368.9852948174977
854,6906-ANDWJ,0.7767533011528833,74.9,1797.6000000000001,1396.2917341524233,368.887520245727
855,5550-VFRLC,0.8328054368370422,69.85,1676.3999999999999,1396.1150343136176,368.83451029408525
856,3349-ANQNH,0.5845302555028281,99.5,2388.0,1395.8582501407536,368.7574750422261
857,9985-MWVIX,0.8277404695854763,70.15,1683.6000000000001,1393.583854594108,368.0751563782324
858,2619-WFQWU,0.8277404695854763,70.15,1683.6000000000001,1393.583854594108,368.0751563782324
859,3376-BMGFE,0.8185961621377746,70.9,1701.6000000000001,1392.9232294936373,367.87696884809117
860,7254-IQWOZ,0.8328054368370422,69.65,1671.6000000000001,1392.1175682167998,367.6352704650399
861,4636-QRJKY,0.7202292195458886,80.5,1932.0,1391.4828521626569,367.44485564879704
862,0506-LVNGN,0.7673651174934536,75.55,1813.1999999999998,1391.38643103913,367.415929311739
863,7665-TOALD,0.8328054368370422,69.6,1670.3999999999999,1391.1182016925952,367.3354605077786
864,2636-ALXXZ,0.8328054368370422,69.6,1670.3999999999999,1391.1182016925952,367.3354605077786
865,8375-DKEBR,0.8328054368370422,69.6,1670.3999999999999,1391.1182016925952,367.3354605077786
866,1820-TQVEV,0.8328054368370422,69.55,1669.1999999999998,1390.1188351683907,367.0356505505172
867,4871-JTKJF,0.8315517413199064,69.65,1671.6000000000001,1390.0218907903557,367.0065672371067
868,7409-KIUTL,0.8157207405547775,71.0,1704.0,1389.9881419053409,366.99644257160224
869,4274-OWWYO,0.7787320852411315,74.35,1784.3999999999999,1389.5695329042749,366.87085987128245
870,4846-WHAFZ,0.7566789511848176,76.5,1836.0,1389.2625543753252,366.77876631259755
871,0488-GSLFR,0.8328054368370422,69.5,1668.0,1389.1194686441863,366.7358405932559
872,6502-MJQAE,0.8315517413199064,69.6,1670.3999999999999,1389.0240287007716,366.7072086102315
873,2774-LVQUS,0.6968230564175919,83.05,1993.1999999999998,1388.907716051544,366.67231481546315
874,2984-MIIZL,0.7734988644805847,74.8,1795.1999999999998,1388.5851615155455,366.57554845466365
875,6680-WKXRZ,0.7775152463188993,74.4,1785.6000000000001,1388.3312238270269,366.49936714810804
876,3066-RRJIO,0.8268923167992416,69.95,1678.8000000000002,1388.186821442567,366.45604643277005
877,1527-SXDPN,0.6007550954484413,96.25,2310.0,1387.7442704858995,366.32328114576984
878,5389-FFVKB,0.7199314433491095,80.3,1927.1999999999998,1387.4518776224038,366.2355632867211
879,9957-YODKZ,0.7154140659603746,80.8,1939.1999999999998,1387.3309567103584,366.1992870131075
880,4102-OQUPX,0.776826709233319,74.4,1785.6000000000001,1387.1017720070145,366.1305316021043
881,2195-ZRVAX,0.6774686163725567,85.3,2047.1999999999998,1386.913751437898,366.0741254313694
882,8473-VUVJN,0.7844989533173983,73.65,1767.6000000000001,1386.6803498838333,366.00410496514996
883,5442-XSDCW,0.7267431438575641,79.5,1908.0,1386.6259184802323,365.9877755440697
884,6457-GIRWB,0.8328054368370422,69.35,1664.3999999999999,1386.1213690715729,365.83641072147185
885,3428-XZMAZ,0.8328054368370422,69.35,1664.3999999999999,1386.1213690715729,365.83641072147185
886,9560-ARGQJ,0.7129246550286967,81.0,1944.0,1385.9255293757865,365.7776588127359
887,4187-CINZD,0.6054320625003806,95.25,2286.0,1384.0176948758701,365.205308462761
888,7957-RYHQD,0.7274953564595518,79.2,1900.8000000000002,1382.823173558316,364.8469520674948
889,4510-HIMLV,0.8241903656762275,69.8,1675.1999999999998,1380.683700580816,364.2051101742448
890,7908-QCBCA,0.8289394007141766,69.4,1665.6000000000001,1380.6814658295327,364.2044397488598
891,8000-REIQB,0.822419461598628,69.95,1678.8000000000002,1380.6777921317769,364.20333763953306
892,4512-ZUIYL,0.8210622937106986,70.0,1680.0,1379.3846534339737,363.81539603019206
893,6711-VTNRE,0.6564062094786023,87.55,2101.2,1379.240727356439,363.7722182069317
894,9728-FTTVZ,0.8303132279738612,69.2,1660.8000000000002,1378.9842090189888,363.6952627056966
895,7660-HDPJV,0.8303132279738612,69.2,1660.8000000000002,1378.9842090189888,363.6952627056966
896,1867-BDVFH,0.7724788668040607,74.35,1784.3999999999999,1378.4112899251659,363.52338697754976
897,2955-BJZHG,0.7103254149169391,80.85,1940.3999999999999,1378.3154351048286,363.49463053144854
898,1262-OPMFY,0.7579711237211819,75.75,1818.0,1377.9915029251088,363.3974508775326
899,4603-JANFB,0.8219818164042796,69.85,1676.3999999999999,1377.9703170201342,363.39109510604027
900,3488-PGMQJ,0.7706456755259801,74.5,1788.0,1377.9144678404523,363.3743403521357
901,3842-IYKUE,0.6728158642372901,85.3,2047.1999999999998,1377.3886372665802,363.21659117997405
902,2656-FMOKZ,0.7707097352614036,74.45,1786.8000000000002,1377.104154965076,363.1312464895228
903,1086-LXKFY,0.8302732288964115,69.1,1658.3999999999999,1376.9251228018088,363.0775368405426
904,7927-AUXBZ,0.6737205498385365,85.15,2043.6000000000001,1376.8153156500332,363.04459469500995
905,2506-TNFCO,0.8247998499336786,69.55,1669.1999999999998,1376.755909509296,363.02677285278884
906,8062-YBDOE,0.8236028421107484,69.65,1671.6000000000001,1376.734510872327,363.0203532616981
907,1342-JPNKI,0.6664983340713094,86.05,2065.2,1376.452359524068,362.9357078572204
908,5539-TMZLF,0.8222110190288398,69.75,1674.0,1376.3812458542777,362.9143737562833
909,6513-EECDB,0.7796363421001061,73.55,1765.1999999999998,1376.214071075107,362.8642213225321
910,2657-ALMWY,0.6749573589407308,84.95,2038.8000000000002,1376.1030634083622,362.8309190225087
911,8696-JKZNU,0.7518541316922456,76.25,1830.0,1375.8930609968095,362.76791829904283
912,0151-ONTOV,0.8084390485485795,70.9,1701.6000000000001,1375.639885010263,362.6919655030789
913,1265-XTECC,0.5932962921420498,96.55,2317.2,1374.7861681515578,362.43585044546734
914,3716-BDVDB,0.8289441491520059,69.1,1658.3999999999999,1374.7209769536864,362.4162930861059
915,5834-ASPWA,0.759175633687289,75.45,1810.8000000000002,1374.7152374809432,362.41457124428297
916,6166-ILMNY,0.8208747908324868,69.75,1674.0,1374.1443998535829,362.24331995607486
917,0709-TVGUR,0.7680026130686614,74.55,1789.1999999999998,1374.1102753024488,362.2330825907346
918,9369-XFEHK,0.7101452487272436,80.6,1934.3999999999999,1373.70496913798,362.111490741394
919,1447-GIQMR,0.8275402926176032,69.15,1659.6000000000001,1373.3858696281743,362.0157608884523
920,8436-BJUMM,0.6832460779434527,83.75,2010.0,1373.32461666634,361.997384999902
921,6390-DSAZX,0.7772955625066806,73.6,1766.3999999999999,1373.0148816118005,361.90446448354015
922,0818-OCPZO,0.7023472646134364,81.45,1954.8000000000002,1372.9484328663457,361.8845298599037
923,5884-GCYMI,0.8232651281537414,69.4,1665.6000000000001,1371.2303974528718,361.36911923586155
924,6653-CBBOM,0.8126175275628842,70.3,1687.1999999999998,1371.048292504098,361.3144877512294
925,0723-DRCLG,0.767277370518837,74.45,1786.8000000000002,1370.971205643058,361.2913616929174
926,0533-BNWKF,0.6668768272125225,85.45,2050.8,1367.6309972474412,360.2892991742323
927,4806-HIPDW,0.8264066414032415,68.95,1654.8000000000002,1367.5377101940842,360.26131305822526
928,6087-MVHJH,0.6438027208460831,88.45,2122.8,1366.6644158120655,359.99932474361964
929,5376-DEQCP,0.8063633642273187,70.6,1694.3999999999999,1366.3020843467687,359.8906253040306
930,5228-EXCET,0.7038721095150141,80.85,1940.3999999999999,1365.7934413029334,359.73803239088
931,0256-LTHVJ,0.7020522766921031,81.05,1945.1999999999998,1365.632088621479,359.6896265864437
932,2055-PDADH,0.8081238984133343,70.4,1689.6000000000001,1365.4061387591698,359.62184162775094
933,4110-PFEUZ,0.8176992730055215,69.55,1669.1999999999998,1364.9036265008162,359.47108795024485
934,5842-POCOP,0.6394355995271194,88.9,2133.6000000000004,1364.2997951510622,359.28993854531865
935,9685-WKZGT,0.7584207457792314,74.95,1798.8000000000002,1364.2472375076816,359.2741712523045
936,0004-TLHLJ,0.7690189709270675,73.9,1773.6000000000001,1363.932046836247,359.17961405087414
937,7153-OANIO,0.8122659796855457,69.95,1678.8000000000002,1363.6321266960942,359.0896380088283
938,4248-QPAVC,0.6652429707441316,85.35,2048.3999999999996,1362.683701272279,358.8051103816837
939,2516-VQRRV,0.7523597412879516,75.45,1810.8000000000002,1362.3730195242229,358.71190585726686
940,5569-KGJHX,0.6650643674236678,85.35,2048.3999999999996,1362.317850230641,358.69535506919226
941,2446-PLQVO,0.807109370043839,70.3,1687.1999999999998,1361.754929137965,358.5264787413895
942,6407-UTSLV,0.676968415650519,83.8,2011.1999999999998,1361.5188775563238,358.45566326689715
943,0578-SKVMF,0.6806110729722048,83.3,1999.1999999999998,1360.6776570860318,358.2032971258095
944,6689-TCZHQ,0.7176954695269632,78.95,1894.8000000000002,1359.88937565969,357.96681269790696
945,7206-GZCDC,0.8181992587555887,69.25,1662.0,1359.8471680517885,357.9541504155365
946,0812-WUPTB,0.7995298421786677,70.85,1700.3999999999999,1359.5205436406065,357.85616309218193
947,4501-EQDRN,0.8125631461148339,69.7,1672.8000000000002,1359.2556308208943,357.7766892462683
948,4550-EVXNY,0.8128929252686727,69.65,1671.6000000000001,1358.8318138791135,357.64954416373405
949,6168-WFVVF,0.8045218530836188,70.3,1687.1999999999998,1357.3892705226815,357.2167811568044
950,9490-DFPMD,0.667851154614415,84.65,2031.6000000000001,1356.8064057146457,357.0419217143937
951,4631-OACRM,0.7118037694207057,79.4,1905.6000000000001,1356.413263008097,356.92397890242904
952,3422-LYEPQ,0.7956257998544062,71.0,1704.0,1355.7463629519082,356.7239088855724
953,8714-CTZJW,0.6817263573268273,82.85,1988.3999999999999,1355.5446889086634,356.663406672599
954,0685-MLYYM,0.7982988933565979,70.75,1698.0,1355.5115209195033,356.65345627585094
955,9191-MYQKX,0.75128163178311,75.15,1803.6000000000001,1355.0115510840174,356.5034653252052
956,5583-SXDAG,0.8065111536020677,70.0,1680.0,1354.9387380514738,356.48162141544213
957,7181-OQCUT,0.5432573140965594,103.85,2492.3999999999996,1354.0145296542646,356.20435889627936
958,0679-IDSTG,0.8142641655313124,69.25,1662.0,1353.3070431130413,355.9921129339124
959,6961-VCPMC,0.7009468423942232,80.4,1929.6000000000001,1352.5470270838932,355.764108125168
960,1122-JWTJW,0.7970939597841575,70.65,1695.6000000000001,1351.5525182100175,355.4657554630052
961,9420-LOJKX,0.5679946532177698,99.1,2378.3999999999996,1350.9184832131434,355.275544963943
962,4229-CZMLL,0.7513800482655913,74.9,1797.6000000000001,1350.6807747622272,355.20423242866815
963,8111-RKSPX,0.7790119060027981,72.2,1732.8000000000002,1349.8718307216488,354.96154921649463
964,4759-TRPLW,0.7982536620624093,70.4,1689.6000000000001,1348.7293874206468,354.61881622619404
965,7571-YXDAD,0.7500283310373194,74.9,1797.6000000000001,1348.2509278726855,354.47527836180564
966,7598-UAASY,0.7352311364497597,76.4,1833.6000000000001,1348.1198117942795,354.4359435382838
967,9170-CCKOU,0.6227281615539481,90.2,2164.8,1348.0819241319869,354.42457723959603
968,4818-DRBQT,0.7004657232468127,80.15,1923.6000000000001,1347.415865237569,354.2247595712707
969,5976-JCJRH,0.7981878456336441,70.3,1687.1999999999998,1346.7025331530842,354.01075994592526
970,8063-GBATB,0.6580028118990857,85.25,2046.0,1346.2737531455293,353.88212594365876
971,7395-IGJOS,0.688054291714398,81.5,1956.0,1345.8341945933626,353.75025837800877
972,3096-IZETN,0.7175781659008621,78.1,1874.3999999999999,1345.0285141645759,353.50855424937276
973,2608-BHKFN,0.7991881421896198,70.05,1681.1999999999998,1343.5951046491887,353.07853139475657
974,8361-LTMKD,0.7518955694411291,74.4,1785.6000000000001,1342.5847287940803,352.7754186382241
975,0328-GRPMV,0.7966187263191089,70.1,1682.3999999999999,1340.2313451592688,352.0694035477806
976,4702-IOQDC,0.7966187263191089,70.1,1682.3999999999999,1340.2313451592688,352.0694035477806
977,1915-IOFGU,0.7917946385796146,70.5,1692.0,1339.716528476708,351.91495854301235
978,8083-YTZES,0.7504251343965729,74.35,1784.3999999999999,1339.0586098172446,351.7175829451734
979,1062-LHZOD,0.7981165029649501,69.9,1677.6000000000001,1338.9202453740004,351.6760736122001
980,2528-HFYZX,0.7292835264524669,76.45,1834.8000000000002,1338.0894143349863,351.42682430049587
981,5708-EVONK,0.5968476700459581,93.4,2241.6000000000004,1337.8937371750199,351.3681211525059
982,4585-HETAI,0.7558705900219473,73.75,1770.0,1337.8909443388468,351.367283301654
983,6221-AVQYL,0.7607619023125245,73.25,1758.0,1337.419424265418,351.2258272796254
984,6946-LMSQS,0.625316057291121,89.05,2137.2,1336.4254776425837,350.9276432927751
985,6416-TVAIH,0.8128825339816841,68.5,1644.0,1336.3788858658886,350.91366575976656
986,8225-BTJAU,0.7025874438528159,79.25,1902.0,1336.3213182080558,350.8963954624167
987,4686-UXDML,0.5575817424333289,99.85,2396.3999999999996,1336.1888875672291,350.8566662701687
988,5134-IKDAY,0.7974293508376824,69.8,1675.1999999999998,1335.8536485232855,350.75609455698566
989,1640-PLFMP,0.79193400256004,70.25,1686.0,1335.2007283162275,350.56021849486825
990,3244-DCJWY,0.79193400256004,70.25,1686.0,1335.2007283162275,350.56021849486825
991,1907-UBQFC,0.7634440853484513,72.85,1748.3999999999999,1334.8056388232321,350.4416916469696
992,6379-RXJRQ,0.7932921348053136,70.1,1682.3999999999999,1334.6346875964593,350.3904062789378
993,4013-UBXWQ,0.7447682689607871,74.65,1791.6000000000001,1334.3268306701461,350.29804920104385
994,3871-IKPYH,0.8041016816867461,69.1,1658.3999999999999,1333.5222289092997,350.0566686727899
995,4919-IKATY,0.6575152426534286,84.5,2028.0,1333.4409121011533,350.03227363034597
996,6173-ITPWD,0.6662836066650993,83.35,2000.3999999999999,1332.8337267728646,349.8501180318594
997,1084-UQCHV,0.7956536083362787,69.75,1674.0,1331.9241403549306,349.57724210647916
998,0390-DCFDQ,0.7868055027759098,70.45,1690.8000000000002,1330.3307440935084,349.0992232280525
999,5572-ZDXHY,0.6571757349321669,84.3,2023.1999999999998,1329.5979469147599,348.87938407442795
1000,7595-EUIVN,0.7308530703117776,75.8,1819.1999999999998,1329.5679055111857,348.8703716533557
1001,7703-ZEKEF,0.68371580326841,81.0,1944.0,1329.143521553789,348.7430564661367
1002,9831-BPFRI,0.6183851037126427,89.55,2149.2,1329.0332648992114,348.7099794697634
1003,9821-POOTN,0.7363670733173902,75.2,1804.8000000000002,1328.995293923226,348.6985881769678
1004,6986-IJDHX,0.6416007172420304,86.3,2071.2,1328.8834055516932,348.66502166550794
1005,1363-TXLSL,0.7866099857727933,70.3,1687.1999999999998,1327.1683679958567,348.150510398757
1006,2834-SPCJV,0.6574914617324501,84.1,2018.3999999999999,1327.0807663607773,348.1242299082332
1007,1428-GTBJJ,0.7415975362740123,74.55,1789.1999999999998,1326.8663119014625,348.05989357043876
1008,0925-VYDLG,0.7343236353553347,75.25,1806.0,1326.1884854517346,347.8565456355204
1009,0843-WTBXE,0.6466414507018845,85.45,2050.8,1326.132287099425,347.8396861298275
1010,3755-JBMNH,0.7695387051979632,71.8,1723.1999999999998,1326.06909679713,347.820729039139
1011,5899-MQZZL,0.736200883868303,75.0,1800.0,1325.1615909629454,347.5484772888836
1012,7625-XCQRH,0.7215899381588959,76.5,1836.0,1324.839126459733,347.4517379379199
1013,3351-NQLDI,0.5846148709972779,94.35,2264.3999999999996,1323.801913886236,347.14057416587076
1014,3746-EUBYR,0.739230101066532,74.6,1790.3999999999999,1323.5175729495188,347.05527188485564
1015,2533-QVMSK,0.5860155828122103,94.1,2258.3999999999996,1323.4575922230956,347.0372776669287
1016,4818-QIUFN,0.6966863702036631,79.15,1899.6000000000001,1323.4254288388786,347.0276286516636
1017,2956-GGUCQ,0.6982120496512876,78.85,1892.3999999999999,1321.2964827600965,346.38894482802897
1018,1689-MRZQR,0.7028223658572691,78.3,1879.1999999999998,1320.74378991898,346.223136975694
1019,6311-UEUME,0.6971051064527062,78.9,1893.6000000000001,1320.0382295788445,346.0114688736533
1020,9776-CLUJA,0.7093952411201371,77.5,1860.0,1319.4751484834549,345.84254454503645
1021,0231-LXVAP,0.723788674268387,75.9,1821.6000000000001,1318.4534490472938,345.53603471418813
1022,6345-ULYRW,0.6212446172043606,88.4,2121.6000000000004,1318.0325798607716,345.4097739582315
1023,5804-LEPIM,0.7799287276717767,70.35,1688.3999999999999,1316.8316638010276,345.0494991403083
1024,4342-HENTK,0.7763287602352655,70.65,1695.6000000000001,1316.3430458549165,344.9029137564749
1025,6956-SMUCM,0.553954778703895,99.0,2376.0,1316.1965542004546,344.85896626013636
1026,2260-USTRB,0.7811033366651768,70.2,1684.8000000000002,1316.0029016134902,344.80087048404704
1027,2530-ENDWQ,0.5847112038180139,93.7,2248.8,1314.8985551459498,344.46956654378494
1028,4282-YMKNA,0.7328977358793678,74.75,1794.0,1314.8185381675858,344.4455614502757
1029,3858-VOBET,0.7307235206372594,74.95,1798.8000000000002,1314.4254689223023,344.3276406766907
1030,6941-PMGEP,0.6844928620421962,80.0,1920.0,1314.2262951210166,344.26788853630495
1031,0519-XUZJU,0.7739782436039023,70.75,1698.0,1314.215057639426,344.2645172918278
1032,0947-IDHRQ,0.6815998695002372,80.3,1927.1999999999998,1313.579268500857,344.07378055025714
1033,6022-UGGSO,0.7350436255647999,74.4,1785.6000000000001,1312.4938978085067,343.748169342552
1034,2225-ZRGSG,0.5819094620819756,93.9,2253.6000000000004,1311.3911637479405,343.41734912438216
1035,0404-SWRVG,0.7328802059835469,74.4,1785.6000000000001,1308.6308958042214,342.5892687412664
1036,8079-XRJRS,0.6075033824831202,89.75,2154.0,1308.5622858686409,342.56868576059225
1037,1550-LOAHA,0.6479234502070839,84.15,2019.6000000000001,1308.5462000382267,342.563860011468
1038,9787-XVQIU,0.7218736967498423,75.3,1807.1999999999998,1304.5701447663148,341.3710434298944
1039,0431-APWVY,0.6032505111403534,90.1,2162.3999999999996,1304.4689052899,341.34067158697
1040,4013-TLDHQ,0.6940949973993213,78.25,1878.0,1303.5104051159256,341.05312153477763
1041,8051-HJRLT,0.7686001653996521,70.55,1693.1999999999998,1301.393800054691,340.4181400164073
1042,2856-HYAPG,0.7898342088941812,68.65,1647.6000000000001,1301.3308425740531,340.3992527722159
1043,5117-IFGPS,0.6422672807397604,84.3,2023.1999999999998,1299.435162392683,339.8305487178049
1044,2640-PMGFL,0.6810055135190842,79.5,1908.0,1299.3585197944128,339.80755593832384
1045,5442-UTCVD,0.589406408726992,91.85,2204.3999999999996,1299.287487397781,339.78624621933426
1046,0867-MKZVY,0.6567425044132956,82.4,1977.6000000000001,1298.7739767277335,339.63219301832004
1047,5940-AHUHD,0.7664247156732978,70.6,1694.3999999999999,1298.6300382368358,339.58901147105075
1048,8685-WHQPW,0.7268103742556548,74.4,1785.6000000000001,1297.7926042708973,339.3377812812692
1049,3276-HDUEG,0.7202268840778733,75.05,1801.1999999999998,1297.2726636010652,339.18179908031954
1050,3494-JCHRQ,0.7713493478608665,70.05,1681.1999999999998,1296.7925236236886,339.03775708710657
1051,5908-QMGOE,0.7260994580789797,74.2,1780.8000000000002,1293.037914947047,337.9113744841141
1052,1855-AGAWH,0.5743607318155223,93.8,2251.2,1293.0008794631037,337.9002638389311
1053,7538-GWHML,0.7733575543328787,69.65,1671.6000000000001,1292.74448782284,337.823346346852
1054,2983-ZANRP,0.7323433587590241,73.55,1765.1999999999998,1292.7324968814291,337.8197490644287
1055,0968-GSIKN,0.7605697012688356,70.8,1699.1999999999998,1292.3600363960054,337.7080109188016
1056,8988-ECPJR,0.6763375611605378,79.6,1910.3999999999999,1292.0752768410912,337.62258305232734
1057,4412-YLTKF,0.6895515297729018,78.05,1873.1999999999998,1291.6679255705994,337.5003776711798
1058,0137-OCGAB,0.6701971169571631,80.2,1924.8000000000002,1289.9954107191477,336.9986232157443
1059,3627-FHKBK,0.7134370342468174,75.3,1807.1999999999998,1289.3234082908482,336.7970224872544
1060,3070-DVEYC,0.7284004478964292,73.75,1770.0,1289.2687927766797,336.7806378330039
1061,7379-POKDZ,0.7637086080908397,70.3,1687.1999999999998,1288.5291635708647,336.5587490712594
1062,9611-CTWIH,0.5997950191471437,89.45,2146.8,1287.6399471050884,336.2919841315265
1063,1871-MOWRM,0.6634602875365624,80.85,1940.3999999999999,1287.3783419359456,336.21350258078365
1064,9408-SSNVZ,0.7640052707109979,70.15,1683.6000000000001,1286.279273769036,335.8837821307108
1065,5186-SAMNZ,0.7703172780143214,69.5,1668.0,1284.889219727888,335.46676591836643
1066,7993-PYKOF,0.713307115475374,75.0,1800.0,1283.9528078556732,335.1858423567019
1067,9133-AYJZG,0.5419636479200156,98.7,2368.8,1283.803489192933,335.1410467578799
1068,7503-QQRVF,0.7199021103161315,74.3,1783.1999999999998,1283.7294431157256,335.11883293471766
1069,6993-OHLXR,0.7757492567596926,68.95,1654.8000000000002,1283.7098700859394,335.11296102578183
1070,1989-PRJHP,0.7079499477303635,75.5,1812.0,1282.8053052874186,334.84159158622555
1071,7074-IEVOJ,0.6722946760648758,79.4,1905.6000000000001,1281.1247347092274,334.3374204127682
1072,1618-CFHME,0.7029650898870983,75.9,1821.6000000000001,1280.5212077383383,334.1563623215015
1073,0947-MUGVO,0.7243792476173675,73.65,1767.6000000000001,1280.412758088459,334.1238274265377
1074,4505-EXZHB,0.7165428388664857,74.4,1785.6000000000001,1279.458893079997,333.8376679239991
1075,3990-QYKBE,0.5761367667612765,92.5,2220.0,1279.0236222100336,333.7070866630101
1076,2091-RFFBA,0.7202801964959826,73.9,1773.6000000000001,1277.488956505275,333.2466869515825
1077,3313-QKNKB,0.6218602935758366,85.55,2053.2,1276.8035547699076,333.04106643097225
1078,7603-USHJS,0.721317829387948,73.75,1770.0,1276.732558016668,333.0197674050004
1079,1846-XWOQN,0.7580906255331097,70.15,1683.6000000000001,1276.3213771475437,332.8964131442631
1080,6347-DCUIK,0.7169967229978252,74.15,1779.6000000000001,1275.96736824693,332.79021047407895
1081,5301-GAUUY,0.6611657277670573,80.35,1928.3999999999999,1274.991989425993,332.4975968277979
1082,3249-ZPQRG,0.6768764481700389,78.45,1882.8000000000002,1274.4229766145493,332.32689298436475
1083,9940-RHLFB,0.7047944346509039,75.3,1807.1999999999998,1273.7045023011133,332.11135069033395
1084,0388-EOPEX,0.7124238562431402,74.4,1785.6000000000001,1272.1040377077513,331.6312113123254
1085,3235-ETOOB,0.711279425114645,74.5,1788.0,1271.7676121049853,331.5302836314956
1086,0306-JAELE,0.551140184550899,96.1,2306.3999999999996,1271.1497216481932,331.34491649445795
1087,0265-EDXBD,0.7066541244649125,74.9,1797.6000000000001,1270.2814541381267,331.084436241438
1088,1465-VINDH,0.5179214239019834,102.1,2450.3999999999996,1269.1146571294198,330.73439713882595
1089,4441-NIHPT,0.7116496595605482,74.3,1783.1999999999998,1269.0136729283693,330.70410187851076
1090,3992-YWPKO,0.4804377184698055,109.9,2637.6000000000004,1267.202526235959,330.16075787078773
1091,3092-IGHWF,0.6029398445998119,87.4,2097.6000000000004,1264.7266180325655,329.41798540976964
1092,1591-NFNLQ,0.6585222621778554,80.0,1920.0,1264.3627433814822,329.30882301444467
1093,2683-BPJSO,0.6236777838321086,84.45,2026.8000000000002,1264.0701322709178,329.22103968127533
1094,9576-ANLXO,0.7561899980550594,69.55,1669.1999999999998,1262.232344753505,328.6697034260515
1095,8387-MOJJT,0.6741609180528615,77.95,1870.8000000000002,1261.2202454932933,328.366073647988
1096,8496-EJAUI,0.7110274844395013,73.85,1772.3999999999999,1260.225113420572,328.0675340261716
1097,4248-HCETZ,0.6590281316630691,79.65,1911.6000000000001,1259.7981764871229,327.93945294613684
1098,2568-BRGYX,0.747211495682518,70.2,1684.8000000000002,1258.9019279259064,327.6705783777719
1099,6599-CEBNN,0.709273148799123,73.95,1774.8000000000002,1258.8179844886836,327.6453953466051
1100,4629-NRXKX,0.7440335379708615,70.4,1689.6000000000001,1257.1190657555676,327.1357197266703
1101,8155-IBNHG,0.694361232928935,75.4,1809.6000000000001,1256.516087108201,326.95482613246025
1102,5502-RLUYV,0.5034169388154084,103.95,2494.8,1255.924578956681,326.7773736870043
1103,2321-OMBXY,0.6511414207635294,80.3,1927.1999999999998,1254.8797460954738,326.4639238286421
1104,9947-OTFQU,0.702669518362417,74.4,1785.6000000000001,1254.686691987932,326.40600759637954
1105,9237-HQITU,0.7393747786030992,70.7,1696.8000000000002,1254.571124333739,326.37133730012164
1106,1196-AMORA,0.7087254466966371,73.6,1766.3999999999999,1251.8926290449397,325.5677887134819
1107,7627-JKIAZ,0.6604667393078365,78.95,1894.8000000000002,1251.4523776404887,325.4357132921466
1108,6711-FLDFB,0.6959824434837193,74.9,1797.6000000000001,1251.098040406334,325.32941212190013
1109,4763-PGDPO,0.7398602026303629,70.4,1689.6000000000001,1250.0677983642613,325.02033950927836
1110,5989-PGKJB,0.603603510065789,86.25,2070.0,1249.4592658361832,324.83777975085496
1111,1597-FZREH,0.6797707305310036,76.4,1833.6000000000001,1246.4276115016482,323.92828345049446
1112,5536-SLHPM,0.667904817266012,77.75,1866.0,1246.3103890183784,323.8931167055135
1113,0515-YPMCW,0.7366227192378244,70.45,1690.8000000000002,1245.4816936873137,323.6445081061941
1114,8640-SDGKB,0.6973407215191045,74.4,1785.6000000000001,1245.171592344513,323.5514777033539
1115,2868-SNELZ,0.6432045150445406,80.6,1934.3999999999999,1244.2148139021592,323.2644441706478
1116,0461-CVKMU,0.6173582918783302,83.8,2011.1999999999998,1241.6309966256977,322.4892989877093
1117,1193-RTSLK,0.6163108404380392,83.9,2013.6000000000001,1241.0035083060359,322.30105249181076
1118,5028-GZLDO,0.7312191814360497,70.7,1696.8000000000002,1240.7327070606893,322.2198121182068
1119,6047-YHPVI,0.7415827108598589,69.7,1672.8000000000002,1240.5195587263722,322.15586761791167
1120,3714-JTVOV,0.6968363673565174,74.15,1779.6000000000001,1240.0899993476585,322.02699980429753
1121,7730-IUTDZ,0.6847841050923821,75.2,1804.8000000000002,1235.8983528707313,320.7695058612194
1122,8676-TRMJS,0.6865793821526838,75.0,1800.0,1235.8428878748307,320.7528663624492
1123,9314-IJWSQ,0.6070609562688104,84.8,2035.1999999999998,1235.4904581982828,320.64713745948484
1124,2792-LSHWX,0.6170459496566669,83.4,2001.6000000000001,1235.0791728327847,320.5237518498354
1125,6825-UYPFK,0.6806754407045379,75.6,1814.3999999999999,1235.0175196143134,320.505255884294
1126,4919-MOAVT,0.738155443416537,69.65,1671.6000000000001,1233.9006392150834,320.170191764525
1127,3466-RITXD,0.5562136271292429,92.4,2217.6000000000004,1233.4593395218094,320.0378018565428
1128,8414-MYSHR,0.5607029899514016,91.4,2193.6000000000004,1229.9580787573946,318.98742362721833
1129,3814-MLAXC,0.6417636702948217,79.85,1916.3999999999999,1229.8758977529963,318.9627693258989
1130,5442-BHQNG,0.7280901182654915,70.35,1688.3999999999999,1229.307355679456,318.79220670383677
1131,2058-DCJBE,0.7334321213350792,69.75,1674.0,1227.7653711149226,318.32961133447674
1132,0524-IAVZO,0.6012372558911083,85.0,2040.0,1226.524002017861,317.9572006053583
1133,1625-JAIIY,0.6145111923900668,83.0,1992.0,1224.106295241013,317.2318885723039
1134,0135-NMXAP,0.5677536469653044,89.75,2154.0,1222.9413555632657,316.8824066689797
1135,3799-ISUZQ,0.7283334089643432,69.95,1678.8000000000002,1222.7261269693395,316.81783809080184
1136,7225-CBZPL,0.5371467666164795,94.8,2275.2,1222.1163234058142,316.6348970217443
1137,0475-RIJEP,0.6530942849501061,77.85,1868.3999999999999,1220.2413620007783,316.0724086002335
1138,8433-WXGNA,0.6714930521091873,75.7,1816.8000000000002,1219.9685770719716,315.99057312159147
1139,8444-WRIDW,0.6309085286573505,80.45,1930.8000000000002,1218.1581871316125,315.44745613948373
1140,4652-NNHNY,0.686737470911255,73.85,1772.3999999999999,1217.1734934431083,315.1520480329325
1141,2157-MXBJS,0.6710798967990235,75.3,1807.1999999999998,1212.7755894951952,313.83267684855855
1142,7716-YTYHG,0.6147796991605912,82.05,1969.1999999999998,1210.624183587036,313.1872550761108
1143,2482-CZGBB,0.7203391149030256,70.0,1680.0,1210.169713037083,313.0509139111249
1144,9279-CJEOJ,0.5280172630235956,95.4,2289.6000000000004,1208.9483254188249,312.68449762564745
1145,1724-BQUHA,0.5628219717216798,89.5,2148.0,1208.9415952581683,312.68247857745047
1146,1596-BBVTG,0.6670082917795609,75.35,1808.3999999999999,1206.2177948541578,311.86533845624734
1147,2884-GBPFB,0.7145535312990013,70.3,1687.1999999999998,1205.5947180076748,311.67841540230245
1148,1853-UDXBW,0.7174402017363958,70.0,1680.0,1205.299538917145,311.5898616751435
1149,0617-FHSGK,0.6663899370345331,75.2,1804.8000000000002,1202.7005583599255,310.8101675079776
1150,7517-SAWMO,0.684480679396246,73.2,1756.8000000000002,1202.495657563325,310.7486972689975
1151,3707-LRWZD,0.5959337655773096,84.05,2017.1999999999998,1202.1175919225489,310.6352775767646
1152,1396-QWFBJ,0.6755717413750628,74.05,1777.1999999999998,1200.6260987717615,310.1878296315284
1153,8017-LXHFA,0.5261538994369153,94.75,2274.0,1196.4739673195454,308.9421901958636
1154,5542-TBBWB,0.712736904449421,69.9,1677.6000000000001,1195.6874309043487,308.7062292713046
1155,9804-ICWBG,0.712736904449421,69.9,1677.6000000000001,1195.6874309043487,308.7062292713046
1156,5875-YPQFJ,0.712736904449421,69.9,1677.6000000000001,1195.6874309043487,308.7062292713046
1157,7228-OMTPN,0.5621728364329777,88.45,2122.8,1193.380497179925,308.0141491539775
1158,6161-UUUTA,0.6221255828977996,79.9,1917.6000000000001,1192.9880177648206,307.89640532944617
1159,3943-KDREE,0.6623502586179761,74.95,1798.8000000000002,1191.4356452020156,307.43069356060465
1160,5276-KQWHG,0.7123263551735208,69.6,1670.3999999999999,1189.869943681849,306.9609831045547
1161,1518-VOWAV,0.6635595452215431,74.65,1791.6000000000001,1188.8332812189167,306.649984365675
1162,9722-UJOJR,0.699656640781358,70.75,1698.0,1188.0169760467459,306.40509281402376
1163,0970-ETWGE,0.5516092443432687,89.55,2149.2,1185.518587942553,305.6555763827659
1164,9170-GYZJC,0.6175078472400786,79.9,1917.6000000000001,1184.1330478675748,305.2399143602724
1165,7534-BFESC,0.6470524182760665,76.1,1826.3999999999999,1181.776536739408,304.53296102182236
1166,6715-OFDBP,0.7026319054730592,70.05,1681.1999999999998,1181.264759481307,304.37942784439207
1167,6518-LGAOV,0.468384472908934,105.0,2520.0,1180.3288717305136,304.09866151915406
1168,2815-CPTUL,0.699341456459296,70.25,1686.0,1179.0896955903731,303.7269086771119
1169,8380-PEFPE,0.6847448198058295,71.65,1719.6000000000001,1177.4871921381045,303.24615764143135
1170,5219-YIPTK,0.4697851616849003,104.4,2505.6000000000004,1177.0937011176864,303.1281103353059
1171,6178-KFNHS,0.6248595640600996,78.3,1879.1999999999998,1174.236092781739,302.2708278345217
1172,5931-FLJJF,0.6969170290204001,70.1,1682.3999999999999,1172.493209623921,301.7479628871763
1173,6331-LWDTQ,0.6768786826659722,72.15,1731.6000000000001,1172.0831269043974,301.6249380713192
1174,5020-ZSTTY,0.591658572188246,82.45,1978.8000000000002,1170.7739826461013,301.2321947938304
1175,5027-QPKTE,0.7024737068062056,69.35,1664.3999999999999,1169.1972376082485,300.75917128247454
1176,5108-ADXWO,0.6609936116053661,73.5,1764.0,1165.9927308718657,299.7978192615597
1177,0112-QWPNC,0.5759441525445638,84.35,2024.3999999999999,1165.941342411215,299.78240272336444
1178,0927-LCSMG,0.6496580578455922,74.65,1791.6000000000001,1163.927376436163,299.17821293084893
1179,6910-HADCM,0.635041673784861,76.35,1832.3999999999999,1163.6503630433792,299.09510891301375
1180,9210-IAHGH,0.6851543001401599,70.75,1698.0,1163.3920016379914,299.0176004913974
1181,3211-ILJTT,0.6880664223791332,70.4,1689.6000000000001,1162.5570272517834,298.76710817553504
1182,7240-FQLHE,0.4844952752184776,99.75,2394.0,1159.8816888730353,297.96450666191055
1183,9488-HGMJH,0.6778081617417946,71.15,1707.6000000000001,1157.4252169902886,297.2275650970866
1184,4290-BSXUX,0.605164075553993,79.65,1911.6000000000001,1156.8316468290132,297.04949404870393
1185,4106-HADHQ,0.6004085358500684,80.0,1920.0,1152.7843888321313,295.83531664963937
1186,6635-MYYYZ,0.5620511087433001,85.35,2048.3999999999996,1151.3054911497757,295.39164734493266
1187,6100-QQHEB,0.5166960467372034,92.55,2221.2,1147.685259012676,294.3055777038028
1188,3230-WYKIR,0.5815543227793204,82.0,1968.0,1144.4989072297026,293.3496721689108
1189,0618-XWMSS,0.6365955501205368,74.9,1797.6000000000001,1144.344160896677,293.3032482690031
1190,2575-GFSOE,0.6902449135424839,69.0,1656.0,1143.0455768263532,292.91367304790595
1191,3677-TNKIO,0.6700555677695587,71.0,1704.0,1141.774687479328,292.53240624379833
1192,5348-CAGXB,0.5304589396297421,89.55,2149.2,1140.0623530522416,292.01870591567246
1193,4547-LYTDD,0.6532453270526373,72.65,1743.6000000000001,1138.9985522489785,291.69956567469353
1194,0471-LVHGK,0.6481677744711616,73.0,1752.0,1135.5899408734751,290.67698226204254
1195,3750-CKVKH,0.6982348930246672,67.75,1626.0,1135.3299360581088,290.5989808174326
1196,3923-CSIHK,0.6655736411024918,71.05,1705.1999999999998,1134.936172807969,290.4808518423907
1197,5832-XKAES,0.6756807737399017,69.8,1675.1999999999998,1131.9004321690832,289.57012965072494
1198,0565-IYCGT,0.5995551272134291,78.6,1886.3999999999999,1131.0007919754125,289.3002375926238
1199,6289-CPNLD,0.6375941451731324,73.9,1773.6000000000001,1130.8369758790677,289.2510927637203
1200,6302-JGYRJ,0.5928654170599466,79.45,1906.8000000000002,1130.4757772499063,289.14273317497185
1201,1112-CUNAO,0.5240940997499066,89.85,2156.3999999999996,1130.1565167006984,289.0469550102095
1202,2018-PZKMU,0.45479582795850515,103.1,2474.3999999999996,1125.346796700525,287.60403901015746
1203,9168-INPSZ,0.44980041676478333,104.15,2499.6000000000004,1124.3211217452526,287.2963365235758
1204,4883-QICIH,0.6716297004616782,69.75,1674.0,1124.3081185728495,287.2924355718548
1205,7235-NXZCP,0.6253017586315476,74.85,1796.3999999999999,1123.292079205712,286.9876237617136
1206,4806-KEXQR,0.5840590266974408,79.9,1917.6000000000001,1119.9915895950126,285.99747687850373
1207,1732-VHUBQ,0.661113090625154,70.55,1693.1999999999998,1119.3966850465106,285.8190055139532
1208,2398-YPMUR,0.6629136674444102,70.15,1683.6000000000001,1116.081450509409,284.8244351528227
1209,3164-AALRN,0.6635180677972274,70.0,1680.0,1114.7103538993422,284.41310616980263
1210,4550-VBOFE,0.4508213192201057,102.95,2470.8,1113.8893155290373,284.1667946587112
1211,5458-CQJTA,0.6195975221475571,74.8,1795.1999999999998,1112.3014717592944,283.6904415277883
1212,6692-UDPJC,0.5053609724919046,91.65,2199.6000000000004,1111.5919950931934,283.47759852795804
1213,1450-SKCVI,0.6266241202924457,73.85,1772.3999999999999,1110.6285908063307,283.1885772418992
1214,4704-ERYFC,0.668196844545578,69.25,1662.0,1110.5431556347507,283.1629466904252
1215,9048-JVYVF,0.666133381508095,69.35,1664.3999999999999,1108.7124001820732,282.613720054622
1216,9129-UXERG,0.4457080154037093,103.6,2486.3999999999996,1108.2084094997826,282.46252284993477
1217,5035-PGZXH,0.43194182499471373,106.8,2563.2,1107.1532858264502,282.1459857479351
1218,0876-WDUUZ,0.5395779884251334,85.4,2049.6000000000004,1105.9190450761537,281.7757135228461
1219,6060-DRTNL,0.5428766327618801,84.85,2036.3999999999999,1105.5139749562927,281.6541924868878
1220,2079-FBMZK,0.6648705922658035,69.25,1662.0,1105.0149243457654,281.50447730372963
1221,1918-ZBFQJ,0.5809458681839362,79.25,1902.0,1104.9590412858468,281.48771238575404
1222,0654-HMSHN,0.4406927769267238,104.4,2505.6000000000004,1104.1998218675994,281.25994656027984
1223,8413-VONUO,0.4805899586100456,95.65,2295.6000000000004,1103.242308985221,280.97269269556625
1224,5673-FSSMF,0.7623635073843739,60.15,1443.6,1100.547959260082,280.1643877780246
1225,6927-WTFIV,0.6431041214612134,71.3,1711.1999999999998,1100.4797726444283,280.1439317933285
1226,1541-ETJZO,0.7358884161053398,62.05,1489.1999999999998,1095.885029264072,278.7655087792216
1227,4355-HBJHH,0.5726526915117037,79.7,1912.8000000000002,1095.370068323587,278.6110204970761
1228,9033-EOXWV,0.6163041012264177,74.05,1777.1999999999998,1095.2956486995893,278.58869460987677
1229,2141-RRYGO,0.6645718635858727,68.65,1647.6000000000001,1094.948602444084,278.4845807332252
1230,9897-KXHCM,0.5673099136861677,80.3,1927.1999999999998,1093.3196656559821,277.99589969679465
1231,4322-RCYMT,0.6007569194463418,75.8,1819.1999999999998,1092.8969878567848,277.8690963570354
1232,5955-ERIHD,0.4807217109955923,94.7,2272.8,1092.5843047507822,277.7752914252346
1233,9889-TMAHG,0.45297014864997853,100.3,2407.2,1090.3897418302283,277.1169225490685
1234,4080-OGPJL,0.6378119556542122,71.15,1707.6000000000001,1089.127695475133,276.73830864253983
1235,3096-GKWEB,0.478641574813148,94.75,2274.0,1088.4309411250986,276.52928233752954
1236,9274-CNFMO,0.6041692306250266,74.95,1798.8000000000002,1086.7796120482978,276.03388361448935
1237,6261-RCVNS,0.6127041444539355,73.9,1773.6000000000001,1086.6920706035,276.00762118105
1238,8785-CJSHH,0.45333445318635135,99.8,2395.2,1085.8266822719486,275.7480046815846
1239,3999-QGRJH,0.648931182708434,69.7,1672.8000000000002,1085.5320824346684,275.6596247304005
1240,9625-QSTYE,0.555538842189393,81.15,1947.6000000000001,1081.9674490480618,274.5902347144185
1241,1977-STDKI,0.6162392917708646,73.0,1752.0,1079.6512391825547,273.8953717547664
1242,3398-ZOUAA,0.6509847087310939,69.1,1658.3999999999999,1079.593040959646,273.8779122878938
1243,0260-ZDLGK,0.6169364286495604,72.9,1749.6000000000001,1079.391975565271,273.8175926695813
1244,7112-OPOTK,0.6571803054476022,68.25,1638.0,1076.4613403231724,272.93840209695173
1245,8559-CIZFV,0.5773595005019769,77.5,1860.0,1073.888670933677,272.1666012801031
1246,2880-FPNAE,0.6025907593256606,74.2,1780.8000000000002,1073.0936242071366,271.928087262141
1247,2985-FMWYF,0.4778479931296097,93.5,2244.0,1072.2908965828442,271.6872689748532
1248,3891-PUQOD,0.7546570993671986,59.2,1420.8000000000002,1072.216806780916,271.6650420342748
1249,3177-LASXD,0.6231934333525971,71.35,1712.3999999999999,1067.1564352729872,270.14693058189613
1250,5928-QLDHB,0.582708220141259,76.25,1830.0,1066.356042858504,269.9068128575512
1251,3884-HCSWG,0.6340174292458141,70.0,1680.0,1065.1492811329676,269.54478433989027
1252,3714-NTNFO,0.5249969410826946,84.5,2028.0,1064.6937965157047,269.4081389547114
1253,9714-EDSUC,0.4663473811093839,94.9,2277.6000000000004,1062.152795214733,268.6458385644199
1254,3001-CBHLQ,0.42185318552029516,104.9,2517.6000000000004,1062.0575798658951,268.6172739597685
1255,8949-JTMAY,0.4486480347383347,98.6,2366.3999999999996,1061.6807094047952,268.50421282143856
1256,1522-VVDMG,0.49245368209660495,89.75,2154.0,1060.745231236087,268.22356937082606
1257,4446-BZKHU,0.4184386571503344,105.55,2533.2,1059.988806293227,267.9966418879681
1258,5364-EVNIB,0.5533742242895044,79.8,1915.1999999999998,1059.8223143592588,267.94669430777765
1259,4137-BTIKL,0.4865297639232694,90.75,2178.0,1059.6618258248807,267.8985477474642
1260,5766-XQXMQ,0.6409860807729753,68.85,1652.3999999999999,1059.1653998692643,267.7496199607793
1261,2452-KDRRH,0.4351994146085282,101.4,2433.6000000000004,1059.1012953913144,267.7303886173943
1262,8844-TONUD,0.45570221692009094,96.65,2319.6000000000004,1057.046862367843,267.1140587103529
1263,7410-YTJIK,0.5832920852305339,75.45,1810.8000000000002,1056.225307935451,266.86759238063524
1264,1373-ORVIZ,0.6631131354262652,66.35,1592.3999999999999,1055.9413568527846,266.78240705583534
1265,1041-RXHRA,0.6261403124731457,70.25,1686.0,1055.6725668297238,266.7017700489171
1266,9578-VRMNM,0.6741128563540406,65.2,1564.8000000000002,1054.851797622803,266.45553928684086
1267,4183-MYFRB,0.4876518937500139,90.05,2161.2,1053.91327277253,266.173981831759
1268,4873-ILOLJ,0.48461921247068496,90.35,2168.3999999999996,1050.848300321433,265.2544900964299
1269,7657-DYEPJ,0.6233325104270832,70.15,1683.6000000000001,1049.4426145550374,264.8327843665112
1270,3384-CTMSF,0.41920085190907364,104.1,2498.3999999999996,1047.3314084096294,264.1994225228888
1271,4741-WWJQZ,0.5439741532252268,80.15,1923.6000000000001,1046.3886811440464,263.9166043432139
1272,9378-FXTIZ,0.6212008249522243,70.15,1683.6000000000001,1045.8537088895648,263.75611266686946
1273,9102-IAYHT,0.5092835905465687,85.45,2050.8,1044.4387874929032,263.33163624787096
1274,2293-IJWPS,0.4310323305043042,100.75,2418.0,1042.2361751594076,262.6708525478223
1275,2905-KFQUV,0.6144481845360665,70.4,1689.6000000000001,1038.1716525921381,261.4514957776414
1276,8800-ZKRFW,0.40225333866474633,107.5,2580.0,1037.8136137550455,261.3440841265136
1277,7459-RRWQZ,0.6682659933022255,64.65,1551.6000000000001,1036.8815152077332,261.06445456231995
1278,0410-IPFTY,0.5138523188537248,83.85,2012.3999999999999,1034.0764064612358,260.22292193837075
1279,2386-LAHRK,0.8044304301433263,53.5,1284.0,1032.888672304031,259.86660169120927
1280,2325-ZUSFD,0.6136557192614317,70.1,1682.3999999999999,1032.4143820854326,259.7243146256298
1281,9500-LTVBP,0.536923644550902,80.05,1921.1999999999998,1031.537705911193,259.46131177335786
1282,7861-UVUFT,0.5088974253527998,84.3,2023.1999999999998,1029.6012709737845,258.8803812921353
1283,5485-WUYWF,0.6460294307472468,66.4,1593.6000000000001,1029.5125008388127,258.8537502516438
1284,8938-UMKPI,0.40285601403353066,106.4,2553.6000000000004,1028.733117436024,258.6199352308072
1285,0687-ZVTHB,0.591563718025943,72.45,1738.8000000000002,1028.6109929035097,258.5832978710529
1286,3521-SYVOR,0.6616074334823351,64.75,1554.0,1028.1379516315487,258.4413854894646
1287,9633-XQABV,0.609515503041969,70.25,1686.0,1027.6431381287598,258.2929414386279
1288,7130-VTEWQ,0.5651496560758372,75.75,1818.0,1027.442074745872,258.2326224237616
1289,7354-OIJLX,0.5641313171715048,75.85,1820.3999999999999,1026.9446497790072,258.08339493370215
1290,5914-DVBWJ,0.5003782927122404,85.45,2050.8,1026.1758026942628,257.85274080827884
1291,7825-ECJRF,0.3999624969552341,106.6,2558.3999999999996,1023.2640522102708,256.9792156630812
1292,4662-EKDPQ,0.6851845148884884,62.05,1489.1999999999998,1020.3767795719368,256.113033871581
1293,3269-ATYWD,0.44342794379576933,95.65,2295.6000000000004,1017.9331877775683,255.37995633327046
1294,4404-HIBDJ,0.5703244169513376,74.3,1783.1999999999998,1017.0025003076252,255.1007500922875
1295,4039-HEUNW,0.43879597914521956,96.5,2316.0,1016.2514877003285,254.87544631009854
1296,4351-QLCSU,0.7679530327202746,55.0,1320.0,1013.6980031907625,254.10940095722873
1297,3320-VEOYC,0.4417039675586607,95.6,2294.3999999999996,1013.445583166591,254.0336749499773
1298,1582-RAFML,0.7022447284527997,60.1,1442.4,1012.9177963203184,253.8753388960955
1299,4678-DVQEO,0.8077720470707972,52.2,1252.8000000000002,1011.9768205702949,253.59304617108847
1300,2115-BFTIW,0.5939484248774077,70.95,1702.8000000000002,1011.37537788125,253.41261336437498
1301,2603-HVKCG,0.41554659111696274,101.4,2433.6000000000004,1011.2741841422406,253.38225524267216
1302,1226-IENZN,0.534285039376604,78.75,1890.0,1009.7987244217816,252.93961732653446
1303,3167-SNQPL,0.4149187702866719,101.15,2427.6000000000004,1007.2568067479249,252.17704202437744
1304,8257-RZAHR,0.648384367116294,64.7,1552.8000000000002,1006.8112452581814,252.04337357745442
1305,2840-XANRC,0.4499207464500274,93.15,2235.6000000000004,1005.8428207636814,251.75284622910442
1306,8800-JOOCF,0.4981076574910941,84.05,2017.1999999999998,1004.7827666910349,251.43483000731044
1307,6608-QQLVK,0.8263966885548804,50.5,1212.0,1001.592786528515,250.47783595855452
1308,4174-LPGTI,0.6274886736870247,66.5,1596.0,1001.4719232044913,250.44157696134738
1309,4349-GFQHK,0.7664746826712966,54.35,1304.4,999.7895760764393,249.93687282293178
1310,3671-SHRSP,0.5166633668973855,80.6,1934.3999999999999,999.4336169263023,249.83008507789066
1311,9290-SHCMB,0.4295719867726525,96.85,2324.3999999999996,998.4971260543533,249.54913781630597
1312,8280-MQRQN,0.8238125666295961,50.45,1210.8000000000002,997.4722556751151,249.2416767025345
1313,3143-JQEGI,0.4688677046265214,88.35,2120.3999999999996,994.1870808900758,248.2561242670227
1314,9565-JSNFM,0.5873560892446203,70.45,1690.8000000000002,993.1016756948042,247.93050270844122
1315,0512-FLFDW,0.41127636762822445,100.5,2412.0,991.9985987192774,247.59957961578323
1316,7137-RYLPP,0.4822339863244453,85.7,2056.8,991.8588630721192,247.55765892163578
1317,4074-SJFFA,0.7529860958299576,54.75,1314.0,989.4237299205643,246.8271189761693
1318,6583-QGCSI,0.4672089807288026,88.05,2113.2,987.3060180761056,246.1918054228317
1319,5174-RNGBH,0.6206670480774056,66.25,1590.0,986.8606064430749,246.05818193292242
1320,7250-EQKIY,0.8149911776776733,50.45,1210.8000000000002,986.791317932127,246.0373953796381
1321,4929-BSTRX,0.7664027713829213,53.55,1285.1999999999998,984.9808417813304,245.4942525343991
1322,8818-DOPVL,0.39281204736448905,104.45,2506.8,984.7012403333013,245.41037209999035
1323,5482-NUPNA,0.6779935768759909,60.4,1449.6,982.8194890394363,244.84584671183092
1324,8773-HHUOZ,0.6322962175944498,64.7,1552.8000000000002,981.8295666806617,244.54887000419853
1325,4398-HSCJH,0.6430709461825442,63.6,1526.4,981.5834922530356,244.47504767591067
1326,3721-CNEYS,0.575854179535009,70.95,1702.8000000000002,980.5644969122134,244.16934907366402
1327,5949-EBSQK,0.6648150461347634,61.45,1474.8000000000002,980.4692300395492,244.14076901186473
1328,2107-FBPTK,0.3923660626246007,104.1,2498.3999999999996,980.2873708613023,244.08621125839068
1329,1866-OBPNR,0.5469419121231406,74.6,1790.3999999999999,979.2447994652708,243.77343983958121
1330,8992-JQYUN,0.8103076451730002,50.35,1208.4,979.1757584270536,243.75272752811605
1331,5940-NFXKV,0.48764035629199914,83.65,2007.6000000000001,978.9867792918176,243.69603378754528
1332,4128-ETESU,0.40884866418875526,99.7,2392.8,978.2930836708537,243.4879251012561
1333,2439-LYPMQ,0.3971218049467251,102.6,2462.3999999999996,977.8727325008158,243.3618197502447
1334,7683-CBDKJ,0.6199517629228886,65.45,1570.8000000000002,973.8202291992735,242.14606875978205
1335,8242-SOQUO,0.47829681012817515,84.7,2032.8000000000002,972.2817556285545,241.68452668856634
1336,3365-SAIGS,0.48486978383758184,83.55,2005.1999999999998,972.260890551119,241.67826716533568
1337,8708-XPXHZ,0.429933655511778,94.2,2260.8,971.9940083810277,241.5982025143083
1338,4201-JMNGR,0.7233276753404873,55.8,1339.1999999999998,968.6804228159804,240.6041268447941
1339,8824-RWFXJ,0.7180416376031628,56.15,1347.6,967.632910834022,240.2898732502066
1340,5208-HFSBT,0.7304181560231869,55.05,1321.1999999999998,965.0284677378345,239.50854032135032
1341,7359-SSBJK,0.5712007637589079,70.2,1684.8000000000002,962.3590467810081,238.70771403430246
1342,3315-TOTBP,0.5270883011280569,76.0,1824.0,961.4090612575759,238.42271837727276
1343,8348-HFYIV,0.8121503706061514,49.25,1182.0,959.961738056471,237.9885214169413
1344,5150-ITWWB,0.4208590514838396,94.85,2276.3999999999996,958.0435447978124,237.41306343934372
1345,8981-FJGLA,0.5116352251765663,78.0,1872.0,957.7811415305322,237.33434245915964
1346,3946-MHCZW,0.7832824713248059,50.9,1221.6,956.8578669703828,237.05736009111484
1347,5630-IXDXV,0.3748028019772395,106.35,2552.3999999999996,956.6466717667059,236.99400153001176
1348,5896-NPFWW,0.7924633317448365,50.15,1203.6,953.8088660880852,236.14265982642553
1349,0719-SYFRB,0.6445934399943644,61.65,1479.6,953.7404538156615,236.1221361446984
1350,2651-ZCBXV,0.36793317323406044,108.0,2592.0,953.6827850226847,236.1048355068054
1351,3668-QPYBK,0.7359624121027463,53.85,1292.4,951.1578214015893,235.3473464204768
1352,5909-ECHUI,0.704172240892284,56.25,1350.0,950.6325252045834,235.18975756137502
1353,4657-FWVFY,0.41076639913407653,96.35,2312.3999999999996,949.8562213576384,234.9568664072915
1354,0628-CNQRM,0.5855108121898888,67.5,1620.0,948.5275157476198,234.55825472428592
1355,0365-BZUWY,0.3852938524402427,102.55,2461.2,948.2852296259254,234.48556888777762
1356,9474-PHLYD,0.6638824629983558,59.45,1426.8000000000002,947.2274982060543,234.1682494618163
1357,9269-CQOOL,0.7204555088938747,54.7,1312.8000000000002,945.8139920758788,233.74419762276364
1358,1660-HSOOQ,0.7934913313233407,49.65,1191.6,945.5242704048927,233.6572811214678
1359,2460-FPSYH,0.705413965995418,55.8,1339.1999999999998,944.6903832610636,233.4071149783191
1360,3130-ICDUP,0.48822665092018286,80.55,1933.1999999999998,943.8397615588974,233.15192846766922
1361,8699-ASUFO,0.5276711521206808,74.4,1785.6000000000001,942.2096092266878,232.66288276800634
1362,8679-JOEVF,0.6604139607163068,59.4,1425.6,941.4861423971669,232.44584271915005
1363,9508-ILZDG,0.40551115829210305,96.35,2312.3999999999996,937.704002434659,231.31120073039767
1364,2207-NHRJK,0.7687141339176662,50.8,1219.1999999999998,937.2162720724185,231.16488162172556
1365,8849-GYOKR,0.3664055317830944,106.55,2557.2,936.9722258757289,231.09166776271866
1366,4918-QLLIW,0.7305251267273054,53.4,1281.6,936.2410024137146,230.87230072411438
1367,8878-HMWBV,0.7934150621109535,49.15,1179.6,935.9124072660807,230.77372217982418
1368,8976-OQHGT,0.6901828375961457,56.5,1356.0,935.8879277803736,230.76637833411206
1369,1219-NNDDO,0.5072979009913502,76.85,1844.3999999999999,935.6602485884463,230.69807457653388
1370,4298-OYIFC,0.37679564150835043,103.45,2482.8,935.5082187369326,230.65246562107978
1371,9779-DPNEJ,0.4862231129795041,80.15,1923.6000000000001,935.2987801273741,230.58963403821224
1372,3496-LFSZU,0.552328281843453,70.5,1692.0,934.5394528791223,230.3618358637367
1373,9732-EQMWY,0.39153207642070625,99.4,2385.6000000000004,934.038921509237,230.2116764527711
1374,2929-ERCFZ,0.41251013469894904,94.2,2260.8,932.6029125273841,229.7808737582152
1375,6207-WIOLX,0.6626209684406635,58.6,1406.4,931.9101300149492,229.57303900448477
1376,1751-NCDLI,0.3927762411346058,98.85,2372.3999999999996,931.8223544677387,229.54670634032158
1377,2232-DMLXU,0.7029134771472478,55.2,1324.8000000000002,931.2197745246741,229.36593235740224
1378,2876-GZYZC,0.4511487624892057,85.95,2062.8,930.6296672627336,229.18890017882006
1379,6851-WEFYX,0.3845718697780458,100.8,2419.2,930.3562673670483,229.10688021011447
1380,3462-BJQQA,0.43176106558247496,89.75,2154.0,930.013335264651,229.00400057939527
1381,0866-QLSIR,0.6011930308445346,64.4,1545.6000000000001,929.2039484733127,228.76118454199383
1382,7901-TBKJX,0.3823502450131472,101.05,2425.2,927.2758142058844,228.18274426176532
1383,0637-YLETY,0.4037808993061991,95.6,2294.3999999999996,926.4348953681431,227.93046861044292
1384,8020-BWHYL,0.512054191385807,75.3,1807.1999999999998,925.3843346724303,227.6153004017291
1385,9600-UDOPK,0.40985222897431905,94.05,2257.2,925.1184512408329,227.53553537224985
1386,4749-VFKVB,0.7693487400787287,50.1,1202.4,925.0649250706634,227.519477521199
1387,3683-QKIUE,0.7578257411419898,50.8,1219.1999999999998,923.9411436003138,227.18234308009414
1388,2235-ZGKPT,0.7566298483015912,50.85,1220.4,923.391066867262,227.01732006017858
1389,3500-RMZLT,0.3991676408245273,96.3,2311.2,922.5562514736475,226.76687544209426
1390,7541-YLXCL,0.5876155706264174,65.4,1569.6000000000001,922.3213996552249,226.69641989656748
1391,8313-NDOIA,0.36807336632250837,104.15,2499.6000000000004,920.036186459742,226.0108559379226
1392,7580-UGXNC,0.6982710877214358,54.85,1316.4,919.2040598764981,225.76121796294944
1393,1213-NGCUN,0.7713798094160116,49.65,1191.6,919.1761809001193,225.7528542700358
1394,5144-TVGLP,0.4040646712872652,94.75,2274.0,918.843062507241,225.6529187521723
1395,6876-ADESB,0.780151627415022,48.95,1174.8000000000002,916.5221318871679,224.9566395661504
1396,3577-AMVUX,0.6932638875194013,55.05,1321.1999999999998,915.9402481906328,224.78207445718982
1397,9259-PACGQ,0.6082155838882788,62.65,1503.6,914.5129519344159,224.35388558032474
1398,1699-HPSBG,0.637128787238187,59.8,1435.1999999999998,914.4072354442459,224.32217063327374
1399,0022-TCJCI,0.6072873097734564,62.7,1504.8000000000002,913.8459437470972,224.15378312412912
1400,0122-OAHPZ,0.51503406731605,73.85,1772.3999999999999,912.8463809109669,223.85391427329006
1401,6017-PPLPX,0.5398797377604003,70.45,1690.8000000000002,912.828660605285,223.8485981815855
1402,0946-CLJTI,0.38451118068348367,98.7,2368.8,910.8300848030361,223.24902544091083
1403,3583-EKAPL,0.6894345414006071,55.0,1320.0,910.0535946488014,223.01607839464043
1404,4445-ZJNMU,0.38104084549687833,99.3,2383.2,908.0965429881604,222.42896289644813
1405,2369-UAPKZ,0.3632099569072979,104.1,2498.3999999999996,907.4437563371929,222.23312690115785
1406,4124-MMETB,0.3991545488364604,94.65,2271.6000000000004,906.7194731369036,222.01584194107107
1407,2150-UWTFY,0.6169206594784385,61.15,1467.6,905.3927598505563,221.6178279551669
1408,2135-RXIHG,0.8260124205524548,45.65,1095.6,904.9792079572694,221.49376238718082
1409,5119-NZPTV,0.5372605146018418,70.1,1682.3999999999999,903.8870897661385,221.16612692984154
1410,4090-KPJIP,0.502395401172462,74.95,1798.8000000000002,903.7088476290246,221.11265428870735
1411,1251-KRREG,0.6917673746282543,54.4,1305.6,903.1714843146488,220.9514452943946
1412,0147-ESWWR,0.37160956172238063,101.25,2430.0,903.0112349853849,220.9033704956155
1413,6339-YPSAH,0.5091658564389288,73.8,1771.1999999999998,901.8345649246305,220.55036947738915
1414,2082-CEFLT,0.8234802126118241,45.6,1094.4,901.2167446823804,220.36502340471412
1415,4695-VADHF,0.6534807646478922,57.45,1378.8000000000002,901.0192782965139,220.30578348895415
1416,7994-UYIVZ,0.437987159671074,85.65,2055.6000000000004,900.3264054198598,220.09792162595795
1417,3512-IZIKN,0.5740626590843316,65.3,1567.1999999999998,899.6709993169644,219.9012997950893
1418,7126-RBHSD,0.47499878469890966,78.9,1893.6000000000001,899.4576987058554,219.8373096117566
1419,4317-VTEOA,0.7379559634110798,50.75,1218.0,898.8303634346952,219.64910903040857
1420,5600-KTXFM,0.53515417472961,69.95,1678.8000000000002,898.4168285360694,219.52504856082078
1421,2433-KMEAS,0.6870677457623304,54.45,1306.8000000000002,897.8601301622135,219.35803904866407
1422,5154-VEKBL,0.6394191835379138,58.5,1404.0,897.7445336872311,219.32336010616933
1423,8622-ZLFKO,0.41140212370087853,90.75,2178.0,896.0338254205135,218.81014762615405
1424,2921-XWDJH,0.4471059471963449,83.45,2002.8000000000002,895.4637910448396,218.63913731345184
1425,4510-PYUSH,0.6527144892599457,57.15,1371.6,895.2631934689415,218.57895804068244
1426,7767-UXAGJ,0.7391038880131935,50.45,1210.8000000000002,894.9069876063749,218.47209628191246
1427,7359-PTSXY,0.8147747273719332,45.75,1098.0,894.6226506543827,218.38679519631478
1428,2911-UREFD,0.6667817290082613,55.9,1341.6,894.5543676374832,218.36631029124493
1429,6215-NQCPY,0.3737683932031136,99.7,2392.8,894.3530112564104,218.30590337692308
1430,1963-SVUCV,0.8218198302437383,45.3,1087.1999999999998,893.4825194409921,218.0447558322976
1431,5552-ZNFSJ,0.8218198302437383,45.3,1087.1999999999998,893.4825194409921,218.0447558322976
1432,4925-LMHOK,0.6349472510868357,58.6,1406.4,892.9898139285258,217.8969441785577
1433,3005-TYFRD,0.35870199660883806,103.65,2487.6000000000004,892.3070867641457,217.6921260292437
1434,8806-EAGWC,0.674121482499574,55.15,1323.6,892.2671942364361,217.6801582709308
1435,2468-SJFLM,0.500262410295302,74.3,1783.1999999999998,892.0679300385825,217.62037901157476
1436,8064-RAVOH,0.745447213832434,49.85,1196.4,891.853046629124,217.5559139887372
1437,9637-EIHEQ,0.7314267475352553,50.8,1219.1999999999998,891.7554905949831,217.52664717849495
1438,6128-CZOMY,0.8125119356326692,45.65,1095.6,890.1880766791523,217.0564230037457
1439,3329-WDIOK,0.7325640154106734,50.6,1214.4,889.6257403147218,216.88772209441652
1440,5077-DXTCG,0.8181874617433694,45.3,1087.1999999999998,889.5334084073911,216.86002252221732
1441,8485-GJCDN,0.5367449157741715,69.05,1657.1999999999998,889.493674420957,216.84810232628706
1442,4853-OITSN,0.4154930219174021,89.15,2139.6000000000004,888.9888696944737,216.6966609083421
1443,0887-HJGAR,0.8096900175033127,45.7,1096.8000000000002,888.0680111976335,216.42040335929005
1444,9117-SHLZX,0.8096900175033127,45.7,1096.8000000000002,888.0680111976335,216.42040335929005
1445,2626-URJFX,0.7264935919663408,50.9,1221.6,887.4845719460818,216.24537158382452
1446,0409-WTMPL,0.3340756313739749,110.65,2655.6000000000004,887.1712466767278,216.15137400301836
1447,7825-GKXMW,0.8070179480153301,45.8,1099.1999999999998,887.0741284584507,216.12223853753517
1448,6304-IJFSQ,0.7405720448430492,49.9,1197.6,886.9090809040356,216.0727242712107
1449,9239-ZBZZV,0.7700003332330961,47.95,1150.8000000000002,886.1163834846471,215.83491504539415
1450,2634-HCZGT,0.6139794864921961,60.05,1441.1999999999998,884.867235932553,215.46017077976586
1451,9732-KPKBW,0.6830921764682925,53.95,1294.8000000000002,884.4677500911451,215.3403250273435
1452,0823-HSCDJ,0.7497201189021159,49.15,1179.6,884.3698522569358,215.31095567708076
1453,7931-PXHFC,0.590319765662914,62.3,1495.1999999999998,882.6461136191889,214.79383408575666
1454,5493-SDRDQ,0.6671178848231685,55.1,1322.4,882.196690890158,214.6590072670474
1455,3317-VLGQT,0.4703918808710382,78.1,1874.3999999999999,881.702541504674,214.51076245140217
1456,6212-ATMLK,0.3838250673419983,95.7,2296.8,881.5694146711018,214.4708244013305
1457,8709-KRDVL,0.3669425534535945,100.0,2400.0,880.6621282886268,214.19863848658804
1458,7579-OOPEC,0.7306411278611267,50.15,1203.6,879.399661493652,213.8198984480956
1459,7568-PODML,0.8088289710843701,45.3,1087.1999999999998,879.3588573629271,213.80765720887814
1460,6629-CZTTH,0.6577712733106779,55.7,1336.8000000000002,879.3086381617143,213.79259144851426
1461,4580-TMHJU,0.6521871680329576,56.15,1347.6,878.8874276412137,213.6662282923641
1462,5129-JLPIS,0.3470998137366209,105.5,2532.0,878.8567283811242,213.65701851433727
1463,1624-WOIWJ,0.43221272015799406,84.7,2032.8000000000002,878.6020175371704,213.5806052611511
1464,3292-PBZEJ,0.3277646582117658,111.4,2673.6000000000004,876.3115901949772,212.89347705849315
1465,8601-QACRS,0.7208957891440932,50.6,1214.4,875.4558463365869,212.63675390097603
1466,2108-YKQTY,0.7188487104633309,50.7,1216.8000000000002,874.6951108917812,212.40853326753432
1467,8624-GIOUT,0.609843459914819,59.75,1434.0,874.5155215178505,212.35465645535515
1468,1941-HOSAM,0.40392748650780935,90.1,2162.3999999999996,873.4527968244868,212.03583904734603
1469,9828-AOQLM,0.7962905655832629,45.7,1096.8000000000002,873.371492331723,212.01144769951685
1470,9462-MJUAW,0.7196543261370321,50.4,1209.6,870.4938728953539,211.14816186860617
1471,3656-TKRVZ,0.6551947316892474,55.35,1328.4,870.3606815759963,211.1082044727989
1472,2737-WFVYW,0.8001209656609458,45.25,1086.0,868.9313687077871,210.67941061233614
1473,7054-LGEQW,0.7878540569397716,45.95,1102.8000000000002,868.8454539931803,210.65363619795409
1474,2215-ZAFGX,0.4234056063119561,85.5,2052.0,868.8283041521339,210.64849124564017
1475,0322-CHQRU,0.7976473143424039,45.35,1088.4,868.1593369302725,210.44780107908173
1476,9734-UYXQI,0.7321809186056958,49.4,1185.6,868.0736970989128,210.42210912967386
1477,9206-GVPEQ,0.6633853598997085,54.45,1306.8000000000002,866.9119883169392,210.07359649508174
1478,9026-RNUJS,0.7171299529931264,50.35,1208.4,866.579835196894,209.97395055906821
1479,2636-OHFMN,0.7434362728474895,48.55,1165.1999999999998,866.2519451218946,209.87558353656834
1480,9564-KCLHR,0.7041506237906547,51.25,1230.0,866.1052672625053,209.8315801787516
1481,6038-GCYEC,0.6657043098401756,54.15,1299.6,865.1493210682921,209.54479632048765
1482,9058-CBREO,0.7120405328037439,50.55,1213.1999999999998,863.847574397502,209.1542723192506
1483,5216-WASFJ,0.42401195472876985,84.85,2036.3999999999999,863.4579446096668,209.03738338290003
1484,5103-MHMHY,0.7826186771424994,45.95,1102.8000000000002,863.0718771527485,208.9215631458245
1485,5122-CYFXA,0.4775484482690609,75.3,1807.1999999999998,863.0255557118468,208.90766671355402
1486,6313-GIDIT,0.6599972166103767,54.45,1306.8000000000002,862.4843626664403,208.7453087999321
1487,1226-UDFZR,0.7242974150257544,49.6,1190.4,862.2036428466581,208.66109285399745
1488,5995-SNNEW,0.34335970529141624,104.45,2506.8,860.7341092245223,208.22023276735666
1489,0067-DKWBL,0.7276038378652494,49.25,1182.0,860.0277363567247,208.00832090701743
1490,3144-AUDBS,0.7283961273473237,49.15,1179.6,859.2160718189031,207.76482154567088
1491,7577-SWIFR,0.40103512991985885,89.25,2142.0,859.0172482883377,207.70517448650128
1492,7470-MCQTK,0.7339759057885427,48.75,1170.0,858.7518097725949,207.62554293177845
1493,1589-AGTLK,0.7887307365582494,45.35,1088.4,858.4545336699988,207.53636010099962
1494,3097-NNSPB,0.7269726911233747,49.05,1177.1999999999998,855.7922519904366,206.737675597131
1495,5294-CDGWY,0.6012962103312967,59.3,1423.1999999999998,855.7647665435013,206.7294299630504
1496,5995-OIGLP,0.6292034403121415,56.65,1359.6,855.4649974483875,206.63949923451622
1497,1501-SGHBW,0.7770008880578422,45.85,1100.4,855.0117772188496,206.50353316565486
1498,1960-UYCNN,0.37359522387349847,95.25,2286.0,854.0386817748175,206.21160453244522
1499,6734-GMPVK,0.33786476727654186,105.3,2527.2,853.8518398612765,206.15555195838294
1500,4816-JBHOV,0.79362318521786,44.7,1072.8000000000002,851.3989531017204,205.4196859305161
1501,1902-XBTFB,0.3967517266224675,89.4,2145.6000000000004,851.2705046411664,205.38115139234992
1502,9661-MHUMO,0.7193885540496658,49.25,1182.0,850.317270886705,205.0951812660115
1503,0052-DCKON,0.3059213770097169,115.8,2779.2,850.2166909854051,205.0650072956215
1504,6689-KXGBO,0.7003950080039688,50.55,1213.1999999999998,849.7192237104148,204.91576711312442
1505,5140-FOMCQ,0.3243534585908582,109.15,2619.6000000000004,849.6763201246122,204.90289603738364
1506,4190-MFLUW,0.6411832139637114,55.2,1324.8000000000002,849.439521859125,204.83185655773747
1507,6397-JNZZG,0.6367667658785228,55.55,1333.1999999999998,848.9374522692465,204.68123568077394
1508,3669-OYSJI,0.7644140463348723,46.2,1108.8000000000002,847.5822945761065,204.27468837283195
1509,0224-HJAPT,0.7485080414244221,47.15,1131.6,847.0116996758759,204.10350990276277
1510,8869-TORSS,0.5847615003620248,60.35,1448.4,846.9685571243567,204.090567137307
1511,4749-OJKQU,0.46612425838225013,75.65,1815.6000000000001,846.2952035188134,203.888561055644
1512,7854-EDSSA,0.5975174615386487,59.0,1416.0,846.0847255387266,203.82541766161796
1513,9796-BPKIW,0.5037223301616949,69.95,1678.8000000000002,845.6490478754534,203.69471436263603
1514,6175-IRFIT,0.447375061363444,78.75,1890.0,845.5388659769092,203.66165979307274
1515,3165-HDOEW,0.7683766543859513,45.85,1100.4,845.5216704863009,203.65650114589025
1516,1750-CSKKM,0.636402088016123,55.35,1328.4,845.3965337206178,203.61896011618532
1517,9547-ITEFG,0.34306819944939604,102.6,2462.3999999999996,844.7711343241926,203.43134029725778
1518,0963-ZBDRN,0.3657158115658077,96.2,2308.8,844.3646657431368,203.30939972294104
1519,1612-EOHDH,0.7784416875762183,45.15,1083.6,843.5194126575901,203.05582379727701
1520,0807-ZABDG,0.6374436923219596,55.1,1322.4,842.9555387265594,202.88666161796783
1521,4785-QRJHC,0.5852801299367357,59.9,1437.6,841.3987147970512,202.41961443911535
1522,0733-VUNUW,0.6299597733869733,55.65,1335.6,841.3742733356414,202.41228200069241
1523,3669-LVWZB,0.686976235326884,51.0,1224.0,840.858912040106,202.2576736120318
1524,7278-CKDNC,0.43507778455717966,80.5,1932.0,840.5702797644711,202.17108392934134
1525,2962-XPMCQ,0.7751274557272806,45.15,1083.6,839.9281110260812,201.97843330782433
1526,7743-EXURX,0.6854650386199337,51.05,1225.1999999999998,839.8317653171426,201.9495295951428
1527,2275-RBYQS,0.7705236889917406,45.4,1089.6,839.5626115254005,201.86878345762014
1528,5692-FPTAH,0.7705236889917406,45.4,1089.6,839.5626115254005,201.86878345762014
1529,6877-LGWXO,0.4452713791787793,78.55,1885.1999999999998,839.4256040278347,201.82768120835038
1530,9208-OLGAQ,0.41052749406900224,84.95,2038.8000000000002,836.9834549078819,201.09503647236454
1531,8087-LGYHQ,0.37068428365348594,94.05,2257.2,836.7085650626484,201.01256951879452
1532,1976-CFOCS,0.7562393170505215,46.0,1104.0,834.8882060237758,200.4664618071327
1533,8835-VSDSE,0.49093856680335773,70.7,1696.8000000000002,833.0245601519375,199.90736804558125
1534,6839-ITVZJ,0.5774383145518492,60.05,1441.1999999999998,832.204098932125,199.6612296796375
1535,1393-IMKZG,0.3616439066872088,95.85,2300.3999999999996,831.925642943255,199.57769288297646
1536,6969-MVBAI,0.38452237402055406,90.1,2162.3999999999996,831.491181582046,199.4473544746138
1537,3966-HRMZA,0.46159943848371815,75.05,1801.1999999999998,831.4329085968731,199.4298725790619
1538,7912-SYRQT,0.46092504610035806,75.1,1802.3999999999999,830.7713030912853,199.23139092738558
1539,2081-VEYEH,0.31998589305213143,107.95,2590.8,829.0194517194622,198.70583551583863
1540,6350-XFYGW,0.3640307091107964,94.75,2274.0,827.805832517951,198.34174975538528
1541,2080-CAZNM,0.3298768460967841,104.4,2505.6000000000004,826.5394255801023,197.96182767403067
1542,8486-AYEQH,0.4528280483822714,76.05,1825.1999999999998,826.5017539073217,197.9505261721965
1543,6581-NQCBA,0.6890599230163197,49.95,1198.8000000000002,826.0450357119641,197.81351071358924
1544,3566-HJGPK,0.7536190710316087,45.55,1093.1999999999998,823.8563684517545,197.15691053552635
1545,0378-XSZPU,0.5691874893699251,60.3,1447.1999999999998,823.7281346161556,197.11844038484665
1546,7511-YMXVQ,0.7552536547689794,45.4,1089.6,822.9243822362799,196.87731467088398
1547,9050-IKDZA,0.42065341473033235,81.5,1956.0,822.7980792125301,196.83942376375902
1548,7619-ODSGN,0.624555607649281,54.75,1314.0,820.6660684511552,196.19982053534653
1549,1120-BMWUB,0.6342178755835901,53.9,1293.6,820.4242438549321,196.12727315647962
1550,2718-GAXQD,0.7419700681103777,46.0,1104.0,819.134955193857,195.74048655815707
1551,8118-TJAFG,0.3360666686734103,101.5,2436.0,818.6584048884274,195.5975214665282
1552,4847-QNOKA,0.758986232089921,44.9,1077.6,817.8835637000988,195.36506911002962
1553,6116-RFVHN,0.33910643237190163,100.45,2410.8,817.5177871621805,195.25533614865415
1554,7623-TRNQN,0.6819313975683613,49.9,1197.6,816.6810417278695,195.00431251836082
1555,3334-CTHOL,0.6811062143870303,49.95,1198.8000000000002,816.5101298071721,194.95303894215164
1556,4912-PIGUY,0.4018807592809176,84.6,2030.3999999999999,815.978693643975,194.7936080931925
1557,3863-IUBJR,0.6336628022875206,53.65,1287.6,815.9042242254114,194.77126726762341
1558,6496-JDSSB,0.42479573652973146,80.0,1920.0,815.6078141370845,194.68234424112532
1559,7439-DKZTW,0.4218708202606628,80.55,1933.1999999999998,815.5606697279133,194.66820091837397
1560,2391-SOORI,0.6884871133346628,49.35,1184.4,815.4441370335747,194.63324111007242
1561,0420-HLGXF,0.340525772480306,99.75,2394.0,815.2186993178526,194.56560979535578
1562,8404-FYDIB,0.39180166599058996,86.65,2079.6000000000004,814.790744594031,194.4372233782093
1563,3352-ALMCK,0.33068819715688375,102.65,2463.6000000000004,814.683442515699,194.40503275470968
1564,7392-YYPYJ,0.33720913574465783,100.65,2415.6000000000004,814.5623883047956,194.36871649143868
1565,7615-ESMYF,0.7602524698755297,44.6,1070.4,813.7742437547671,194.1322731264301
1566,1114-CENIM,0.6159083144786155,55.0,1320.0,812.9989751117724,193.89969253353172
1567,0689-NKYLF,0.407149000975357,83.2,1996.8000000000002,812.995125147593,193.89853754427787
1568,2000-MPKCA,0.3143654900130753,107.75,2586.0,812.9491571738128,193.8847471521438
1569,5057-LCOUI,0.667162984539134,50.75,1218.0,812.6045151686652,193.78135455059956
1570,4720-VSTSI,0.39914031769495234,84.8,2035.1999999999998,812.3303745727669,193.69911237183007
1571,4701-AHWMW,0.6201012750371049,54.55,1309.1999999999998,811.8365892785775,193.55097678357325
1572,0415-MOSGF,0.760478505457382,44.4,1065.6,810.3658954153863,193.10976862461587
1573,5876-HZVZM,0.6027564848681195,55.9,1341.6,808.6581000990691,192.59743002972073
1574,2665-NPTGL,0.34343046344668604,98.1,2354.3999999999996,808.5726831388774,192.57180494166323
1575,4958-GZWIY,0.6916638596214963,48.7,1168.8000000000002,808.416719125605,192.52501573768149
1576,0674-DGMAQ,0.3597375999648194,93.5,2244.0,807.2511743210548,192.17535229631642
1577,3754-DXMRT,0.7614452323735026,44.15,1059.6,806.8273682229633,192.04821046688897
1578,2898-LSJGD,0.6005708141566173,55.95,1342.8000000000002,806.4464892495058,191.93394677485173
1579,4234-XTNEA,0.41992045165090247,79.95,1918.8000000000002,805.7433626277517,191.7230087883255
1580,0643-OKLRP,0.41759824321238126,80.35,1928.3999999999999,805.296452210756,191.58893566322678
1581,6140-QNRQQ,0.4688761537964535,71.55,1717.1999999999998,805.1541312992698,191.54623938978094
1582,0118-JPNOY,0.390950800924846,85.8,2059.2,805.0458892644428,191.51376677933285
1583,2809-ZMYOQ,0.33058374344802477,101.35,2432.3999999999996,804.1118975629753,191.23356926889258
1584,5906-CVLHP,0.6181424072969053,54.15,1299.6,803.3378725230581,191.00136175691742
1585,3317-HRTNN,0.7313528164359978,45.7,1096.8000000000002,802.1477690670025,190.64433072010075
1586,3318-NMQXL,0.3632383589175562,92.0,2208.0,802.030296489964,190.6090889469892
1587,0581-MDMPW,0.37558428031161706,88.95,2134.8,801.7973216092402,190.53919648277204
1588,7273-TEFQD,0.8115984667159409,41.15,987.5999999999999,801.5346457286632,190.46039371859897
1589,5956-YHHRX,0.31993841099185005,104.35,2504.3999999999996,801.2537564879891,190.3761269463967
1590,6968-GMKPR,0.4085502256996897,81.55,1957.1999999999998,799.6145017394326,189.8843505218298
1591,3926-CUQZX,0.7381259573906755,45.1,1082.4,798.9475362796672,189.68426088390015
1592,8042-JVNFH,0.46646735664495775,71.35,1712.3999999999999,798.7787015188256,189.63361045564767
1593,8627-EHGIP,0.615819950917105,53.95,1294.8000000000002,797.3636724474676,189.20910173424028
1594,5073-WXOYN,0.6539065132307886,50.8,1219.1999999999998,797.2428209309774,189.1728462792932
1595,6702-OHFWR,0.7668808038669378,43.3,1039.1999999999998,796.9425313785216,189.08275941355646
1596,7851-FLGGQ,0.7431124746650604,44.65,1071.6,796.3193278510786,188.89579835532356
1597,3400-ESFUW,0.5757311397967122,57.55,1381.1999999999998,795.1998502872187,188.55995508616562
1598,5947-SGKCL,0.3144061587815382,105.35,2528.3999999999996,794.9445318632411,188.48335955897232
1599,0923-PNFUB,0.3953478361232282,83.75,2010.0,794.6491506076887,188.39474518230662
1600,2277-VWCNI,0.6790203363908741,48.75,1170.0,794.4537935773227,188.3361380731968
1601,2858-EIMXH,0.3452424987604451,95.85,2300.3999999999996,794.1958441485278,188.25875324455833
1602,8270-RKSAP,0.46929541816482,70.5,1692.0,794.0478475348755,188.21435426046264
1603,6214-EDAKZ,0.5998510971252244,55.15,1323.6,793.962912154947,188.1888736464841
1604,0742-MOABM,0.6605367335338452,50.05,1201.1999999999998,793.4367243208548,188.0310172962564
1605,9286-DOJGF,0.4407031374437974,74.95,1798.8000000000002,792.7368036339028,187.82104109017084
1606,1935-IMVBB,0.3672247602301142,89.7,2152.8,790.5614638233899,187.16843914701695
1607,8903-WMRNW,0.32355871087196186,101.75,2442.0,790.1303719493309,187.03911158479926
1608,7065-YUNRY,0.7261116462235719,45.3,1087.1999999999998,789.4285817742673,186.8285745322802
1609,4237-RLAQD,0.7168901293680614,45.85,1100.4,788.8658983566148,186.65976950698445
1610,2372-HWUHI,0.7409242307334087,44.35,1064.4,788.6397511926403,186.5919253577921
1611,3426-NIYYL,0.6370629008870552,51.55,1237.1999999999998,788.1742209774645,186.45226629323935
1612,4208-UFFGW,0.7301522560306017,44.95,1078.8000000000002,787.6882538058132,186.30647614174396
1613,2722-JMONI,0.6616114522822593,49.55,1189.1999999999998,786.7883390540626,186.03650171621877
1614,7402-EYFXX,0.35016686616022785,93.6,2246.3999999999996,786.6148481423357,185.98445444270072
1615,5626-MGTUK,0.3676135616236265,89.1,2138.3999999999996,786.1048401759629,185.83145205278885
1616,6142-VSJQO,0.7384421730406919,44.35,1064.4,785.9978489845125,185.79935469535374
1617,5168-MSWXT,0.345623646528227,94.75,2274.0,785.9481722051883,185.78445166155646
1618,8779-QRDMV,0.8248814581110878,39.65,951.5999999999999,784.9571955385111,185.4871586615533
1619,7240-ETPTR,0.6708480908037359,48.75,1170.0,784.892266240371,185.4676798721113
1620,4432-ADRLB,0.7323613666933416,44.65,1071.6,784.7984405485848,185.43953216457544
1621,7587-RZNME,0.753285733580858,43.3,1039.1999999999998,782.8145343372275,184.84436030116825
1622,3370-HXOPH,0.4285795614152111,76.1,1826.3999999999999,782.7577109687414,184.8273132906224
1623,8012-SOUDQ,0.36124164986418794,90.25,2166.0,782.4494136058311,184.7348240817493
1624,0722-SVSFK,0.32469169107416695,100.4,2409.6000000000004,782.3770988123129,184.71312964369383
1625,1766-GKNMI,0.3833420299448885,84.9,2037.6000000000001,781.0977202157048,184.32931606471143
1626,5916-QEWPT,0.4710292712779931,69.0,1656.0,780.0244732363566,184.00734197090696
1627,9576-SYUHJ,0.356015378765019,91.15,2187.6000000000004,778.8192425863557,183.6457727759067
1628,8182-PNAGI,0.645251943665423,50.25,1206.0,778.1738440605002,183.45215321815004
1629,6284-AHOOQ,0.35810126299708134,90.5,2172.0,777.7959432296607,183.3387829688982
1630,7924-GJZFI,0.4669744654526993,69.3,1663.1999999999998,776.6719309409294,183.0015792822788
1631,7881-EVUAD,0.7592176619352522,42.6,1022.4000000000001,776.2241375626019,182.86724126878056
1632,5175-AOBHI,0.7027019149021191,46.0,1104.0,775.7829140519394,182.7348742155818
1633,6682-QJDGB,0.5841133101910028,55.25,1326.0,774.5342493132697,182.3602747939809
1634,2754-SDJRD,0.32203717645502905,100.15,2403.6000000000004,774.0485573273079,182.21456719819236
1635,3859-CVCET,0.7054739419899504,45.65,1095.6,772.9172508441895,181.87517525325686
1636,0991-BRRFB,0.6518703169400331,49.4,1185.6,772.8574477641031,181.85723432923092
1637,5295-PCJOO,0.6511162200738468,49.4,1185.6,771.9633905195527,181.5890171558658
1638,9800-ONTFE,0.42428341625983873,75.8,1819.1999999999998,771.8563908598985,181.55691725796953
1639,3338-CVVEH,0.3398760446213946,94.55,2269.2,771.2467204548685,181.37401613646054
1640,4959-JOSRX,0.7204321902926967,44.6,1070.4,771.1506164893026,181.34518494679077
1641,6137-NICCO,0.34112827690173997,94.05,2257.2,769.9947466226074,180.9984239867822
1642,4143-HHPMK,0.37542682714147835,85.35,2048.3999999999996,769.0243127166041,180.7072938149812
1643,2027-OAQQC,0.6531757116047217,49.05,1177.1999999999998,768.9184477010782,180.67553431032346
1644,1585-MQSSU,0.6211927400473234,51.5,1236.0,767.7942266984917,180.3382680095475
1645,6338-AVWCY,0.796504037968762,40.15,963.5999999999999,767.511290986699,180.2533872960097
1646,3323-CPBWR,0.329953144070189,96.9,2325.6000000000004,767.3390318496316,180.20170955488948
1647,2773-OVBPK,0.287235924425052,111.3,2671.2,767.2646013241989,180.17938039725968
1648,5935-FCCNB,0.3384870350250121,94.2,2260.8,765.2514887845474,179.57544663536422
1649,9793-WECQC,0.3343877288659674,95.3,2287.2,764.8116134622405,179.44348403867215
1650,8393-DLHGA,0.33204917918076904,95.9,2301.6000000000004,764.2443908024582,179.27331724073744
1651,7675-OZCZG,0.7073144185154157,45.0,1080.0,763.8995719966489,179.16987159899466
1652,1833-TCXKK,0.2953583108955927,107.75,2586.0,763.7965919760028,179.13897759280084
1653,1200-TUZHR,0.37337526288402484,85.2,2044.8000000000002,763.4777375452541,179.04332126357622
1654,6583-KQJLK,0.3360770433494256,94.65,2271.6000000000004,763.4326116725554,179.02978350176662
1655,3588-WSTTJ,0.3211124900351014,99.05,2377.2,763.3486113114429,179.00458339343288
1656,0529-ONKER,0.42037143770066754,75.65,1815.6000000000001,763.226382289332,178.96791468679962
1657,2761-OCIAX,0.4252046908129615,74.7,1792.8000000000002,762.3069696894775,178.69209090684322
1658,6034-ZRYCV,0.5858175027561734,54.2,1300.8000000000002,762.0314075852305,178.60942227556913
1659,3452-GWUIN,0.33427153642631585,94.95,2278.8,761.7379772082886,178.5213931624866
1660,7176-WIONM,0.6355049726725751,49.85,1196.4,760.3181493054689,178.09544479164066
1661,2842-JTCCU,0.6878758752653976,46.05,1105.1999999999998,760.2404173433173,178.07212520299518
1662,2254-DLXRI,0.39994961345496155,79.15,1899.6000000000001,759.744285719045,177.9232857157135
1663,6986-IXNDM,0.3402769016736423,92.9,2229.6000000000004,758.6813799715529,177.60441399146586
1664,9603-OAIHC,0.4510209054965095,70.05,1681.1999999999998,758.2563463207317,177.4769038962195
1665,0621-TWIEM,0.6935618009660184,45.55,1093.1999999999998,758.2017608160512,177.46052824481535
1666,4855-SNKMY,0.7163071907954818,44.1,1058.4,758.139530737938,177.4418592213814
1667,9824-BEMCV,0.4575964720635392,69.0,1656.0,757.779757737221,177.33392732116627
1668,9465-RWMXL,0.3998861361781335,78.9,1893.6000000000001,757.2243874669136,177.1673162400741
1669,2262-SLNVK,0.4497899811440137,70.1,1682.3999999999999,756.7266642766886,177.01799928300656
1670,9605-WGJVW,0.4488778613094183,70.2,1684.8000000000002,756.269420734108,176.88082622023242
1671,6030-REHUX,0.284234005101755,110.85,2660.3999999999996,756.176147172709,176.8528441518127
1672,5331-RGMTT,0.31791702519874254,99.05,2377.2,755.7523523024507,176.72570569073523
1673,9167-APMXZ,0.37375049602259475,84.15,2019.6000000000001,754.8265017672325,176.44795053016972
1674,6982-SSHFK,0.7079978347423843,44.4,1065.6,754.4424927014846,176.3327478104454
1675,7614-QVWQL,0.6064036697205951,51.8,1243.1999999999998,753.8810421966438,176.1643126589931
1676,0772-GYEQQ,0.3555173292080192,88.35,2120.3999999999996,753.8389448526838,176.1516834558051
1677,8739-XNIKG,0.3738670915722784,84.0,2016.0,753.7160566097132,176.11481698291394
1678,6595-COKXZ,0.7054006147718074,44.45,1066.8000000000002,752.5213758385643,175.7564127515693
1679,7422-WNBTY,0.33535082631233093,93.35,2240.3999999999996,751.3199912701461,175.39599738104383
1680,3211-AAPKX,0.3175658507739319,98.55,2365.2,751.1067502505036,175.33202507515108
1681,9281-OFDMF,0.34470156362136795,90.7,2176.8,750.3463636909938,175.10390910729814
1682,0156-FVPTA,0.5765779458176383,54.2,1300.8000000000002,750.012591919584,175.0037775758752
1683,3005-NFMTA,0.31624830178052166,98.8,2371.2,749.8879731819729,174.96639195459187
1684,7410-KTVFV,0.6297285798645718,49.55,1189.1999999999998,748.8732271749486,174.66196815248458
1685,7363-QTBIW,0.3911653475838122,79.75,1914.0,748.6904752754166,174.60714258262496
1686,6633-MPWBS,0.6336626299299204,49.2,1180.8000000000002,748.2288334212501,174.46865002637503
1687,2018-QKYGT,0.3846280700798394,81.05,1945.1999999999998,748.1785219193035,174.45355657579105
1688,1428-IEDPR,0.28469381552649636,109.3,2623.2,746.8088168891052,174.04264506673155
1689,9448-REEVD,0.6951971184403619,44.7,1072.8000000000002,745.8074686628204,173.7422405988461
1690,1891-UAWWU,0.342021175542217,90.8,2179.2,745.3325457415992,173.59976372247976
1691,7639-SUPCW,0.635756852307628,48.8,1171.1999999999998,744.5984254226938,173.37952762680814
1692,0310-MVLET,0.31288819924079725,99.15,2379.6000000000004,744.5487589134012,173.36462767402037
1693,6645-MXQJT,0.3193910482337576,97.1,2330.3999999999996,744.3088988039485,173.29266964118455
1694,4566-QVRRW,0.7039259980175887,44.05,1057.1999999999998,744.1905651041947,173.2571695312584
1695,2123-AGEEN,0.36716422554203254,84.35,2024.3999999999999,743.2872581872906,172.98617745618716
1696,1173-XZPYF,0.34714167667130597,89.2,2140.8,743.1609014179319,172.94827042537955
1697,5047-LHVLY,0.6173366723925577,50.15,1203.6,743.0264188916824,172.9079256675047
1698,8614-VGMMV,0.6304233612769369,49.1,1178.4,742.8908889287425,172.86726667862274
1699,2947-DOMLJ,0.6116615619208524,50.6,1214.4,742.8018007966832,172.84054023900495
1700,2800-QQUSO,0.3082978538583848,100.3,2407.2,742.1345938079039,172.64037814237116
1701,8734-DKSTZ,0.3597277512664516,85.95,2062.8,742.0464053124365,172.61392159373094
1702,4811-JBUVU,0.3438484257107053,89.9,2157.6000000000004,741.8873633134178,172.56620899402535
1703,7253-UVNDW,0.5685943028254765,54.35,1304.4,741.6744086055517,172.50232258166548
1704,2519-LBNQL,0.2960853608323613,104.35,2504.3999999999996,741.5161776685655,172.45485330056965
1705,5405-ZMYXQ,0.4134280360171461,74.6,1790.3999999999999,740.2015556850984,172.0604667055295
1706,1452-VOQCH,0.410542277613518,75.1,1802.3999999999999,739.9614011706049,171.98842035118145
1707,9514-JDSKI,0.7664354882731284,40.2,964.8000000000001,739.4569590859143,171.83708772577427
1708,2495-KZNFB,0.3398302540253383,90.65,2175.6000000000004,739.3347006575261,171.80041019725783
1709,9121-PHQSR,0.3618678783491692,85.05,2041.1999999999998,738.6447132863242,171.59341398589726
1710,8644-XLFBW,0.429477428341138,71.65,1719.6000000000001,738.529385775421,171.5588157326263
1711,8364-TRMMK,0.6069845434273656,50.65,1215.6,737.8504109903056,171.35512329709167
1712,3932-IJWDZ,0.296455372309806,103.65,2487.6000000000004,737.4623841578735,171.23871524736205
1713,8378-LKJAF,0.3035941530831214,101.15,2427.6000000000004,737.0051660245856,171.10154980737568
1714,1212-GLHMD,0.3568612587775074,86.05,2065.2,736.9898716273083,171.09696148819248
1715,0455-XFASS,0.44135339122795214,69.55,1669.1999999999998,736.7070806376977,171.0121241913093
1716,3982-XWFZQ,0.6104922335450924,50.25,1206.0,736.2536336553815,170.87609009661443
1717,6357-JJPQT,0.380946342357643,80.5,1932.0,735.9883334349663,170.79650003048988
1718,1809-DMJHQ,0.6663098512722747,46.0,1104.0,735.6060758045912,170.68182274137737
1719,9079-YEXQJ,0.275657252767327,111.1,2666.3999999999996,735.0124987788006,170.50374963364018
1720,7398-SKNQZ,0.3227091868644498,94.9,2277.6000000000004,735.0024440024711,170.5007332007413
1721,9093-FPDLG,0.32467541872105565,94.2,2260.8,734.0261866445627,170.2078559933688
1722,1698-XFZCI,0.28357828327456625,107.75,2586.0,733.3334405480283,170.00003216440848
1723,7748-UMTRK,0.30157720457982834,101.3,2431.2,733.1944997744786,169.95834993234357
1724,5669-SRAIP,0.7733651337479603,39.5,948.0,733.1501467930664,169.9450440379199
1725,1013-QCWAM,0.3027724608543666,100.8,2419.2,732.4671372988836,169.74014118966508
1726,4067-HLYQI,0.4331317753774456,70.4,1689.6000000000001,731.8194476777322,169.54583430331965
1727,9863-JZAIC,0.5538196416384009,55.0,1320.0,731.0419269626892,169.31257808880676
1728,1469-LBJQJ,0.28951689277328585,105.2,2524.8,730.9722508739922,169.29167526219763
1729,2833-SLKDQ,0.6760271009434053,45.05,1081.1999999999998,730.9205015400097,169.2761504620029
1730,6918-UMQCG,0.37965490671967145,80.2,1924.8000000000002,730.7597644540236,169.2279293362071
1731,2688-BHGOG,0.38272290716099366,79.55,1909.1999999999998,730.694574351769,169.2083723055307
1732,7682-AZNDK,0.3382250342771532,89.85,2156.3999999999996,729.3484639152531,168.80453917457592
1733,2424-WVHPL,0.40679260903069875,74.7,1792.8000000000002,729.2977894702368,168.78933684107105
1734,1215-FIGMP,0.3376930404782933,89.9,2157.6000000000004,728.6065041359657,168.5819512407897
1735,3877-JRJIP,0.5071861625732137,59.85,1436.4,728.5222039201642,168.55666117604926
1736,4884-ZTHVF,0.34792803500484915,87.1,2090.3999999999996,727.3087643741366,168.19262931224097
1737,6630-UJZMY,0.36338159846496126,83.25,1998.0,726.0364337329926,167.81093011989776
1738,0080-OROZO,0.3046338037230283,99.25,2382.0,725.6377204682534,167.691316140476
1739,9919-KNPOO,0.3204875982204739,94.3,2263.2,725.3275322925765,167.59825968777295
1740,7593-JNWRU,0.6763100774588204,44.6,1070.4,723.9223069119215,167.17669207357645
1741,3776-EKTKM,0.8263941139142352,36.45,874.8000000000001,722.929570852173,166.8788712556519
1742,3085-QUOZK,0.6852050950979817,43.95,1054.8000000000002,722.7543343093512,166.82630029280534
1743,8080-DDEMJ,0.6677237229269671,45.1,1082.4,722.7441576961493,166.82324730884477
1744,8180-AKMJV,0.6758846433640484,44.55,1069.1999999999998,722.6558606848405,166.79675820545214
1745,5027-YOCXN,0.2734333100476539,110.05,2641.2,722.1920584978635,166.65761754935906
1746,3580-REOAC,0.6705989337950731,44.85,1076.4,721.8326923370167,166.549807701105
1747,8695-ARGXZ,0.39726830976504146,75.55,1813.1999999999998,720.3268992659731,166.09806977979193
1748,7446-KQISO,0.27325666258873393,109.75,2634.0,719.7580492587252,165.92741477761757
1749,8740-XLHDR,0.6932483215427154,43.25,1038.0,719.5917577613386,165.87752732840158
1750,1208-DNHLN,0.6201197305198798,48.35,1160.4,719.5869352952685,165.87608058858055
1751,5605-IYGFG,0.4290602060801832,69.85,1676.3999999999999,719.276529472819,165.7829588418457
1752,1271-SJBGZ,0.6856528103758652,43.65,1047.6,718.2898841497564,165.48696524492692
1753,5043-TRZWM,0.3956671505567333,75.55,1813.1999999999998,717.4236773894687,165.22710321684062
1754,9835-ZIITK,0.26947465409418675,110.85,2660.3999999999996,716.9103697521743,165.0731109256523
1755,0018-NYROU,0.4330910614047193,68.95,1654.8000000000002,716.6790884125296,165.00372652375887
1756,4660-IRIBM,0.33925952141940896,87.9,2109.6000000000004,715.7018863863852,164.71056591591557
1757,3766-EJLFL,0.27346089136862783,109.05,2617.2,715.7018448899727,164.7105534669918
1758,7465-ZZRVX,0.4233935054325221,70.35,1688.3999999999999,714.8575945722703,164.45727837168107
1759,1482-OXZSY,0.2959798393215583,100.4,2409.6000000000004,713.193020829227,163.95790624876807
1760,9820-RMCQV,0.6120302317377571,48.55,1165.1999999999998,713.1376260208344,163.94128780625033
1761,4690-LLKUA,0.6585379494448046,45.05,1081.1999999999998,712.0112309397226,163.60336928191677
1762,2495-INZWQ,0.6655177726987871,44.55,1069.1999999999998,711.5716025695431,163.4714807708629
1763,5553-AOINX,0.2825344366003193,104.9,2517.6000000000004,711.308697584964,163.39260927548918
1764,6439-GTPCA,0.33968222169257417,87.25,2094.0,711.2945722242503,163.38837166727507
1765,4488-KQFDT,0.28503899119252474,103.95,2494.8,711.1152752271107,163.33458256813321
1766,2277-DJJDL,0.29898386726787346,99.0,2376.0,710.3856686284673,163.1157005885402
1767,3003-CMDUU,0.3105940062577061,95.15,2283.6000000000004,709.2724726900977,162.7817418070293
1768,3132-TVFDZ,0.6586354867196034,44.85,1076.4,708.9552379049811,162.68657137149432
1769,6559-PDZLR,0.29939241408787903,98.65,2367.6000000000004,708.8414795944625,162.65244387833874
1770,5087-SUURX,0.7559145662361022,39.05,937.1999999999999,708.443131476475,162.53293944294248
1771,0511-JTEOY,0.4150042223481193,71.1,1706.3999999999999,708.1632050148307,162.44896150444922
1772,8040-MNRTF,0.4150042223481193,71.1,1706.3999999999999,708.1632050148307,162.44896150444922
1773,2778-OCLGR,0.7539128921558113,39.1,938.4000000000001,707.4718579990133,162.241557399704
1774,0841-NULXI,0.8290294986837357,35.55,853.1999999999999,707.3279682769632,162.19839048308896
1775,0916-QOFDP,0.3075882451379064,95.8,2299.2,707.2068932210743,162.1620679663223
1776,4633-MKHYU,0.33316405455404646,88.4,2121.6000000000004,706.840858141865,162.05225744255952
1777,9058-MJLZC,0.311239525693295,94.6,2270.3999999999996,706.6382191340568,161.99146574021705
1778,4607-CHPCA,0.3255492058555912,90.4,2169.6000000000004,706.3115570242908,161.89346710728722
1779,3411-WLRSQ,0.3941464822293518,74.6,1790.3999999999999,705.6798617834314,161.70395853502941
1780,3091-FYHKI,0.8290294986837357,35.45,850.8000000000001,705.3382974801224,161.6014892440367
1781,7048-GXDAY,0.2750601893914776,106.4,2553.6000000000004,702.3936996300772,160.71810988902317
1782,5429-LWCMV,0.3282755710687359,89.15,2139.6000000000004,702.3784118586674,160.7135235576002
1783,9821-BESNZ,0.2805162496232465,104.25,2502.0,701.8516565573627,160.55549696720882
1784,4690-PKDQG,0.3060103160674057,95.55,2293.2,701.7428568057746,160.52285704173238
1785,2219-MVUSO,0.647434248290932,45.15,1083.6,701.5597514480538,160.46792543441614
1786,8775-CEBBJ,0.6612094251129772,44.2,1060.8000000000002,701.4109581598464,160.4232874479539
1787,5937-EORGB,0.3027650930179089,96.5,2316.0,701.203955429477,160.3611866288431
1788,4059-IIEBK,0.3717008873159968,78.55,1885.1999999999998,700.7305127681171,160.21915383043515
1789,6362-QHAFM,0.26921882343172954,108.3,2599.2,699.7535658637514,159.92606975912543
1790,3945-GFWQL,0.6541348372329236,44.55,1069.1999999999998,699.4009679694418,159.82029039083253
1791,4081-DYXAV,0.6490857703625056,44.85,1076.4,698.6759232182011,159.60277696546032
1792,9050-QLROH,0.32094386202267133,90.7,2176.8,698.6305988509511,159.5891796552853
1793,5628-FCGYG,0.34598933298258794,84.1,2018.3999999999999,698.3448696920555,159.50346090761664
1794,4683-WYDOU,0.27039499045714716,107.6,2582.3999999999996,698.2680233565367,159.480407006961
1795,2187-LZGPL,0.7250546517449908,40.1,962.4000000000001,697.7925968393793,159.33777905181378
1796,2731-GJRDG,0.26506924434009316,109.55,2629.2,696.9200572189728,159.07601716569184
1797,5027-XWQHA,0.648880614588643,44.75,1074.0,696.8977800682026,159.06933402046076
1798,0587-DMGBH,0.5817251407919406,49.85,1196.4,695.9759584434778,158.79278753304334
1799,9039-RBEEE,0.5922466323612852,48.95,1174.8000000000002,695.7713436980379,158.73140310941136
1800,0186-CAERR,0.24889447245456492,116.3,2791.2,694.7142515151816,158.41427545455446
1801,3192-LNKRK,0.3443926755079861,84.05,2017.1999999999998,694.7089050347095,158.41267151041282
1802,0396-YCHWO,0.30309251498105627,95.4,2289.6000000000004,693.9606223006266,158.18818669018796
1803,7663-RGWBC,0.6548486928740285,44.15,1059.6,693.8776749693205,158.16330249079616
1804,8356-WUAOJ,0.6423051012124196,45.0,1080.0,693.6895093094131,158.10685279282393
1805,3422-GALYP,0.36267319425029443,79.45,1906.8000000000002,691.5452467964615,157.46357403893845
1806,3030-YZADT,0.6397466996083347,44.95,1078.8000000000002,690.1587395374717,157.04762186124148
1807,0447-BEMNG,0.6347136452527659,45.3,1087.1999999999998,690.0606751188069,157.01820253564208
1808,5285-MVEHD,0.27213466075307974,105.6,2534.3999999999996,689.6980842126052,156.90942526378154
1809,7890-VYYWG,0.7882162029009102,36.45,874.8000000000001,689.5315342977163,156.8594602893149
1810,7852-LECYP,0.3060434950285143,93.8,2251.2,688.9651160081913,156.6895348024574
1811,4847-TAJYI,0.32126120118277485,89.35,2144.3999999999996,688.9125198163423,156.6737559449027
1812,4238-JSSWH,0.28070317664707184,102.05,2449.2,687.4982202440083,156.24946607320248
1813,6507-ZJSUR,0.31657020872666736,90.45,2170.8,687.2106091038496,156.16318273115488
1814,6551-GNYDG,0.3539207044338424,80.9,1941.6000000000001,687.1724397287484,156.1517319186245
1815,5288-AHOUP,0.3643714382271226,78.5,1884.0,686.4757896198989,155.94273688596968
1816,5204-QZXPU,0.7213647490848726,39.65,951.5999999999999,686.4506952291647,155.9352085687494
1817,9643-AVVWI,0.35746016595605123,80.0,1920.0,686.3235186356184,155.8970555906855
1818,2806-MLNTI,0.27155321987825387,105.1,2522.3999999999996,684.9658418209075,155.48975254627223
1819,0928-XUTSN,0.3541942530154032,80.5,1932.0,684.3032968257589,155.29098904772766
1820,0822-GAVAP,0.8189883021037806,34.7,832.8000000000001,682.0534579920285,154.61603739760855
1821,5378-IKEEG,0.7938239529877794,35.75,858.0,681.1009516635147,154.3302854990544
1822,2957-LOLHO,0.6249783227500532,45.4,1089.6,680.9763804684578,154.29291414053733
1823,3174-RKMOW,0.257780780169524,109.95,2638.8,680.23192271134,154.069576813402
1824,7952-OBOYL,0.3151065540560746,89.85,2156.3999999999996,679.4957731665191,153.84873194995575
1825,0623-IIHUG,0.6754907404997679,41.9,1005.5999999999999,679.2734886465665,153.78204659396997
1826,6242-MBHPK,0.2969637479952353,95.1,2282.3999999999996,677.7900584243249,153.33701752729746
1827,8120-JDCAM,0.406024260992757,69.55,1669.1999999999998,677.7356964491099,153.32070893473298
1828,7963-GQRMY,0.6366156010501877,44.3,1063.1999999999998,676.8497070365594,153.05491211096782
1829,5180-UCIIQ,0.7040871964002646,40.05,961.1999999999999,676.7686131799343,153.03058395398028
1830,7854-FOKSF,0.7853193650929067,35.9,861.5999999999999,676.6311649640484,152.9893494892145
1831,1095-JUDTC,0.2962013931675271,95.05,2281.2,675.6946180937628,152.70838542812882
1832,8875-AKBYH,0.333661418823289,84.35,2024.3999999999999,675.4641762658662,152.63925287975985
1833,2789-HQBOU,0.3488608736516351,80.35,1928.3999999999999,672.7433087498131,151.8229926249439
1834,9667-EQRXU,0.695379491128621,40.3,967.1999999999999,672.5710438196021,151.7713131458806
1835,9036-CSKBW,0.2607590002940829,107.45,2578.8,672.445309958381,151.7335929875143
1836,0187-QSXOE,0.3148022621570631,89.0,2136.0,672.4176319674867,151.725289590246
1837,2692-BUCFV,0.2761554004182253,101.45,2434.8,672.383168938295,151.7149506814885
1838,6769-DCQLI,0.26662218335510746,105.0,2520.0,671.8879020548708,151.56637061646123
1839,8123-QBNAZ,0.26735225071678503,104.5,2508.0,670.5194447976969,151.15583343930908
1840,2485-ITVKB,0.7957842880802662,35.1,842.4000000000001,670.3686842788163,151.1106052836449
1841,3878-AVSOQ,0.3915129244249226,71.25,1710.0,669.4871007666176,150.84613022998528
1842,2959-FENLU,0.32683479789216846,85.3,2047.1999999999998,669.0961982448472,150.72885947345415
1843,4395-PZMSN,0.32578197051112456,85.55,2053.2,668.8955418534409,150.66866255603227
1844,7593-XFKDI,0.6004575290401336,46.3,1111.1999999999998,667.2284062693964,150.1685218808189
1845,1379-FRVEB,0.3054336848755864,91.0,2184.0,667.0671677682808,150.12015033048422
1846,4628-CTTLA,0.706976113802303,39.3,943.1999999999999,666.8198705383321,150.04596116149963
1847,6959-UWKHF,0.6476123400209383,42.9,1029.6,666.781665285558,150.0344995856674
1848,6377-WHAOX,0.2616824047013216,106.15,2547.6000000000004,666.662094217087,149.9986282651261
1849,4521-YEEHE,0.3120289320729678,88.85,2132.3999999999996,665.3704947523963,149.61114842571888
1850,7508-SMHXL,0.311450399240855,89.0,2136.0,665.2580527784662,149.57741583353985
1851,6229-LSCKB,0.3477017480563201,79.7,1912.8000000000002,665.0839036821292,149.52517110463876
1852,9667-TKTVZ,0.5082106858205827,54.35,1304.4,662.9100185843681,148.87300557531043
1853,7384-GHBPI,0.7857828520575406,35.15,843.5999999999999,662.8864139957412,148.86592419872235
1854,8205-OTCHB,0.6311533716138313,43.75,1050.0,662.7110401945229,148.81331205835684
1855,5498-TXHLF,0.31523373553911116,87.45,2098.8,661.6125641494865,148.48376924484594
1856,7136-RVDTZ,0.6080433595454743,45.25,1086.0,660.3350884663851,148.1005265399155
1857,9475-NNDGC,0.24311553874484026,113.15,2715.6000000000004,660.2045570154883,148.06136710464648
1858,4098-NAUKP,0.3246609298013113,84.65,2031.6000000000001,659.5811449843441,147.8743434953032
1859,2014-MKGMH,0.27177140006177164,101.1,2426.3999999999996,659.4261251098826,147.82783753296476
1860,7346-MEDWM,0.32989423390050143,83.25,1998.0,659.1286793332018,147.73860379996054
1861,4536-PLEQY,0.3225173559518753,85.05,2041.1999999999998,658.3224269689678,147.4967280906903
1862,0480-BIXDE,0.28324887046639213,96.8,2323.2,658.0437758675222,147.41313276025664
1863,5032-MIYKT,0.38766840417612203,70.7,1696.8000000000002,657.795748206044,147.3387244618132
1864,5666-CYCYZ,0.3052529576493616,89.55,2149.2,656.0496565800079,146.81489697400235
1865,9054-FOWNV,0.3079885214418027,88.75,2130.0,656.0155506710398,146.80466520131193
1866,1746-TGTWV,0.3625195558068469,75.35,1808.3999999999999,655.5803647211019,146.67410941633057
1867,1092-GANHU,0.3563440732932818,76.65,1839.6000000000001,655.5305572303213,146.65916716909638
1868,4001-TSBTV,0.2982503405912044,91.55,2197.2,655.3156483469943,146.59469450409827
1869,9381-NDKME,0.6704804882648355,40.65,975.5999999999999,654.1207643511735,146.23622930535205
1870,7483-IQWIB,0.2931561423500346,92.95,2230.8,653.9727223544572,146.19181670633716
1871,0375-HVGXO,0.785091718328389,34.7,832.8000000000001,653.8243830238824,146.1473149071647
1872,0447-RXSGD,0.2731728000396021,99.65,2391.6000000000004,653.3200685747124,145.99602057241373
1873,3346-BRMIS,0.5629227730771577,48.35,1160.4,653.2155858787338,145.96467576362014
1874,7993-NQLJE,0.36178598662751627,75.1,1802.3999999999999,652.0830622974353,145.62491868923058
1875,1304-BCCFO,0.3875750310838338,70.05,1681.1999999999998,651.5911422581413,145.47734267744238
1876,1740-CSDJP,0.7699906621818039,35.25,846.0,651.412100205806,145.42363006174182
1877,0027-KWYKW,0.32386910911230504,83.75,2010.0,650.9769093157331,145.29307279471993
1878,3062-ICYZQ,0.2890917247731349,93.8,2251.2,650.8032908092812,145.24098724278434
1879,8775-ERLNB,0.36358460356695693,74.3,1783.1999999999998,648.3440650805975,144.50321952417923
1880,4854-CIDCF,0.3647282480011881,73.85,1772.3999999999999,646.4443467573057,143.9333040271917
1881,7823-JSOAG,0.3612559155578672,74.5,1788.0,645.9255770174665,143.77767310523993
1882,4193-ORFCL,0.5965888066490062,45.1,1082.4,645.7477243168843,143.72431729506528
1883,2408-WITXK,0.7748045015303909,34.7,832.8000000000001,645.2571888745097,143.5771566623529
1884,0730-KOAVE,0.28510375577317343,94.3,2263.2,645.246820065846,143.5740460197538
1885,9840-EFJQB,0.36147377159010824,74.35,1784.3999999999999,645.0137980253891,143.50413940761672
1886,5692-ICXLW,0.2954609195978468,90.7,2176.8,643.159329780593,142.94779893417788
1887,0836-SEYLU,0.6589109362368737,40.65,975.5999999999999,642.8335093926939,142.85005281780818
1888,3420-YJLQT,0.3360220701442724,79.55,1909.1999999999998,641.5333363194447,142.46000089583342
1889,2920-RNCEZ,0.38132710004001585,69.95,1678.8000000000002,640.1719355471787,142.0515806641536
1890,7296-PIXQY,0.3799194270100158,70.2,1684.8000000000002,640.0882506264746,142.0264751879424
1891,8059-UDZFY,0.25314826400683754,105.35,2528.3999999999996,640.060070714888,142.0180212144664
1892,0168-XZKBB,0.3070441810217307,86.85,2084.3999999999996,640.0028909216953,142.0008672765086
1893,4566-NECEV,0.27617526030392225,96.55,2317.2,639.9533131762486,141.98599395287457
1894,8016-NCFVO,0.22873872103436693,116.5,2796.0,639.55346401209,141.866039203627
1895,6267-DCFFZ,0.2959041638208687,90.05,2161.2,639.5080788496614,141.85242365489842
1896,3841-CONLJ,0.7600403700731146,35.0,840.0,638.4339108614163,141.53017325842487
1897,3932-CMDTD,0.25144317097305274,105.65,2535.6000000000004,637.5593043192727,141.2677912957818
1898,6435-SRWBJ,0.32079759509357614,82.75,1986.0,637.1040238558422,141.13120715675265
1899,8840-DQLGN,0.26404475646795095,100.5,2412.0,636.8759526006977,141.0627857802093
1900,1862-SKORY,0.6746394936273661,39.3,943.1999999999999,636.3199703893316,140.89599111679948
1901,5696-QURRL,0.588434204153299,45.05,1081.1999999999998,636.2150615305467,140.864518459164
1902,8722-NGNBH,0.6626240810321833,40.0,960.0,636.119117790896,140.8357353372688
1903,2479-BRAMR,0.31624303474734894,83.75,2010.0,635.6484998421714,140.6945499526514
1904,7315-WYOAW,0.262600263257054,100.75,2418.0,634.9674365555566,140.49023096666696
1905,7245-NIIWQ,0.3785434829418573,69.85,1676.3999999999999,634.5902948037295,140.37708844111884
1906,8066-POXGX,0.7522742358047442,35.1,842.4000000000001,633.7158162419165,140.11474487257496
1907,2207-QPJED,0.29301658877043224,90.0,2160.0,632.9158317441336,139.87474952324007
1908,2869-ADAWR,0.2951673412386662,89.3,2143.2,632.6026457427095,139.78079372281283
1909,7721-JXEAW,0.6407296871173054,41.05,985.1999999999999,631.2468877479693,139.37406632439078
1910,2832-KJCRD,0.25358854488336224,103.65,2487.6000000000004,630.826864251852,139.24805927555562
1911,7517-LDMPS,0.3103007930068986,84.6,2030.3999999999999,630.0347301212068,139.01041903636204
1912,1689-YQBYY,0.3423729409796903,76.6,1838.3999999999999,629.4184146970625,138.82552440911874
1913,2504-DSHIH,0.3010330052605691,86.8,2083.2,627.1119565588175,138.13358696764524
1914,9626-VFRGG,0.2952394199739577,88.5,2124.0,627.0885280246862,138.12655840740584
1915,4879-GZLFH,0.2834652877104412,92.15,2211.6000000000004,626.9118303004119,138.07354909012358
1916,1784-EZDKJ,0.24386518422426812,106.8,2563.2,625.075240203644,137.52257206109317
1917,2139-FQHLM,0.2894294436694451,89.95,2158.8,624.8202829935982,137.44608489807945
1918,2984-AFWNC,0.27262648422674773,95.4,2289.6000000000004,624.2055982855617,137.2616794856685
1919,6745-JEFZB,0.2840254054037981,91.5,2196.0,623.7197902667407,137.1159370800222
1920,6693-FRIRW,0.25634895037673894,101.3,2431.2,623.2355681559277,136.9706704467783
1921,2108-XWMPY,0.7325148046750874,35.45,850.8000000000001,623.2235958175645,136.96707874526933
1922,1028-FFNJK,0.25568190172708444,101.5,2436.0,622.8411126071777,136.8523337821533
1923,0786-VSSUD,0.6651635511818719,39.0,936.0,622.5930839062321,136.7779251718696
1924,5440-VHLUL,0.24654468625906087,105.2,2524.8,622.476023866877,136.74280716006308
1925,6818-DJXAA,0.28448216300394186,91.1,2186.3999999999996,621.9918011918184,136.5975403575455
1926,5294-DMSFH,0.29503370706514814,87.8,2107.2,621.6950275276802,136.50850825830403
1927,9948-YPTDG,0.3254659814796418,79.45,1906.8000000000002,620.598533485381,136.1795600456143
1928,5813-UECBU,0.30804567763731006,83.85,2012.3999999999999,619.9111216773227,135.9733365031968
1929,3658-KIBGF,0.4701432658385702,54.9,1317.6,619.4607670689,135.83823012067
1930,6710-HSJRD,0.22609057860806123,114.1,2738.3999999999996,619.1264404603148,135.73793213809444
1931,7404-JLKQG,0.4480910268550168,57.55,1381.1999999999998,618.9033262921491,135.67099788764475
1932,5056-FIMPT,0.24293377035273522,106.0,2544.0,618.0235117773584,135.40705353320752
1933,3545-CNWRG,0.26175631896295765,98.35,2360.3999999999996,617.8496152801652,135.35488458404953
1934,0829-XXPLX,0.2879336294449318,89.4,2145.6000000000004,617.7903953370458,135.33711860111373
1935,5816-QVHRX,0.25656530319006826,100.3,2407.2,617.6039978391323,135.28119935173967
1936,5302-BDJNT,0.2691753883374942,95.5,2292.0,616.9499900695367,135.084997020861
1937,0093-EXYQL,0.28068172933555563,91.55,2197.2,616.7138956960828,135.01416870882483
1938,4905-JEFDW,0.6176849140105607,41.6,998.4000000000001,616.6966181481439,135.00898544444317
1939,3295-YVUSR,0.35389157413386824,72.6,1742.3999999999999,616.620678770852,134.9862036312556
1940,5651-YLPRD,0.29721348626077065,86.1,2066.3999999999996,614.1619480092563,134.24858440277688
1941,8637-XJIVR,0.3238335058968642,78.95,1894.8000000000002,613.5997269733783,134.0799180920135
1942,7377-DMMRI,0.5347618619425961,47.8,1147.1999999999998,613.4788080205461,134.04364240616383
1943,0577-WHMEV,0.28174181020062167,90.7,2176.8,613.2955724447133,133.988671733414
1944,4430-UZIPO,0.6929927034373398,36.85,884.4000000000001,612.8827469199833,133.864824075995
1945,3751-KTZEL,0.7284425013533298,35.05,841.1999999999999,612.7658321384209,133.82974964152626
1946,6078-VESFR,0.361860583471756,70.45,1690.8000000000002,611.8338745340451,133.55016236021353
1947,9617-INGJY,0.359756293290728,70.6,1694.3999999999999,609.5710633518095,132.87131900554283
1948,3427-GGZZI,0.2845656784141727,89.1,2138.3999999999996,608.5152467208668,132.55457401626003
1949,6860-YRJZP,0.34216208115825736,74.05,1777.1999999999998,608.0904506344549,132.42713519033646
1950,8035-BUYVG,0.5975685701344488,42.35,1016.4000000000001,607.3686946846537,132.21060840539613
1951,6856-RAURS,0.33779727925035574,74.9,1797.6000000000001,607.2243891804395,132.16731675413186
1952,9469-WEJBT,0.2799082828041069,90.35,2168.3999999999996,606.9531204324253,132.08593612972757
1953,8309-IEYJD,0.3577499835073876,70.6,1694.3999999999999,606.1715720549175,131.85147161647527
1954,2309-OSFEU,0.7446463274304069,33.9,813.5999999999999,605.844251997379,131.7532755992137
1955,0117-LFRMW,0.6275602983963929,40.2,964.8000000000001,605.47017589284,131.641052767852
1956,5091-HFAZW,0.2765338559363607,91.15,2187.6000000000004,604.9454632463828,131.48363897391485
1957,7176-WRTNX,0.21911458847252288,114.95,2758.8,604.4933266779962,131.34799800339883
1958,5760-IFJOZ,0.2328911203742366,107.95,2590.8,603.3743146655722,131.01229439967167
1959,8849-AYPTR,0.27548120093075373,91.25,2190.0,603.3038300383507,130.9911490115052
1960,6923-JHPMP,0.31210192265965353,80.45,1930.8000000000002,602.6063922712591,130.78191768137773
1961,0817-HSUSE,0.3324313415843811,75.5,1812.0,602.3655909508985,130.70967728526955
1962,5136-GFPMB,0.28044727712233375,89.4,2145.6000000000004,601.7276777936794,130.5183033381038
1963,7544-ZVIKX,0.2380918314198953,105.05,2521.2,600.27712537584,130.08313761275198
1964,5647-FXOTP,0.23594370460834924,105.9,2541.6000000000004,599.6745196325805,129.90235588977416
1965,4826-DXMUP,0.34653314206916364,72.1,1730.3999999999999,599.6409490364807,129.8922847109442
1966,5982-FPVQN,0.2622854066703001,95.15,2283.6000000000004,598.9549546722974,129.68648640168922
1967,6905-NIQIN,0.49257148661532923,50.65,1215.6,598.7698991295941,129.63096973887824
1968,9705-IOVQQ,0.2513145276345212,99.0,2376.0,597.1233176596224,129.13699529788673
1969,8107-KNCIM,0.33108518080364374,75.1,1802.3999999999999,596.7479298804874,129.02437896414622
1970,5652-MSDEY,0.32737487927612896,75.75,1818.0,595.1675305240025,128.55025915720074
1971,1475-VWVDO,0.3310783864272847,74.9,1797.6000000000001,595.146507441687,128.54395223250611
1972,0141-YEAYS,0.28684392296432454,86.45,2074.8,595.1437713663806,128.5431314099142
1973,8963-JLGJT,0.4434521646906996,55.9,1341.6,594.9354241490425,128.48062724471276
1974,9896-UYMIE,0.21680197200237522,114.3,2743.2,594.7311695969157,128.4193508790747
1975,0771-WLCLA,0.21936577776710994,112.95,2710.8,594.6567503710817,128.3970251113245
1976,2657-VPXTA,0.2788327125634762,88.85,2132.3999999999996,594.5828762703566,128.37486288110696
1977,0899-LIIBW,0.24530640266708756,100.85,2420.3999999999996,593.7396170154186,128.1218851046256
1978,2824-MYYBN,0.2595480987345328,95.25,2286.0,593.3269537071419,127.99808611214257
1979,5382-SOYZL,0.2597888845476606,95.1,2282.3999999999996,592.9421500915804,127.88264502747413
1980,3312-UUMZW,0.24986766433216254,98.85,2372.3999999999996,592.7860468616224,127.8358140584867
1981,9741-YLNTD,0.28072767157286016,87.95,2110.8,592.5599691559933,127.76799074679798
1982,6173-GOLSU,0.260729720974878,94.65,2271.6000000000004,592.2736341665329,127.68209024995988
1983,6538-POCHL,0.31233732999844355,79.0,1896.0,592.1915776770489,127.65747330311467
1984,3370-GQEAL,0.2886340639566953,85.45,2050.8,591.9307383623907,127.57922150871721
1985,2378-VTKDH,0.23620614934337575,104.35,2504.3999999999996,591.5546804155501,127.46640412466505
1986,7668-XCFYV,0.2661612553585092,92.55,2221.2,591.1973804023206,127.35921412069618
1987,8952-WCVCD,0.23562592933844365,104.45,2506.8,590.6670796656106,127.20012389968318
1988,6641-XRPSU,0.3513996396639639,70.0,1680.0,590.3513946354594,127.10541839063782
1989,4671-LXRDQ,0.5465266566973541,45.0,1080.0,590.2487892331425,127.07463676994274
1990,9540-JYROE,0.3507303628084459,70.1,1682.3999999999999,590.0687623889293,127.02062871667877
1991,3951-NJCVI,0.2585535212628458,95.05,2281.2,589.8122927048038,126.94368781144112
1992,1016-DJTSV,0.3523116758187441,69.7,1672.8000000000002,589.3469713095952,126.80409139287858
1993,5649-TJHOV,0.6726262487803124,36.5,876.0,589.2205939315537,126.7661781794661
1994,8212-DJRCH,0.2716925250614496,90.35,2168.3999999999996,589.1380713432471,126.74142140297414
1995,9971-ZWPBF,0.22530616631866468,108.9,2613.6000000000004,588.8601962904621,126.65805888713862
1996,8687-BAFGU,0.3313664356422832,74.0,1776.0,588.506789700695,126.5520369102085
1997,3196-NVXLZ,0.28975121886774613,84.6,2030.3999999999999,588.3108747890717,126.4932624367215
1998,4797-AXPXK,0.40848646823171136,60.0,1440.0,588.2205142536644,126.46615427609933
1999,4983-CLMLV,0.23853398253327115,102.7,2464.8,587.9385601480068,126.38156804440203
2000,4813-HQMGZ,0.2712034475750781,90.25,2166.0,587.4266674476191,126.22800023428573
2001,8617-ENBDS,0.3316277712632017,73.6,1766.3999999999999,585.7872951593195,125.73618854779582
2002,5934-RMPOV,0.28789029466648364,84.75,2034.0,585.5688593516277,125.6706578054883
2003,3374-TTZTK,0.22920873312871173,106.3,2551.2,584.7573199579693,125.4271959873908
2004,0311-UNPFF,0.273562587538129,88.8,2131.2,583.0165865612605,124.90497596837815
2005,2672-TGEFF,0.2735522500069849,88.8,2131.2,582.9945552148862,124.89836656446585
2006,7576-JMYWV,0.2202358352582649,110.2,2644.8,582.4797370910591,124.74392112731772
2007,3415-TAILE,0.36910028282547475,65.7,1576.8000000000002,581.9973259592086,124.59919778776259
2008,0432-CAJZV,0.26727757360632726,90.7,2176.8,581.8098222262532,124.54294666787595
2009,0778-NELLA,0.6985387112889492,34.7,832.8000000000001,581.7430387614369,124.52291162843105
2010,3197-ARFOY,0.23037815538281264,105.0,2520.0,580.5529515646879,124.16588546940636
2011,1320-REHCS,0.21788272196212297,110.75,2658.0,579.1322749753228,123.73968249259684
2012,8648-PFRMP,0.5204131638526542,46.35,1112.4,578.9076034696926,123.67228104090779
2013,4130-MZLCC,0.47579207183633904,50.55,1213.1999999999998,577.2309415518464,123.16928246555392
2014,0434-CSFON,0.23918697701140204,100.5,2412.0,576.9189885515017,123.0756965654505
2015,7018-WBJNK,0.3069532789431407,78.3,1879.1999999999998,576.8266017899499,123.04798053698497
2016,7562-GSUHK,0.2578338475964899,93.2,2236.8,576.7227503038287,123.0168250911486
2017,0021-IKXGC,0.3321219907751594,72.1,1730.3999999999999,574.7038928373358,122.41116785120076
2018,4559-UWIHT,0.2896629367597562,82.65,1983.6000000000001,574.5754013566524,122.37262040699571
2019,2674-MIAHT,0.29790454166660557,80.3,1927.1999999999998,574.1216326998822,122.23648980996464
2020,6240-EURKS,0.6832730664684762,35.0,840.0,573.94937583352,122.18481275005598
2021,4123-DVHPH,0.27145955568901337,88.05,2113.2,573.648333082023,122.09449992460688
2022,8266-VBFQL,0.2643724720016335,90.4,2169.6000000000004,573.5825152547442,122.07475457642326
2023,1899-VXWXM,0.22515365125379178,106.1,2546.3999999999996,573.3312575526553,121.9993772657966
2024,4188-FRABG,0.23144760503216602,103.05,2473.2,572.4162167655529,121.72486502966586
2025,6786-OBWQR,0.29452497899744695,80.85,1940.3999999999999,571.4962692466461,121.4488807739938
2026,0644-OQMDK,0.33692860555259985,70.65,1695.6000000000001,571.2961435749884,121.38884307249651
2027,1552-AAGRX,0.2236789228832194,106.4,2553.6000000000004,571.1864974745891,121.35594924237674
2028,7923-IYJWY,0.2047813915344275,116.1,2786.3999999999996,570.6028693715288,121.18086081145861
2029,3489-HHPFY,0.2827396839796991,84.05,2017.1999999999998,570.342490523849,121.10274715715471
2030,1173-NOEYG,0.2635995674446894,90.15,2163.6000000000004,570.32402412333,121.097207236999
2031,0148-DCDOS,0.25076074964071293,94.7,2272.8,569.9290317834124,120.97870953502371
2032,2371-JQHZZ,0.2552189340938061,93.0,2232.0,569.6486608973752,120.89459826921254
2033,4450-DLLMH,0.3323521719103549,71.3,1711.1999999999998,568.7210365729992,120.61631097189976
2034,5879-SESNB,0.314452419640206,75.25,1806.0,567.901069870212,120.37032096106361
2035,0064-YIJGF,0.31226984559542004,75.75,1818.0,567.7065792924736,120.31197378774209
2036,6233-HXJMX,0.26463825314907885,89.3,2143.2,567.1727041491057,120.1518112447317
2037,5673-TIYIB,0.5838649846736292,40.4,969.5999999999999,566.1154891395508,119.83464674186524
2038,2480-EJWYP,0.24106397795055137,97.8,2347.2,565.8253690455341,119.74761071366024
2039,0929-PECLO,0.2626203397606008,89.6,2150.3999999999996,564.7387786211958,119.42163358635875
2040,2931-SVLTV,0.21328490794657656,110.1,2642.3999999999996,563.5840407580338,119.07521222741013
2041,5445-GLVOT,0.470924203218576,49.8,1195.1999999999998,562.8486076868419,118.85458230605255
2042,5233-AOZUF,0.31225583929938727,74.95,1798.8000000000002,561.6858037317379,118.50574111952136
2043,1608-GMEWB,0.24917861337502303,93.9,2253.6000000000004,561.548923101952,118.4646769305856
2044,0330-BGYZE,0.2281945785938305,102.5,2460.0,561.358663340823,118.40759900224688
2045,1343-EHPYB,0.22614965711424082,103.4,2481.6000000000004,561.2129890947001,118.36389672841003
2046,7516-GMHUV,0.2224426492054003,105.05,2521.2,560.8224071766552,118.24672215299657
2047,4816-OKWNX,0.22597256935161028,103.4,2481.6000000000004,560.7735281029561,118.23205843088684
2048,3088-LHEFH,0.29548263034802746,79.0,1896.0,560.2350671398601,118.07052014195804
2049,1932-UEDCX,0.23199171005088398,100.6,2414.3999999999996,560.1207847468542,118.03623542405623
2050,7928-VJYAB,0.25727191877684447,90.6,2174.3999999999996,559.4120601883706,117.82361805651115
2051,1302-UHBDD,0.2590723858414063,89.95,2158.8,559.2854665544279,117.78563996632838
2052,8035-PWSEV,0.26100279144990957,89.25,2142.0,559.0679792857063,117.72039378571188
2053,6260-ONULR,0.3704513562981613,62.8,1507.1999999999998,558.3442842125886,117.50328526377658
2054,2038-OEQZH,0.27007207108221876,86.05,2065.2,557.7528411989981,117.32585235969944
2055,5527-ACHSO,0.32903063084145445,70.5,1692.0,556.719827383741,117.01594821512228
2056,3898-GUYTS,0.2388865112317733,97.05,2329.2,556.4144619610463,116.92433858831387
2057,8325-QRPZR,0.30832819123438754,75.15,1803.6000000000001,556.1007257103414,116.83021771310243
2058,9904-EHEVJ,0.25357020827989823,91.35,2192.3999999999996,555.9273246328488,116.77819738985463
2059,0376-OIWME,0.2468959911113962,93.6,2246.3999999999996,554.6271544326404,116.38814632979211
2060,8650-RHRKE,0.7788310767862803,29.65,711.5999999999999,554.216194241117,116.26485827233509
2061,7252-NTGSS,0.5114499898456205,45.15,1083.6,554.2072089967144,116.26216269901431
2062,3855-ONCAR,0.2926075826755693,78.9,1893.6000000000001,554.0817185544581,116.22451556633743
2063,5599-HVLTW,0.2869676171002247,80.35,1928.3999999999999,553.3883528160733,116.01650584482198
2064,7975-TZMLR,0.22349116106849012,103.1,2474.3999999999996,553.0065289478719,115.90195868436155
2065,0530-IJVDB,0.20077919698622138,114.6,2750.3999999999996,552.2231033909032,115.66693101727097
2066,3030-YDNRM,0.30731323024624113,74.85,1796.3999999999999,552.0574868143475,115.61724604430424
2067,5141-ZUVBH,0.24706422590480975,93.0,2232.0,551.4473522195353,115.43420566586059
2068,7821-DPRQE,0.21290091388405602,107.7,2584.8,550.306282207508,115.0918846622524
2069,4329-YPDDQ,0.21191009601976077,108.2,2596.8,550.2881373441148,115.08644120323444
2070,3703-KBKZP,0.30783935354645575,74.45,1786.8000000000002,550.0473569168072,115.01420707504215
2071,0114-PEGZZ,0.2130796142753913,107.55,2581.2,550.00110036764,115.000330110292
2072,8008-HAWED,0.4506825064669141,50.75,1218.0,548.9312928767014,114.67938786301042
2073,7072-MBHEV,0.2924356505726693,78.1,1874.3999999999999,548.1413834334113,114.4424150300234
2074,7460-ITWWP,0.265198074581183,86.1,2066.3999999999996,548.0053013145564,114.4015903943669
2075,5701-YVSVF,0.27539339311878014,82.9,1989.6000000000001,547.922694949125,114.3768084847375
2076,6088-BXMRG,0.2308475420807484,98.85,2372.3999999999996,547.6627088323675,114.29881264971024
2077,2347-WKKAE,0.24167013908190263,94.4,2265.6000000000004,547.5278671039587,114.2583601311876
2078,8132-YPVBX,0.26532203928413467,85.95,2062.8,547.306302635313,114.1918907905939
2079,7206-PQBBZ,0.3246296849842266,70.2,1684.8000000000002,546.9360932614251,114.08082797842752
2080,7077-XJMET,0.3068586252440133,74.15,1779.6000000000001,546.0856094842461,113.82568284527383
2081,0330-IVZHA,0.3250086544044995,69.95,1678.8000000000002,545.6245290142738,113.68735870428213
2082,7722-CVFXN,0.2157780578954358,105.2,2524.8,544.7964405743963,113.43893217231889
2083,2874-YXVVA,0.21597272320772118,105.1,2522.3999999999996,544.7695970191559,113.43087910574675
2084,5016-IBERQ,0.26885370510099527,84.25,2022.0,543.6221917142125,113.08665751426375
2085,8450-UYIBU,0.5681894658786244,39.85,956.4000000000001,543.4164051663164,113.02492154989491
2086,7326-RIGQZ,0.3240228348981541,69.8,1675.1999999999998,542.8030530213877,112.84091590641628
2087,6847-KJLTS,0.22502908895037463,100.4,2409.6000000000004,542.2300927348227,112.66902782044681
2088,3797-FKOGQ,0.2619934758289625,86.2,2068.8,542.0121027949576,112.60363083848728
2089,2573-GYRUU,0.24705567773172107,91.05,2185.2,539.8660669793569,111.95982009380705
2090,9481-IEBZY,0.19919862975144315,112.9,2709.6000000000004,539.7486071745104,111.92458215235311
2091,5233-GEEAX,0.7642767295614336,29.4,705.5999999999999,539.2736603785474,111.78209811356422
2092,1508-DFXCU,0.2757492978191236,81.45,1954.8000000000002,539.0347273768228,111.71041821304684
2093,7055-HNEOJ,0.40229981265012815,55.8,1339.1999999999998,538.7599091010516,111.62797273031546
2094,4301-VVZKA,0.2975395236549562,75.4,1809.6000000000001,538.4275220060088,111.52825660180261
2095,3644-QXEHN,0.2312529394939203,97.0,2328.0,538.3568431418465,111.50705294255394
2096,8033-VCZGH,0.21566983748528806,103.95,2494.8,538.0531105582967,111.41593316748899
2097,1360-JYXKQ,0.22577943982721793,99.1,2378.3999999999996,536.9938196850551,111.09814590551653
2098,5271-DBYSJ,0.28254829996882086,79.15,1899.6000000000001,536.7287506207722,111.01862518623165
2099,2181-UAESM,0.41795355316513005,53.45,1282.8000000000002,536.1508180002289,110.84524540006868
2100,6635-CPNUN,0.2310338798401716,96.6,2318.3999999999996,535.6289470214538,110.68868410643611
2101,3916-NRPAP,0.2602643356880298,85.7,2056.8,535.3116856431398,110.59350569294193
2102,2476-YGEFM,0.2934319939288922,76.0,1824.0,535.2199569262993,110.56598707788979
2103,4323-SADQS,0.6452844482411282,34.5,828.0,534.2955231436541,110.28865694309624
2104,9552-TGUZV,0.29682642091837,75.0,1800.0,534.2875576530661,110.28626729591983
2105,4030-VPZBD,0.720213151756026,30.9,741.5999999999999,534.1100733422688,110.23302200268066
2106,5649-VUKMC,0.23293232252788193,95.5,2292.0,533.8808832339054,110.16426497017162
2107,7159-FVYPK,0.3213118752167221,69.15,1659.6000000000001,533.2491881096721,109.97475643290161
2108,3538-WZPHD,0.7501170974108076,29.6,710.4000000000001,532.8831860006378,109.86495580019132
2109,9274-UARKJ,0.26645223408015084,83.2,1996.8000000000002,532.0518210112452,109.61554630337358
2110,9365-SRSZE,0.3139756697434507,70.55,1693.1999999999998,531.6236040096106,109.48708120288319
2111,7841-TZDMQ,0.4811040764670082,46.0,1104.0,531.138900419577,109.3416701258731
2112,3677-IYRBF,0.7263935127784016,30.4,729.5999999999999,529.9767069231217,108.99301207693651
2113,1074-AMIOH,0.20384690281744225,108.25,2598.0,529.5942535197149,108.87827605591448
2114,5453-AXEPF,0.27402251414317513,80.5,1932.0,529.4114973246144,108.82344919738432
2115,2974-GGUXS,0.23985381926737737,91.95,2206.8,529.3094083592484,108.79282250777453
2116,5392-AKEMH,0.48923882114573913,45.05,1081.1999999999998,528.965013422773,108.68950402683191
2117,9128-CPXKI,0.22991002577938197,95.8,2299.2,528.609131271955,108.58273938158649
2118,0537-QYZZN,0.2758164050856074,79.85,1916.3999999999999,528.5745587060579,108.57236761181738
2119,3692-JHONH,0.20649400009954721,106.5,2556.0,527.7986642544427,108.33959927633279
2120,6833-JMZYP,0.2337527237525106,94.0,2256.0,527.3461447856639,108.20384343569916
2121,8718-PTMEZ,0.7076397240995143,31.05,745.2,527.333122398958,108.1999367196874
2122,3866-MDTUB,0.3102671211017389,70.75,1698.0,526.8335716307527,108.05007148922579
2123,5440-FLBQG,0.20242049067269807,108.4,2601.6000000000004,526.6171485340914,107.98514456022741
2124,6198-RTPMF,0.2368818139561834,92.6,2222.3999999999996,526.4461433362219,107.93384300086657
2125,5649-RXQTV,0.22148592701807232,99.0,2376.0,526.2505625949399,107.87516877848196
2126,7892-QVYKW,0.2560923321738756,85.6,2054.3999999999996,526.11608721801,107.83482616540297
2127,2894-QOJRX,0.6445902823532679,34.0,816.0,525.9856704002666,107.79570112007997
2128,3969-GYXEL,0.28671771581273114,76.4,1833.6000000000001,525.7256037142239,107.71768111426715
2129,0221-WMXNQ,0.29047744267294523,75.35,1808.3999999999999,525.2994073297541,107.58982219892621
2130,4115-NZRKS,0.24529784516789163,89.15,2139.6000000000004,524.839269521221,107.4517808563663
2131,9659-QEQSY,0.18888881134433277,115.65,2775.6000000000004,524.2797847673302,107.28393543019905
2132,4139-SUGLD,0.6168678551987264,35.4,849.5999999999999,524.0909297768379,107.22727893305137
2133,9057-MSWCO,0.7100257425531368,30.75,738.0,523.998998004215,107.1996994012645
2134,2460-NGXBJ,0.28951549375833474,75.2,1804.8000000000002,522.5175631350426,106.75526894051276
2135,5981-ZVXOT,0.20064794042332626,108.35,2600.3999999999996,521.7649042768176,106.52947128304527
2136,0419-YAAPX,0.25468622030174026,85.3,2047.1999999999998,521.3936302017227,106.41808906051679
2137,3161-GETRM,0.24117349048206965,90.05,2161.2,521.2241476298489,106.36724428895465
2138,6778-YSNIH,0.3670340393347715,59.0,1416.0,519.7201996980365,105.91605990941093
2139,4123-FCVCB,0.28529280139193325,75.85,1820.3999999999999,519.3470156538752,105.80410469616257
2140,2587-EKXTS,0.1940235086116263,111.5,2676.0,519.2069090447119,105.76207271341357
2141,4948-WBBKL,0.2883082602540196,74.9,1797.6000000000001,518.2629286326257,105.47887858978771
2142,9518-XXBXE,0.2862179484787745,75.3,1807.1999999999998,517.2530764908413,105.17592294725239
2143,3771-PZOBW,0.23758119683457926,90.7,2176.8,517.1667492695121,105.15002478085364
2144,2606-RMDHZ,0.7060658565282896,30.5,732.0,516.840206978708,105.05206209361239
2145,7233-DRTRF,0.20988876326768918,102.4,2457.6000000000004,515.822624606673,104.74678738200188
2146,2669-OIDSD,0.21441185693578238,100.05,2401.2,514.8457508742006,104.45372526226018
2147,0701-RFGFI,0.2248314111123773,95.4,2289.6000000000004,514.7739988828991,104.43219966486973
2148,2675-DHUTR,0.21674998052399194,98.9,2373.6000000000004,514.4777537717473,104.34332613152418
2149,6923-EFPNL,0.4141676575132684,51.75,1242.0,514.3962306314794,104.3188691894438
2150,0112-QAWRZ,0.2359213483467925,90.8,2179.2,514.1198023173301,104.23594069519905
2151,1452-KIOVK,0.24038259682268573,89.1,2138.3999999999996,514.034145045631,104.2102435136893
2152,9944-AEXBM,0.24995298698924442,85.65,2055.6000000000004,513.8033600550909,104.14100801652728
2153,8665-UTDHZ,0.7085714396122933,30.2,724.8,513.5725794309901,104.07177382929703
2154,2135-DQWAQ,0.25062563084617995,85.3,2047.1999999999998,513.0807914682996,103.92423744048986
2155,6077-BDPXA,0.30469295745716346,70.15,1683.6000000000001,512.9810631748804,103.89431895246412
2156,8535-SFUTN,0.2007740032340802,106.45,2554.8,512.9374234624281,103.88122703872844
2157,1174-FGIFN,0.2362627479693678,90.45,2170.8,512.8791732919037,103.8637519875711
2158,2697-NQBPF,0.20254652473868315,105.35,2528.3999999999996,512.1186331492864,103.63558994478592
2159,8384-FZBJK,0.21210315055150059,100.6,2414.3999999999996,512.101846691543,103.63055400746288
2160,2786-GCDPI,0.20325175942843518,104.95,2518.8,511.9505316483426,103.58515949450276
2161,2673-CXQEU,0.1928896856904107,110.5,2652.0,511.5434464509692,103.46303393529075
2162,2011-TRQYE,0.6361576033947862,33.5,804.0,511.4707131294081,103.44121393882244
2163,0508-OOLTO,0.296860601430044,71.65,1719.6000000000001,510.4814902191037,103.1444470657311
2164,5133-POWUA,0.46347316808572014,45.8,1099.1999999999998,509.4497063598235,102.83491190794703
2165,5044-LRQAQ,0.3066302531446704,69.2,1660.8000000000002,509.25152442266864,102.77545732680059
2166,8445-DNBAE,0.42328032635412854,50.05,1201.1999999999998,508.4443280165791,102.53329840497372
2167,5886-VLQVU,0.23577464425168532,89.85,2156.3999999999996,508.42444286433414,102.52733285930023
2168,3034-ZBEQN,0.6104935447421951,34.7,832.8000000000001,508.4190240613001,102.52570721839001
2169,4628-WQCQQ,0.24856053496676916,85.15,2043.6000000000001,507.9583092580895,102.38749277742684
2170,6543-CPZMK,0.7063931750152109,29.95,718.8,507.75541420093356,102.32662426028006
2171,6168-YBYNP,0.1898927235460232,111.35,2672.3999999999996,507.4693144043924,102.24079432131771
2172,4465-VDKIQ,0.27146773392991885,77.8,1867.1999999999998,506.8845527939444,102.06536583818331
2173,8229-TNIQA,0.4660979528105303,45.3,1087.1999999999998,506.74169429560845,102.02250828868253
2174,4546-FOKWR,0.2819462564351314,74.75,1794.0,505.8115840446257,101.74347521338771
2175,8490-BXHEO,0.2615631105764732,80.55,1933.1999999999998,505.65380536643795,101.69614160993137
2176,8631-WUXGY,0.21102494251529524,99.8,2395.2,505.44694231263514,101.63408269379053
2177,5143-EGQFK,0.7099409935146421,29.65,711.5999999999999,505.19401098501925,101.55820329550576
2178,2070-FNEXE,0.27530832567793706,76.45,1834.8000000000002,505.13571595387896,101.54071478616368
2179,3597-MVHJT,0.2198095431366097,95.6,2294.3999999999996,504.3310157726372,101.29930473179115
2180,8189-XRIKE,0.2308248964717917,90.95,2182.8,503.84458401862696,101.15337520558808
2181,3237-AJGEH,0.6771545936580683,31.0,744.0,503.8030176816028,101.14090530448084
2182,5118-MUEYH,0.19952243920770227,105.1,2522.3999999999996,503.2754006575081,100.98262019725243
2183,7379-FNIUJ,0.2088645051410028,100.2,2404.8,502.2773619630836,100.68320858892508
2184,0082-OQIQY,0.22200357620400615,94.2,2260.8,501.90568508201716,100.57170552460514
2185,8216-AZUUZ,0.2082082563460105,100.4,2409.6000000000004,501.698614491347,100.50958434740409
2186,6815-ABQFQ,0.19484503440743514,107.25,2574.0,501.53111856473805,100.4593355694214
2187,1448-CYWKC,0.19847768008119426,105.2,2524.8,501.1164466689993,100.33493400069977
2188,6689-VRRTK,0.19004018364060765,109.8,2635.2,500.7938919297292,100.23816757891876
2189,6103-BOCOU,0.2583771400587843,80.7,1936.8000000000002,500.4248448658535,100.12745345975605
2190,5846-QFDFI,0.23524089432908674,88.6,2126.3999999999996,500.21623770136995,100.06487131041098
2191,4480-QQRHC,0.2813834445734652,74.05,1777.1999999999998,500.0746576959623,100.02239730878867
2192,4716-HHKQH,0.19453843829372872,107.05,2569.2,499.8081556642478,99.94244669927434
2193,1077-HUUJM,0.293008825237708,71.05,1705.1999999999998,499.63864879533963,99.89159463860187
2194,5399-ZIMKF,0.2782962603196012,74.65,1791.6000000000001,498.59557998859754,99.57867399657925
2195,0848-ZGQIJ,0.21933244455287962,94.65,2271.6000000000004,498.23558104632144,99.47067431389644
2196,3208-YPIOE,0.2758137567210288,75.25,1806.0,498.11964463817804,99.43589339145342
2197,8705-DWKTI,0.24759784734503065,83.8,2011.1999999999998,497.9687905803256,99.39063717409769
2198,0023-HGHWL,0.826317680157184,25.1,602.4000000000001,497.7737705266877,99.33213115800632
2199,1641-RQDAY,0.20640924037413338,100.4,2409.6000000000004,497.3637056055119,99.20911168165355
2200,9822-WMWVG,0.19457430784017937,106.5,2556.0,497.33193083949845,99.19957925184954
2201,3524-WQDSG,0.20844284298436935,99.3,2383.2,496.760983400349,99.02829502010471
2202,7044-YAACC,0.2946917998419608,70.2,1684.8000000000002,496.4967443737356,98.94902331212069
2203,2187-PKZAY,0.2583809635399033,79.95,1918.8000000000002,495.7813928403665,98.73441785210994
2204,8873-GLDMH,0.27897554699991983,73.85,1772.3999999999999,494.4562595026579,98.33687785079735
2205,5222-IMUKT,0.22611165119209856,91.05,2185.2,494.0991801849737,98.2297540554921
2206,2800-VEQXM,0.27532328530537387,74.75,1794.0,493.9299738378407,98.17899215135219
2207,5226-NOZFC,0.2398377687345899,85.75,2058.0,493.586128055786,98.07583841673579
2208,2070-XYMFH,0.25908614479735914,79.35,1904.3999999999999,493.4036541520907,98.0210962456272
2209,2823-LKABH,0.21626287944657901,95.05,2281.2,493.33888059353603,98.00166417806079
2210,8961-QDZZJ,0.21635379606114702,95.0,2280.0,493.2866550194152,97.98599650582455
2211,1432-FPAXX,0.6712220976894784,30.6,734.4000000000001,492.945508543153,97.88365256294588
2212,9912-OMZDS,0.19342915497930388,106.15,2547.6000000000004,492.78011522527464,97.83403456758239
2213,9522-BNTHX,0.36491348849352506,56.25,1350.0,492.63320946625885,97.78996283987766
2214,0479-HMSWA,0.19441258971688496,105.45,2530.8,492.0193820554925,97.60581461664773
2215,5153-LXKDT,0.1859881975988093,110.2,2644.8,491.90158500933086,97.57047550279924
2216,7401-RUBNK,0.27393285174966847,74.8,1795.1999999999998,491.7642554610048,97.52927663830144
2217,8450-JOVAH,0.3610718450978531,56.7,1360.8000000000002,491.34656680915856,97.40397004274757
2218,3914-FDRHP,0.23730274639813292,86.25,2070.0,491.21668504413515,97.36500551324053
2219,8224-DWCKX,0.2790649350942955,73.3,1759.1999999999998,490.93103381788455,97.27931014536537
2220,0177-PXBAT,0.18601776029704425,109.9,2637.6000000000004,490.64044455948397,97.19213336784517
2221,0032-PGELS,0.6694157277110688,30.5,732.0,490.0123126845024,97.00369380535071
2222,6741-EGCBI,0.2251676196950984,90.5,2172.0,489.0640699777537,96.7192209933261
2223,0620-DLSLK,0.24880604084371472,81.9,1965.6000000000001,489.0531538824057,96.71594616472171
2224,9529-OFXHY,0.2321080244814901,87.75,2106.0,488.81949955801815,96.64584986740545
2225,5016-ETTFF,0.6903738520956928,29.5,708.0,488.7846872837505,96.63540618512513
2226,1580-BMCMR,0.2332100564814387,87.3,2095.2,488.6217103399103,96.58651310197308
2227,7714-YXSMB,0.2024720945151403,100.5,2412.0,488.3626919705184,96.50880759115552
2228,3191-CSNMG,0.2521218215103539,80.7,1936.8000000000002,488.30954390125345,96.49286317037604
2229,4553-DVPZG,0.20040634568433352,101.35,2432.3999999999996,487.4683952425728,96.24051857277183
2230,5019-GQVCR,0.23900277691856936,84.85,2036.3999999999999,486.70525491697464,96.0115764750924
2231,3002-WQZWT,0.27319666022568895,74.2,1780.8000000000002,486.50861252990694,95.95258375897208
2232,2674-MLXMN,0.20330540735882408,99.65,2391.6000000000004,486.2252122393637,95.86756367180911
2233,7551-DACSP,0.36623834663773536,55.3,1327.1999999999998,486.0715336576023,95.82146009728069
2234,1768-ZAIFU,0.8034214779434163,25.2,604.8,485.90930986017815,95.77279295805343
2235,0265-PSUAE,0.2009420358419526,100.7,2416.8,485.6367122228311,95.69101366684933
2236,5339-PXDVH,0.2230218354755804,90.65,2175.6000000000004,485.2063052606728,95.56189157820185
2237,0746-JTRFU,0.8052747227635555,25.05,601.2,484.1311633254496,95.23934899763489
2238,9773-PEQBZ,0.2525590839721755,79.85,1916.3999999999999,484.00422852427715,95.20126855728313
2239,4583-PARNH,0.22001948757315676,91.55,2197.2,483.42681809574,95.02804542872198
2240,3420-ZDBMA,0.2818510011064938,71.45,1714.8000000000002,483.3180966974156,94.9954290092247
2241,2957-JIRMN,0.23837740787367342,84.45,2026.8000000000002,483.14333027836136,94.9429990835084
2242,8519-QJGJD,0.26696669492311326,75.35,1808.3999999999999,482.782571098958,94.83477132968738
2243,9360-OMDZZ,0.21356450870512508,94.1,2258.3999999999996,482.3140864596544,94.6942259378963
2244,1035-IPQPU,0.1939530188849066,103.5,2484.0,481.77929891010797,94.53378967303237
2245,3234-VKACU,0.28543715246579887,70.3,1687.1999999999998,481.5895636402958,94.47686909208875
2246,0616-ATFGB,0.800570408572532,25.05,601.2,481.3029296338063,94.39087889014189
2247,9402-CXWPL,0.20241428550591517,98.9,2373.6000000000004,480.45054807684033,94.13516442305209
2248,4257-GAESD,0.4437598930684524,45.0,1080.0,479.2606845139286,93.77820535417857
2249,9696-RMYBA,0.24926889434509966,80.1,1922.3999999999999,479.19452248901956,93.75835674670586
2250,6967-QIQRV,0.19593736189443828,101.9,2445.6000000000004,479.1844122490383,93.75532367471149
2251,8919-FYFQZ,0.6570215529831034,30.35,728.4000000000001,478.5744991928926,93.57234975786776
2252,5922-ABDVO,0.2222494728647538,89.65,2151.6000000000004,478.19196581580434,93.45758974474128
2253,1685-BQULA,0.21331740189311157,93.4,2241.6000000000004,478.17228808359897,93.45168642507969
2254,6317-YPKDH,0.6639755557416444,29.95,718.8,477.2656294670939,93.17968884012816
2255,1142-WACZW,0.664564576594908,29.85,716.4000000000001,476.09406267259214,92.82821880177764
2256,7245-JMTTQ,0.17735850757992258,111.5,2676.0,474.6113662838728,92.38340988516185
2257,6480-YAGIY,0.17620380988941609,112.2,2692.8,474.48161927021965,92.34448578106588
2258,0674-EYYZV,0.3613955895776693,54.65,1311.6,474.006455290071,92.2019365870213
2259,8058-DMYRU,0.21920352203876922,90.05,2161.2,473.742651830188,92.12279554905638
2260,7932-WPTDS,0.7956163671769014,24.8,595.2,473.55086174369177,92.06525852310753
2261,5046-NUHWD,0.43833489383464724,45.0,1080.0,473.401685341419,92.02050560242569
2262,6235-VDHOM,0.693127974878234,28.45,682.8,473.26778124685814,91.98033437405743
2263,8263-JQAIK,0.8064539775443279,24.45,586.8,473.2271940230116,91.96815820690347
2264,5899-OUVKV,0.20850621452984117,94.5,2268.0,472.8920945536798,91.86762836610393
2265,4525-VZCZG,0.1860148822828082,105.85,2540.3999999999996,472.5522069512459,91.76566208537378
2266,8250-ZNGGW,0.3286403799959209,59.9,1437.6,472.45341028213585,91.73602308464075
2267,4537-DKTAL,0.4319303792552195,45.55,1093.1999999999998,472.18629060180587,91.65588718054175
2268,5480-HPRRX,0.7774566050849474,25.3,607.2,472.0716506075801,91.62149518227403
2269,5153-RTHKF,0.23039231450410144,85.35,2048.3999999999996,471.9356170302013,91.58068510906037
2270,2750-BJLSB,0.18958503317899714,103.7,2488.8,471.8392305758881,91.55176917276643
2271,4937-QPZPO,0.1967720666166597,99.9,2397.6000000000004,471.78070692010334,91.534212076031
2272,8565-HBFNN,0.18333737769087205,107.2,2572.8,471.69040532307565,91.5071215969227
2273,4592-IWTJI,0.6616988426877791,29.7,712.8,471.6589350678489,91.49768052035466
2274,0661-XEYAN,0.7614525458217748,25.8,619.2,471.491416372843,91.44742491185289
2275,9799-CAYJJ,0.2832748469977628,69.3,1663.1999999999998,471.142725526679,91.3428176580037
2276,5371-VYLSX,0.23521018426891477,83.4,2001.6000000000001,470.7967048326598,91.23901144979794
2277,4482-EWFMI,0.28130362838866757,69.7,1672.8000000000002,470.56470956856316,91.16941287056895
2278,0491-KAPQG,0.26567165192860653,73.7,1768.8000000000002,469.9200179313193,90.97600537939579
2279,9323-HGFWY,0.19205788759986764,101.9,2445.6000000000004,469.69676991423637,90.9090309742709
2280,2672-DZUOY,0.7781532494986475,25.15,603.5999999999999,469.69330139738355,90.90799041921505
2281,0786-IVLAW,0.18097066340421064,108.1,2594.3999999999996,469.510289135884,90.8530867407652
2282,7394-LWLYN,0.2787285264569307,70.15,1683.6000000000001,469.2673471428885,90.78020414286655
2283,2378-HTWFW,0.21475276791158,91.0,2184.0,469.0200451188907,90.70601353566721
2284,7530-HDYDS,0.23190240198343853,84.25,2022.0,468.9066568105127,90.6719970431538
2285,5482-VXSXJ,0.20961385899385707,93.2,2236.8,468.8642797974595,90.65928393923784
2286,9278-VZKCD,0.17881436200619066,109.1,2618.3999999999996,468.2075254770096,90.46225764310287
2287,1496-GGSUK,0.7585687282450531,25.7,616.8,467.88519158154867,90.3655574744646
2288,0257-ZESQC,0.25921821112387117,75.2,1804.8000000000002,467.83702743636275,90.3511082309088
2289,0096-BXERS,0.38703818403026957,50.35,1208.4,467.6969415821778,90.30908247465334
2290,5312-UXESG,0.19829395013077378,98.05,2353.2,466.62532344773683,89.98759703432106
2291,7321-VGNKU,0.27588136329548407,70.35,1688.3999999999999,465.7980937880953,89.73942813642859
2292,3717-OEAUQ,0.27438774558483414,70.7,1696.8000000000002,465.58112670834663,89.674338012504
2293,9530-EHPOH,0.3607491371067801,53.75,1290.0,465.3663868677463,89.60991606032388
2294,1091-SOZGA,0.19427373533066616,99.8,2395.2,465.32445086401157,89.59733525920348
2295,2266-SJNAT,0.17738128661225233,109.15,2619.6000000000004,464.6680184094563,89.40040552283688
2296,4828-FAZPK,0.24207024479101635,79.95,1918.8000000000002,464.48438570500224,89.34531571150066
2297,6198-PNNSZ,0.1760732579737081,109.8,2635.2,463.98824941231555,89.19647482369467
2298,3312-ZWLGF,0.2437594814291284,79.3,1903.1999999999998,463.9230450559171,89.17691351677513
2299,9526-BIHHD,0.6501909523465922,29.7,712.8,463.4561108326509,89.03683324979525
2300,7951-VRDVK,0.22486217123245997,85.85,2060.3999999999996,463.30601760736045,88.99180528220813
2301,5202-IVJNU,0.6411934592545021,30.1,722.4000000000001,463.1981549654524,88.9594464896357
2302,6647-ZEDXT,0.17459459339218297,110.45,2650.8,462.81534816399864,88.84460444919958
2303,4869-EPIUS,0.23835999188125934,80.9,1941.6000000000001,462.7997602366532,88.83992807099594
2304,2916-BQZLN,0.22745329949360144,84.75,2034.0,462.6400111699853,88.7920033509956
2305,0612-RTZZA,0.7631409959499962,25.25,606.0,462.4634435456977,88.73903306370931
2306,4361-JEIVL,0.433157016119215,44.4,1065.6,461.57211637663545,88.47163491299062
2307,3194-ORPIK,0.2278456504239735,84.4,2025.6000000000001,461.52414949880074,88.4572448496402
2308,6582-OIVSP,0.4243355262191553,45.3,1087.1999999999998,461.33758410546557,88.40127523163966
2309,5175-WLYXL,0.24369245109111476,78.85,1892.3999999999999,461.16359444482555,88.34907833344766
2310,1319-YLZJG,0.22690842273527823,84.6,2030.3999999999999,460.7148615217089,88.21445845651266
2311,9688-YGXVR,0.217479816892345,88.15,2115.6000000000004,460.10030061744516,88.03009018523355
2312,1550-EENBN,0.18335829464570802,104.35,2504.3999999999996,459.2025131107111,87.76075393321332
2313,4097-YODCF,0.18419831700029224,103.8,2491.2,458.874847311128,87.66245419333839
2314,9334-GWGOW,0.25528316889002434,74.85,1796.3999999999999,458.59068459403966,87.57720537821189
2315,4868-AADLV,0.16426905644433967,116.25,2790.0,458.31066747970766,87.4932002439123
2316,2074-GUHPQ,0.20578921621741025,92.7,2224.8,457.83984824049435,87.3519544721483
2317,2507-QZPQS,0.1991001036656066,95.7,2296.8,457.29311809916527,87.18793542974959
2318,5261-QSHQM,0.7792002114873112,24.45,586.8,457.2346841007542,87.17040523022624
2319,4526-ZJJTM,0.2154738107458325,88.4,2121.6000000000004,457.1492368783583,87.14477106350748
2320,7242-QZLXF,0.7514041278634254,25.3,607.2,456.2525864386719,86.87577593160157
2321,9099-FTUHS,0.3491533128189049,54.4,1305.6,455.8545652163622,86.75636956490865
2322,6032-IGALN,0.755946280698973,25.1,602.4000000000001,455.38203949306137,86.61461184791841
2323,3761-FLYZI,0.17436900669813798,108.8,2611.2,455.31235029017785,86.59370508705334
2324,0641-EVBOJ,0.23045169879283858,82.3,1975.1999999999998,455.18819545561473,86.55645863668443
2325,1307-ATKGB,0.21162427019738633,89.55,2149.2,454.8228815082227,86.4468644524668
2326,1216-JWVUX,0.2508683272731158,75.5,1812.0,454.57340901888585,86.37202270566576
2327,4476-OSWTN,0.17092226658676862,110.55,2653.2,453.4909577080145,86.04728731240434
2328,7356-IWLFW,0.23611705573447486,80.0,1920.0,453.3447470101917,86.00342410305751
2329,8819-ZBYNA,0.17309207705309526,109.1,2618.3999999999996,453.22429455582454,85.96728836674737
2330,6797-UCJHZ,0.18008404782603032,104.6,2510.3999999999996,452.08299366246644,85.62489809873992
2331,0178-SZBHO,0.2159944000570026,87.2,2092.8,452.0330804392951,85.60992413178852
2332,9717-QEBGU,0.26775744765469495,70.3,1687.1999999999998,451.7603656830013,85.52810970490037
2333,9927-DSWDF,0.17985021709703433,104.6,2510.3999999999996,451.4959850003949,85.44879550011848
2334,2799-ARNLO,0.2710760350363313,69.35,1664.3999999999999,451.1789527144698,85.35368581434093
2335,9620-ENEJV,0.2664175540575517,70.55,1693.1999999999998,451.09820253024645,85.32946075907392
2336,2227-JRSJX,0.1894814307665529,99.15,2379.6000000000004,450.89001265208935,85.2670037956268
2337,7550-WIQVA,0.1735286106095219,108.25,2598.0,450.8273303635379,85.24819910906137
2338,9244-ZVAPM,0.411800449992353,45.6,1094.4,450.6744124716312,85.20232374148935
2339,2325-WINES,0.17977978442405226,104.05,2497.2,448.94607766374327,84.68382329912296
2340,4291-SHSBH,0.268408803249354,69.55,1669.1999999999998,448.0279743838217,84.4083923151465
2341,1194-HVAIF,0.19624408779009433,95.0,2280.0,447.4365201614151,84.23095604842453
2342,1322-AGOQM,0.6151451632565951,30.3,727.2,447.33356272019597,84.20006881605877
2343,3956-MGXOG,0.23074370722298543,80.6,1934.3999999999999,446.350627252143,83.9051881756429
2344,5022-KVDQT,0.2286451807856035,81.3,1951.1999999999998,446.1324767488695,83.83974302466086
2345,5074-FBGHB,0.17745933783419027,104.65,2511.6000000000004,445.70687290435234,83.7120618713057
2346,1324-NLTJE,0.33649630852032975,55.0,1320.0,444.17512724683525,83.25253817405056
2347,4374-YMUSQ,0.15897932767371042,116.25,2790.0,443.55232420965206,83.06569726289561
2348,0956-ACVZC,0.19618407577435565,94.1,2258.3999999999996,443.0621167288047,82.9186350186414
2349,7929-DMBCV,0.22789268501303997,81.0,1944.0,443.0233796653497,82.90701389960489
2350,9470-XCCEM,0.20583801447834835,89.65,2151.6000000000004,442.8810719516144,82.8643215854843
2351,1754-GKYPY,0.20546062221018718,89.75,2154.0,442.5621802407432,82.76865407222294
2352,2696-NARTR,0.24938046424589588,73.85,1772.3999999999999,442.0019348294258,82.60058044882774
2353,7586-ZATGZ,0.21679275807238682,84.9,2037.6000000000001,441.7369238482954,82.52107715448861
2354,4587-NUKOX,0.2325177132399102,79.1,1898.3999999999999,441.41162681464544,82.42348804439362
2355,3285-UCQVC,0.6423906025252006,28.6,686.4000000000001,440.9369095732978,82.28107287198932
2356,1956-YIFGE,0.1835487993666797,100.05,2401.2,440.7373770392713,82.22121311178137
2357,4647-MUZON,0.19134676112142662,95.95,2302.8,440.63332151042124,82.18999645312635
2358,0196-JTUQI,0.24361563822796523,75.2,1804.8000000000002,439.6775038738317,81.9032511621495
2359,5167-GBFRE,0.7258250051553949,25.2,604.8,438.9789631179828,81.69368893539485
2360,7251-LJBQN,0.1755993570605922,103.75,2490.0,437.2423990808746,81.17271972426238
2361,3995-WFCSM,0.29920015122701227,60.85,1460.4,436.95190085192877,81.08557025557863
2362,5183-SNMJQ,0.19144297353711642,95.1,2282.3999999999996,436.94944280111446,81.08483284033434
2363,2798-NYLMZ,0.16766277857104422,108.55,2605.2,436.7950707332844,81.03852121998531
2364,7133-VBDCG,0.22779347833358896,79.85,1916.3999999999999,436.5434218784898,80.96302656354695
2365,6988-CJEYV,0.18428733844169795,98.7,2368.8,436.53984730069413,80.96195419020825
2366,1730-ZMAME,0.22846703660661066,79.5,1908.0,435.91510584541317,80.77453175362393
2367,3797-VTIDR,0.7744032761046261,23.45,562.8,435.8341637916835,80.75024913750505
2368,8008-ESFLK,0.16424391841965477,110.5,2652.0,435.57487164892444,80.67246149467732
2369,5469-CTCWN,0.17102469842926632,106.0,2544.0,435.08683280405353,80.52604984121606
2370,5193-QLVZB,0.17265165101286106,104.75,2514.0,434.04625064633274,80.21387519389981
2371,4367-NHWMM,0.7261777808990877,24.9,597.5999999999999,433.96384186529474,80.18915255958842
2372,8901-HJXTF,0.6191082206125353,29.2,700.8,433.8710410052647,80.16131230157941
2373,2675-OTVVJ,0.20203651302914247,89.45,2146.8,433.73198617096307,80.11959585128892
2374,5802-ADBRC,0.17308723117931674,104.4,2505.6000000000004,433.68736644289606,80.10620993286881
2375,3207-OYBWH,0.18948650104366815,95.25,2286.0,433.1661413858254,79.94984241574761
2376,5574-NXZIU,0.16524477301558632,109.2,2620.8,433.07350111924865,79.9220503357746
2377,9776-OJUZI,0.18900264535459307,95.45,2290.8,432.96725997830185,79.89017799349054
2378,2722-VOJQL,0.1706828718726093,105.65,2535.6000000000004,432.78348992018823,79.83504697605647
2379,7789-HKSBS,0.17138889415438735,105.2,2524.8,432.7226799609972,79.81680398829914
2380,0958-YHXGP,0.25766665230449054,69.9,1677.6000000000001,432.2615759060134,79.678472771804
2381,3022-BEXHZ,0.16179146969401506,111.2,2668.8,431.7890743193874,79.53672229581622
2382,8751-EDEKA,0.19996864351999494,89.9,2157.6000000000004,431.45234525874116,79.43570357762235
2383,5149-TGWDZ,0.17188008025695717,104.55,2509.2,431.2814973807569,79.38444921422706
2384,2592-SEIFQ,0.7247404027274948,24.75,594.0,430.4957992201319,79.14873976603957
2385,4480-MBMLB,0.17089992600278597,104.8,2515.2,429.84749388220723,78.95424816466218
2386,4186-ZBUEW,0.25294661007858027,70.7,1696.8000000000002,429.199807981335,78.7599423944005
2387,2235-DWLJU,0.4025446659807514,44.4,1065.6,428.9515960690886,78.68547882072659
2388,6719-OXYBR,0.20948161493956013,85.3,2047.1999999999998,428.85076210426746,78.65522863128024
2389,3518-PZXZQ,0.32281543713154603,55.3,1327.1999999999998,428.44064816098785,78.53219444829634
2390,5482-PLVPE,0.7330070353457125,24.35,584.4000000000001,428.3693114560345,78.51079343681033
2391,2811-POVEX,0.20157658667956388,88.45,2122.8,427.9067782033782,78.37203346101347
2392,6834-NXDCA,0.7459171248104357,23.9,573.5999999999999,427.85806279126587,78.35741883737975
2393,5119-KEPFY,0.18756877724847673,95.0,2280.0,427.656812126527,78.2970436379581
2394,4220-TINQT,0.167513046388859,106.35,2552.3999999999996,427.56029960292364,78.26808988087708
2395,1260-TTRXI,0.32717214725963456,54.3,1303.1999999999998,426.3707423087557,77.91122269262671
2396,7272-QDCKA,0.17716808750813584,100.2,2404.8,426.0538168395651,77.81614505186953
2397,8993-PHFWD,0.701821869577369,25.25,606.0,425.3040529638856,77.59121588916568
2398,7339-POGZN,0.3495219282185561,50.7,1216.8000000000002,425.2982822563391,77.58948467690173
2399,9919-YLNNG,0.1706204723175118,103.8,2491.2,425.04972063738535,77.5149161912156
2400,1024-GUALD,0.7137801696284426,24.8,595.2,424.84195696284905,77.45258708885471
2401,2739-CACDQ,0.21417670905825298,82.65,1983.6000000000001,424.8409200879506,77.45227602638518
2402,3055-OYMSE,0.2393458234239127,73.8,1771.1999999999998,423.9293224484341,77.17879673453022
2403,4840-ORQXB,0.16860359149695242,104.75,2514.0,423.8694290233384,77.16082870700151
2404,7734-DBOAI,0.4404176234161996,40.1,962.4000000000001,423.85792077575053,77.15737623272516
2405,4191-XOVOM,0.1674373597834236,105.4,2529.6000000000004,423.5495453081484,77.06486359244452
2406,2694-CIUMO,0.22162538553099723,79.55,1909.1999999999998,423.1271860557799,76.93815581673395
2407,9402-ROUMJ,0.17581620595472452,100.25,2406.0,423.0137915270672,76.90413745812016
2408,9909-IDLEK,0.18175963465398304,96.8,2323.2,422.2639832281334,76.67919496844002
2409,9154-QDGTH,0.16840415704199385,104.3,2503.2,421.549285907519,76.4647857722557
2410,3541-ZNUHK,0.2062637753147385,85.1,2042.3999999999999,421.2731347028219,76.38194041084657
2411,3627-FCRDW,0.24681944181758833,71.0,1704.0,420.5803288571705,76.17409865715115
2412,4851-BQDNX,0.20553683488491847,85.05,2041.1999999999998,419.54178736709554,75.86253621012865
2413,0442-ZXKVS,0.15107773303000296,115.6,2774.3999999999996,419.15006251844017,75.74501875553204
2414,8091-TTVAX,0.1739695862421142,100.35,2408.3999999999996,418.98835150550775,75.69650545165231
2415,9389-ACWBI,0.24948110768285875,69.95,1678.8000000000002,418.82888357798333,75.648665073395
2416,2105-PHWON,0.18356109424655392,95.0,2280.0,418.51929488214296,75.55578846464289
2417,3223-DWFIO,0.2514524252355995,69.35,1664.3999999999999,418.5174165621318,75.55522496863954
2418,2077-MPJQO,0.23123537386183973,75.4,1809.6000000000001,418.4435325403852,75.53305976211556
2419,0365-TRTPY,0.19072041629547237,91.2,2188.8,417.44884718752996,75.23465415625898
2420,5035-BVCXS,0.22910110683961768,75.9,1821.6000000000001,417.3305762190476,75.19917286571427
2421,2103-ZRXFN,0.342290286301519,50.75,1218.0,416.9095687152501,75.07287061457502
2422,0248-IPDFW,0.34656622367337614,50.1,1202.4,416.7112273448675,75.01336820346025
2423,3154-CFSZG,0.19255110948264895,90.05,2161.2,416.14145781390084,74.84243734417025
2424,4640-UHDOS,0.30962010536830864,55.95,1342.8000000000002,415.7578774885649,74.72736324656945
2425,9506-UXUSK,0.24687795809316432,70.15,1683.6000000000001,415.64373024565145,74.69311907369543
2426,9356-AXGMP,0.15640914233079323,110.7,2656.8,415.5478093444515,74.66434280333544
2427,9907-SWKKF,0.689909953830085,25.05,601.2,414.77386424264716,74.43215927279414
2428,0089-IIQKO,0.1727829206790426,99.95,2398.8,414.47167012488745,74.34150103746623
2429,6633-SYEUS,0.20733135088730373,83.2,1996.8000000000002,413.9992414517681,74.19977243553043
2430,5650-VDUDS,0.7106219524325416,24.25,582.0,413.5819763157392,74.07459289472176
2431,0570-BFQHT,0.21378662931736514,80.55,1933.1999999999998,413.29231179633024,73.98769353889907
2432,2040-VZIKE,0.17064617906224505,100.85,2420.3999999999996,413.03201180225784,73.90960354067735
2433,6075-SLNIL,0.1809472264363228,95.1,2282.3999999999996,412.9939496182631,73.89818488547893
2434,0670-ANMUU,0.1762204443866336,97.65,2343.6000000000004,412.9902334645146,73.89707003935436
2435,2748-MYRVK,0.1722488855211138,99.9,2397.6000000000004,412.9839279254225,73.89517837762675
2436,6366-ZGQGL,0.6932577771919787,24.8,595.2,412.62702898466574,73.78810869539971
2437,4176-FXYBO,0.15690767304890169,109.55,2629.2,412.54165398017227,73.76249619405168
2438,5174-ITUMV,0.1629824838021855,105.4,2529.6000000000004,412.28049102600846,73.68414730780253
2439,4789-KWMXN,0.15476549359007447,110.85,2660.3999999999996,411.73811914703407,73.52143574411022
2440,5522-NYKPB,0.19963807265183484,85.9,2061.6000000000004,411.57385057902275,73.47215517370682
2441,4853-RULSV,0.16473458008333627,104.0,2496.0,411.17751188800736,73.3532535664022
2442,9136-ALYBR,0.7001252579403118,24.45,586.8,410.8335013593749,73.25005040781247
2443,0187-WZNAB,0.23003186714115137,74.4,1785.6000000000001,410.7449019672399,73.22347059017197
2444,4832-VRBMR,0.16587035749999215,103.15,2475.6000000000004,410.62865702698065,73.18859710809419
2445,4778-IZARL,0.15530835889488098,110.1,2642.3999999999996,410.38680754383347,73.11604226315004
2446,8189-HBVRW,0.18825959130696937,90.8,2179.2,410.2553013761476,73.07659041284427
2447,5071-FBJFS,0.33977058346137073,50.3,1207.1999999999998,410.17104835456666,73.05131450636999
2448,0237-YFUTL,0.15580092943992757,109.65,2631.6000000000004,410.00572591411344,73.00171777423402
2449,6728-VOIFY,0.17782076544346306,96.0,2304.0,409.6990435817389,72.90971307452168
2450,3018-TFTSU,0.20884268032203285,81.7,1960.8000000000002,409.49872757544205,72.84961827263261
2451,6907-FLBER,0.3141585196441431,54.3,1303.1999999999998,409.4113828002472,72.82341484007416
2452,6559-RAKOZ,0.17414253361971166,97.95,2350.8,409.3742680332182,72.81228040996545
2453,9494-MRNYX,0.22717155460354724,75.05,1801.1999999999998,409.18140415190925,72.75442124557277
2454,7426-RHZGU,0.17770876909650785,95.9,2301.6000000000004,409.01450295252255,72.70435088575675
2455,9398-MMQTO,0.22866989683606773,74.45,1786.8000000000002,408.58737166668584,72.57621150000574
2456,7587-AOVVU,0.1689365585173734,100.75,2418.0,408.4885984950089,72.54657954850266
2457,8979-CAMGB,0.1666215643874152,102.1,2450.3999999999996,408.28948137492216,72.48684441247664
2458,0921-OHLVP,0.20470308488581596,83.05,1993.1999999999998,408.0141887944083,72.4042566383225
2459,6985-HAYWX,0.21435237145205072,79.3,1903.1999999999998,407.9554333475429,72.38663000426287
2460,1100-DDVRV,0.3409292614622702,49.8,1195.1999999999998,407.4786532997053,72.24359598991158
2461,8104-OSKWT,0.21269349880693791,79.8,1915.1999999999998,407.35058891504747,72.20517667451423
2462,9137-UIYPG,0.15856303893719872,106.9,2565.6000000000004,406.8093326972771,72.04279980918312
2463,3453-RTHJQ,0.24529820345357817,69.1,1658.3999999999999,406.802540607414,72.0407621822242
2464,8920-NAVAY,0.15291590084881637,110.75,2658.0,406.4504644561539,71.93513933684616
2465,5590-YRFJT,0.6925996828468131,24.45,586.8,406.41749389450985,71.92524816835295
2466,8819-IMISP,0.20942362214848353,80.45,1930.8000000000002,404.35512964429205,71.30653889328761
2467,0898-XCGTF,0.1745834932382658,96.5,2316.0,404.3353703398236,71.30061110194708
2468,6080-TCMYC,0.2072701442022203,81.2,1948.8000000000002,403.928057021287,71.17841710638609
2469,9450-TRJUU,0.20197868197303678,83.15,1995.6000000000001,403.0686577453922,70.92059732361766
2470,4770-UEZOX,0.22460786353272982,74.75,1794.0,402.9465071777173,70.88395215331519
2471,4223-WOZCM,0.33603266100071333,49.95,1198.8000000000002,402.8359540076552,70.85078620229655
2472,4116-TZAQJ,0.22604345430276984,74.25,1782.0,402.80943556753584,70.84283067026075
2473,1307-TVUFB,0.2113531014176127,79.35,1904.3999999999999,402.50084633970164,70.75025390191048
2474,5002-GCQFH,0.17865856199020286,93.85,2252.3999999999996,402.41054502673285,70.72316350801985
2475,1656-DRSMG,0.15261596625988047,109.85,2636.3999999999996,402.35673344754883,70.70702003426464
2476,3680-CTHUH,0.14369126690566414,116.6,2798.3999999999996,402.10564130881045,70.63169239264313
2477,5334-JLAXU,0.17801799117252923,94.1,2258.3999999999996,402.0358312640399,70.61074937921197
2478,0380-NEAVX,0.16774896060051553,99.85,2396.3999999999996,401.99360918307536,70.5980827549226
2479,9699-UBQFS,0.1770111610044125,94.5,2268.0,401.46131315800756,70.43839394740226
2480,5628-RKIFK,0.16452930225261658,101.55,2437.2,400.9908154500771,70.29724463502312
2481,5650-YLIBA,0.20577588056533114,81.15,1947.6000000000001,400.76910498903896,70.23073149671168
2482,8049-WJCLQ,0.27731175821197385,60.2,1444.8000000000002,400.66002826465984,70.19800847939794
2483,4998-IKFSE,0.16615664582526432,100.45,2410.8,400.5704417555473,70.17113252666418
2484,0111-KLBQG,0.17756342674280895,93.95,2254.8,400.37001461968566,70.11100438590569
2485,1536-HBSWP,0.33392377574052956,49.9,1197.6,399.90711382685816,69.97213414805745
2486,3148-BLQJT,0.828985977679188,20.1,482.40000000000003,399.9028356324403,69.97085068973209
2487,7562-UXTPG,0.23744114728497653,70.15,1683.6000000000001,399.75591556898655,69.92677467069596
2488,1066-JKSGK,0.826452316221666,20.15,483.59999999999997,399.67234012479764,69.90170203743929
2489,1934-SJVJK,0.826452316221666,20.15,483.59999999999997,399.67234012479764,69.90170203743929
2490,2208-UGTGR,0.1686106014624744,98.6,2366.3999999999996,399.00012730079936,69.70003819023981
2491,5356-RHIPP,0.8224782262584677,20.2,484.79999999999995,398.7374440901051,69.62123322703152
2492,8305-VHZBZ,0.8224782262584677,20.2,484.79999999999995,398.7374440901051,69.62123322703152
2493,9992-UJOEL,0.3299701729570765,50.3,1207.1999999999998,398.33999279378264,69.50199783813478
2494,6572-ADKRS,0.2216409480952049,74.8,1795.1999999999998,397.8898300205118,69.36694900615353
2495,0856-NAOES,0.27199469651265484,60.9,1461.6,397.5474484228963,69.26423452686889
2496,2324-EFHVG,0.158663436233122,104.4,2505.6000000000004,397.54710582571056,69.26413174771317
2497,2133-TSRRM,0.1571590348360147,105.35,2528.3999999999996,397.36090367937953,69.20827110381386
2498,6522-YRBXD,0.1750835598573348,94.55,2269.2,397.29961402826405,69.18988420847921
2499,0315-LVCRK,0.19503611020908526,84.8,2035.1999999999998,396.9374914975303,69.08124744925908
2500,1384-RCUXW,0.20521926183074637,80.55,1933.1999999999998,396.72987697119885,69.01896309135965
2501,9819-FBNSV,0.22864994531796431,72.25,1734.0,396.47900518135015,68.94370155440504
2502,2927-CVULT,0.1583204668217642,104.05,2497.2,395.35786974730956,68.60736092419286
2503,2988-PLAHS,0.23548853081725474,69.95,1678.8000000000002,395.3381455360073,68.60144366080218
2504,6353-BRMMA,0.15813205899665492,104.1,2498.3999999999996,395.07713619724257,68.52314085917277
2505,5336-UFNZP,0.15312403354447154,107.45,2578.8,394.87625770448324,68.46287731134497
2506,3987-KQDDU,0.21759019601291066,75.6,1814.3999999999999,394.79565164582505,68.4386954937475
2507,1818-ESQMW,0.18434537166799314,89.2,2140.8,394.64657166683975,68.39397150005192
2508,0564-MUUQK,0.1721615243757913,95.5,2292.0,394.59421386931365,68.37826416079409
2509,0420-BWTPW,0.6446004271367609,25.5,612.0,394.4954614076977,68.3486384223093
2510,1334-FJSVR,0.6776056950980125,24.25,582.0,394.36651454704327,68.30995436411297
2511,4821-SJHJV,0.183259020196113,89.6,2150.3999999999996,394.0801970297214,68.2240591089164
2512,7621-VPNET,0.19114654213435472,85.9,2061.6000000000004,394.0677112641858,68.22031337925573
2513,2386-OWURY,0.17212070432877755,95.3,2287.2,393.67447494078,68.102342482234
2514,6360-SVNWV,0.22295453259497053,73.55,1765.1999999999998,393.55934093664195,68.06780228099258
2515,0682-USIXD,0.18998160182999344,86.05,2065.2,392.3500040993024,67.70500122979071
2516,7083-YNSKY,0.6429076619180598,25.4,609.5999999999999,391.9165107052492,67.57495321157475
2517,6591-QGOYB,0.15295770292131958,106.65,2559.6000000000004,391.5105363974096,67.45316091922288
2518,5274-XHAKY,0.1729638852410355,94.3,2263.2,391.4518650775115,67.43555952325345
2519,5461-QKNTN,0.17271871023832713,94.3,2263.2,390.89698501138196,67.26909550341458
2520,7016-BPGEU,0.6487247927827007,25.1,602.4000000000001,390.7918151722989,67.23754455168967
2521,2897-DOVND,0.23317420868888789,69.8,1675.1999999999998,390.61343439562495,67.18403031868748
2522,8152-UOBNY,0.15224782439501622,106.8,2563.2,390.24162348930554,67.07248704679165
2523,5501-TVMGM,0.29423082527785277,55.25,1326.0,390.15007431843276,67.04502229552982
2524,4947-DSMXK,0.16631017018389171,97.7,2344.8,389.9640870471893,66.98922611415679
2525,0691-NIKRI,0.15334182445219832,105.95,2542.8,389.9175912170499,66.97527736511496
2526,5624-BQSSA,0.7754029234925375,20.95,502.79999999999995,389.8725899320478,66.96177697961433
2527,8782-LKFPK,0.17963791673607687,90.4,2169.6000000000004,389.74242415059246,66.92272724517773
2528,5712-AHQNN,0.1771745926756964,91.65,2199.6000000000004,389.7132340494619,66.91397021483857
2529,1785-BPHTP,0.18985752586187135,85.45,2050.8,389.3598140375258,66.80794421125773
2530,5168-MQQCA,0.14945894474516208,108.5,2604.0,389.19109211640205,66.75732763492061
2531,0471-ARVMX,0.15414290834903333,104.85,2516.3999999999996,387.8852145695074,66.36556437085221
2532,4727-MCYZG,0.29070875711075894,55.55,1333.1999999999998,387.5729149800638,66.27187449401913
2533,4860-IJUDE,0.21895283325422588,73.75,1770.0,387.5465148599798,66.26395445799395
2534,2604-IJPDU,0.1669485751757186,96.55,2317.2,386.8532383971751,66.05597151915254
2535,0218-QNVAS,0.1602922880816625,100.55,2413.2,386.8173495986679,66.04520487960036
2536,2027-CWDNU,0.18818844356761436,85.6,2054.3999999999996,386.61433846530684,65.98430153959205
2537,6128-DAFVY,0.3589372801686441,44.85,1076.4,386.3600883735286,65.90802651205857
2538,3186-AJIEK,0.1523353487109219,105.65,2535.6000000000004,386.2615101914136,65.87845305742408
2539,5968-VXZLG,0.34481263426912656,46.6,1118.4,385.63845016659116,65.69153504997735
2540,5732-IKGQH,0.1536949090025468,104.45,2506.8,385.2823978875843,65.58471936627528
2541,9053-EJUNL,0.17994799539268053,89.2,2140.8,385.2326685366505,65.56980056099515
2542,3452-ABWRL,0.1863608821197243,86.05,2065.2,384.87249375365457,65.46174812609637
2543,7826-VVKWT,0.16583168164063422,96.55,2317.2,384.2651726976776,65.27955180930327
2544,4612-SSVHJ,0.1962209398366185,81.45,1954.8000000000002,383.5726931926219,65.07180795778656
2545,9227-LUNBG,0.6493398826197232,24.6,590.4000000000001,383.37026669868465,65.0110800096054
2546,0961-ZWLVI,0.14626114418159347,109.2,2620.8,383.3212066711202,64.99636200133605
2547,0422-UXFAP,0.16137411901488768,98.85,2372.3999999999996,382.8439599509195,64.85318798527585
2548,4343-EJVQB,0.2144867981108994,74.35,1784.3999999999999,382.73024254908887,64.81907276472666
2549,2307-FYNNL,0.1460461679636253,109.05,2617.2,382.2320307944001,64.66960923832002
2550,7442-YGZFK,0.31962026457307485,49.8,1195.1999999999998,382.010140217739,64.60304206532169
2551,9638-JIQYA,0.6392150177452253,24.9,597.5999999999999,381.9948946045466,64.59846838136397
2552,0869-PAPRP,0.18570493064540444,85.7,2056.8,381.9579013514679,64.58737040544037
2553,2371-KFUOG,0.16036333339885672,99.15,2379.6000000000004,381.6005881559195,64.48017644677586
2554,8541-QVFKM,0.2163016015436427,73.5,1764.0,381.5560251229857,64.46680753689571
2555,8930-XOTDP,0.2836708022448956,55.95,1342.8000000000002,380.9131532544459,64.27394597633376
2556,9786-IJYDL,0.1401728734316252,113.2,2716.8,380.8216625390394,64.2464987617118
2557,3404-JNXAX,0.19644661136950312,80.75,1938.0,380.71353283409707,64.21405985022912
2558,5481-NTDOH,0.14818259698074282,107.05,2569.2,380.71072816292445,64.21321844887733
2559,1636-NTNCO,0.3112148485210349,50.95,1222.8000000000002,380.5535167715216,64.16605503145647
2560,9885-AIBVB,0.1843680437147382,85.8,2059.2,379.65067561738886,63.89520268521666
2561,6891-JPYFF,0.15010680825919395,105.25,2526.0,379.1697976627239,63.75093929881717
2562,0082-LDZUE,0.35658137330117745,44.3,1063.1999999999998,379.1173160938118,63.735194828143534
2563,7839-QRKXN,0.781458087712257,20.2,484.79999999999995,378.85088092290215,63.65526427687064
2564,7801-KICAO,0.2127405203242557,74.15,1779.6000000000001,378.59302996904546,63.57790899071364
2565,2995-UPRYS,0.15901611244209385,99.2,2380.8,378.58556050213707,63.57566815064112
2566,9332-GYWLO,0.2875780046909207,54.85,1316.4,378.56768537512806,63.57030561253842
2567,6507-DTJZV,0.23753438139409672,66.4,1593.6000000000001,378.5347901896326,63.56043705688977
2568,9432-VOFYX,0.22266850000934343,70.8,1699.1999999999998,378.3583152158763,63.507494564762894
2569,1024-KPRBB,0.17687546054050235,89.1,2138.3999999999996,378.23048481981016,63.46914544594304
2570,9214-EKVXR,0.3576241412246314,44.0,1056.0,377.65109313321074,63.295327939963215
2571,4567-AKPIA,0.1442094567729635,109.1,2618.3999999999996,377.5980416143276,63.27941248429828
2572,6770-XUAGN,0.7485968705328441,21.0,504.0,377.2928227485534,63.18784682456602
2573,2085-BOJKI,0.16247187963172532,96.65,2319.6000000000004,376.86977199375013,63.06093159812504
2574,7011-CVEUC,0.16402951533356275,95.7,2296.8,376.74299081812694,63.022897245438074
2575,9355-NPPFS,0.19908505014059946,78.8,1891.1999999999998,376.50964682590165,62.9528940477705
2576,2853-CWQFQ,0.2632742922974483,59.55,1429.1999999999998,376.2716185515131,62.88148556545393
2577,2252-ISRNH,0.17347616445984856,90.35,2168.3999999999996,376.16571501473555,62.84971450442066
2578,7567-ECMCM,0.19616447192621794,79.85,1916.3999999999999,375.92959399940406,62.77887819982122
2579,1208-NBVFH,0.3157779586760447,49.6,1190.4,375.9020820079636,62.77062460238908
2580,7519-JTWQH,0.1417378224720529,110.5,2652.0,375.8887051958843,62.76661155876529
2581,7754-IXRMC,0.3453224987869404,45.35,1088.4,375.84900767970595,62.754702303911785
2582,7134-MJPDY,0.15201828116986807,102.85,2468.3999999999996,375.2419252397023,62.572577571910685
2583,9408-HRXRK,0.1486608647411114,105.15,2523.6000000000004,375.1605582606688,62.548167478200625
2584,2043-WVTQJ,0.2806023594589188,55.7,1336.8000000000002,375.1092341246827,62.532770237404804
2585,7020-OZKXZ,0.20671589185963174,75.5,1812.0,374.5691960496527,62.37075881489581
2586,3803-KMQFW,0.7588004034851439,20.55,493.20000000000005,374.240358998873,62.27210769966189
2587,4636-JGAAI,0.17542593856929048,88.85,2132.3999999999996,374.07827140515496,62.22348142154648
2588,9391-YZEJW,0.16580425833352397,94.0,2256.0,374.05440680043006,62.216322040129015
2589,2523-EWWZL,0.20478758607394312,76.1,1826.3999999999999,374.0240472054497,62.207214161634894
2590,6227-HWPWX,0.22582091116653719,69.0,1656.0,373.9594288917856,62.18782866753567
2591,8544-GOQSH,0.19452795878464157,80.05,1921.1999999999998,373.7271144170534,62.118134325116
2592,0439-IFYUN,0.20830396457513922,74.7,1792.8000000000002,373.44734769030964,62.03420430709289
2593,3620-MWJNE,0.28548618703024076,54.45,1306.8000000000002,373.0733492111187,61.92200476333561
2594,4706-DGAHW,0.3437763786085816,45.2,1084.8000000000002,372.9286155145894,61.87858465437682
2595,4355-CVPVS,0.17478725509496693,88.9,2133.6000000000004,372.9260874706215,61.87782624118644
2596,6583-SZVGP,0.14361336575527364,108.1,2594.3999999999996,372.5905161154819,61.77715483464456
2597,1357-BIJKI,0.1579668574095659,98.25,2358.0,372.48584977175636,61.7457549315269
2598,6897-UUBNU,0.17305944234656684,89.65,2151.6000000000004,372.35469615287326,61.70640884586197
2599,1409-PHXTF,0.14043134475958274,110.45,2650.8,372.25540868870195,61.67662260661058
2600,2080-GKCWQ,0.2069037954971587,74.95,1798.8000000000002,372.17854734028913,61.65356420208674
2601,0106-GHRQR,0.2171161040946988,71.4,1713.6000000000001,372.0501559766759,61.615046793002776
2602,1950-KSVVJ,0.13678424494597513,113.3,2719.2,371.9437188570956,61.58311565712867
2603,5857-TYBCJ,0.17369117988379784,89.2,2140.8,371.83807789523445,61.551423368570326
2604,2101-RANCD,0.2119397097051076,73.1,1754.3999999999999,371.8270267066407,61.54810801199221
2605,8065-BVEPF,0.1562919026694784,99.1,2378.3999999999996,371.72466130908737,61.51739839272621
2606,6185-TASNN,0.33424361415040454,46.3,1111.1999999999998,371.4115040439295,61.423451213178836
2607,6655-LHBYW,0.13531950178603605,114.35,2744.3999999999996,371.3708407015973,61.41125221047918
2608,6615-ZGEDR,0.7846455424065997,19.7,472.79999999999995,370.9804124498403,61.29412373495208
2609,6837-HAEVO,0.1471161086515523,105.0,2520.0,370.73259380191183,61.21977814057355
2610,1564-HJUVY,0.24220382315797345,63.75,1530.0,370.5718494316994,61.171554829509816
2611,7064-FRRSW,0.15583358203518088,99.0,2376.0,370.2605909155898,61.07817727467693
2612,5060-TQUQN,0.18434854036409545,83.55,2005.1999999999998,369.6556931380842,60.89670794142525
2613,2279-AXJJK,0.16075785834677048,95.65,2295.6000000000004,369.03573962084636,60.71072188625391
2614,0650-BWOZN,0.2090426713654995,73.55,1765.1999999999998,369.0021234943797,60.70063704831391
2615,8515-OCTJS,0.6211843615648341,24.75,594.0,368.9835107695115,60.695053230853446
2616,7130-YXBRO,0.13734193475260165,111.45,2674.8,367.3622070762589,60.20866212287767
2617,3858-XHYJO,0.14464294900409191,105.75,2538.0,367.1038045723853,60.131141371715586
2618,8564-LDKFL,0.1442566834505923,106.0,2544.0,366.9890026983068,60.09670080949205
2619,5022-JNQEQ,0.20156757655968266,75.85,1820.3999999999999,366.9336163692463,60.08008491077389
2620,6339-DKLMK,0.48295192259869435,31.65,759.5999999999999,366.8502804059682,60.05508412179046
2621,4484-CGXFK,0.2763445480968388,55.3,1327.1999999999998,366.7644842341244,60.029345270237314
2622,1104-TNLZA,0.1444215793214139,105.8,2539.2,366.7152742129341,60.01458226388023
2623,4255-DDUOU,0.7453223655627255,20.5,492.0,366.6986038568609,60.00958115705828
2624,3481-JHUZH,0.19025495249139396,80.25,1926.0,366.43103849842475,59.92931154952743
2625,0623-EJQEG,0.162993724657279,93.55,2245.2,365.95351060052275,59.78605318015683
2626,7742-MYPGI,0.3119181414965674,48.8,1171.1999999999998,365.31852732077965,59.595558196233895
2627,6158-DWPZT,0.6315271635662685,24.1,578.4000000000001,365.27531140672977,59.58259342201893
2628,2038-LLMLM,0.14654538094032027,103.85,2492.3999999999996,365.2497074556542,59.57491223669625
2629,6048-QBXKL,0.269002390163284,56.55,1357.1999999999998,365.09004392960895,59.52701317888268
2630,1845-CSBRZ,0.178193484695106,85.35,2048.3999999999996,365.01153404945507,59.50346021483652
2631,5439-WIKXB,0.16084590853052136,94.55,2269.2,364.99153563745904,59.497460691237706
2632,8552-OBVRU,0.145530370997321,104.5,2508.0,364.9901704612811,59.49705113838432
2633,6234-PFPXL,0.1585678333276572,95.9,2301.6000000000004,364.9597251869359,59.48791755608076
2634,1346-UFHAX,0.19005899284430722,80.0,1920.0,364.91326626106985,59.47397987832095
2635,1910-FMXJM,0.18900179124732736,80.4,1929.6000000000001,364.6978563908429,59.409356917252865
2636,5716-LIBJC,0.14549114609253694,104.15,2499.6000000000004,363.66966877290537,59.10090063187161
2637,5433-KYGHE,0.17607053238639922,86.0,2064.0,363.409578845528,59.02287365365841
2638,6034-YMTOB,0.20011064132183637,75.65,1815.6000000000001,363.3208803839261,58.99626411517784
2639,5606-AMZBO,0.19365305262373492,78.15,1875.6000000000001,363.21566550107724,58.96469965032317
2640,7729-JTEEC,0.34002281100307286,44.5,1068.0,363.1443621512818,58.94330864538455
2641,9494-BDNNC,0.15871887815248892,95.3,2287.2,363.02181811037264,58.90654543311179
2642,0639-TSIQW,0.14681391078869488,102.95,2470.8,362.74781077670735,58.8243432330122
2643,6141-OOXUQ,0.7691669408492137,19.65,471.59999999999997,362.73912930448915,58.821738791346746
2644,3785-NRHYR,0.7691669408492137,19.65,471.59999999999997,362.73912930448915,58.821738791346746
2645,7978-DKUQH,0.20247807210488106,74.6,1790.3999999999999,362.51674029657903,58.7550220889737
2646,5663-QBGIS,0.1535809692315689,98.35,2360.3999999999996,362.51251977419514,58.75375593225854
2647,7047-FWEYA,0.1464300370343104,103.15,2475.6000000000004,362.5021996821389,58.750659904641665
2648,3445-HXXGF,0.33340085730471,45.3,1087.1999999999998,362.4734120616806,58.74202361850418
2649,6445-TNRXS,0.13162270145752714,114.7,2752.8,362.3309725722807,58.6992917716842
2650,6818-WOBHJ,0.16844291898581806,89.6,2150.3999999999996,362.2196529871031,58.66589589613092
2651,1421-HCERK,0.1426644164327338,105.7,2536.8,361.9110916065591,58.57332748196774
2652,2831-EBWRN,0.32824771575617134,45.9,1101.6,361.5976836769983,58.47930510309949
2653,9112-WSNPU,0.21355300321975826,70.55,1693.1999999999998,361.58794505169465,58.47638351550839
2654,5945-AZYHT,0.1374481816020233,109.6,2630.3999999999996,361.54369688596205,58.463109065788615
2655,1000-AJSLD,0.7493153741671176,20.1,482.40000000000003,361.46973649821757,58.440920949465266
2656,1240-KNSEZ,0.7493153741671176,20.1,482.40000000000003,361.46973649821757,58.440920949465266
2657,6128-AQBMT,0.27893941329076466,53.95,1294.8000000000002,361.17075232888214,58.351225698664635
2658,4597-ELFTS,0.6042955109227722,24.9,597.5999999999999,361.12699732744863,58.33809919823459
2659,0931-MHTEM,0.15024502520188243,100.05,2401.2,360.76835451476006,58.230506354428016
2660,6862-CQUMB,0.15637249088480146,96.1,2306.3999999999996,360.657512976706,58.197253893011805
2661,4503-BDXBD,0.19961367631056698,74.95,1798.8000000000002,359.06508094744794,57.71952428423438
2662,2322-VCZHZ,0.16611197876932302,90.0,2160.0,358.8018741417377,57.64056224252131
2663,6022-KOUQO,0.5146136197943132,29.05,697.2,358.7886157205952,57.63658471617856
2664,2842-BCQGE,0.19838319954913547,75.35,1808.3999999999999,358.7561780646566,57.626853419396966
2665,9822-OAOVB,0.26949920939899497,55.45,1330.8000000000002,358.64954786818254,57.594864360454764
2666,3063-QFSZL,0.26949920939899497,55.4,1329.6,358.3261488169037,57.49784464507111
2667,2955-PSXOE,0.7391023342351717,20.2,484.79999999999995,358.3168116372112,57.495043491163344
2668,6259-WJQLC,0.18398239776754455,81.1,1946.3999999999999,358.10333901474866,57.43100170442459
2669,9495-SKLKD,0.15545045995609386,95.95,2302.8,357.97131918689297,57.391395756067894
2670,2027-WKXMW,0.1370828460867016,108.75,2610.0,357.7862282862912,57.33586848588736
2671,8597-CWYHH,0.15799924007848515,94.35,2264.3999999999996,357.77347923372173,57.33204377011651
2672,6127-IYJOZ,0.3246303243707647,45.85,1100.4,357.2232089375895,57.16696268127684
2673,6807-SIWJI,0.14193689942561255,104.85,2516.3999999999996,357.17001371461134,57.1510041143834
2674,8468-EHYJA,0.14918982939955072,99.65,2391.6000000000004,356.80239599196557,57.04071879758966
2675,4670-TABXH,0.1354301781993067,109.75,2634.0,356.72308937697386,57.016926813092155
2676,1845-ZLLIG,0.29597902413296107,50.15,1203.6,356.2403534464319,56.87210603392957
2677,1685-VAYJF,0.3281985071563186,45.2,1084.8000000000002,356.02974056317447,56.808922168952336
2678,4826-TZEVA,0.19832162431360664,74.8,1795.1999999999998,356.0269799677866,56.808093990335976
2679,2240-HSJQD,0.18110178423598383,81.85,1964.3999999999999,355.7563449531666,56.726903485949975
2680,0430-IHCDJ,0.30191461667420727,49.0,1176.0,355.05158920886777,56.51547676266033
2681,0139-IVFJG,0.16362967565458134,90.35,2168.3999999999996,354.8145886893941,56.444376606818224
2682,5734-EJKXG,0.124574970850066,118.6,2846.3999999999996,354.5901970276278,56.37705910828835
2683,0203-HHYIJ,0.5839040837144758,25.3,607.2,354.5465596314297,56.363967889428906
2684,5973-EJGDP,0.16905548752534366,87.35,2096.3999999999996,354.4079240481304,56.322377214439115
2685,2144-BFDSO,0.13568299743416876,108.75,2610.0,354.1326233031805,56.239786990954144
2686,7813-ZGGAW,0.15273615190740622,96.6,2318.3999999999996,354.1034945821305,56.231048374639144
2687,4993-JCRGJ,0.1748800701550747,84.3,2023.1999999999998,353.8173579377471,56.14520738132413
2688,0129-KPTWJ,0.15566990775545436,94.65,2271.6000000000004,353.61976245729016,56.08592873718705
2689,7718-RXDGG,0.21465074242804474,68.6,1646.3999999999999,353.40098233353285,56.02029470005985
2690,0136-IFMYD,0.13384697452785219,109.95,2638.8,353.1953963840964,55.95861891522891
2691,1548-ARAGG,0.2515327421762782,58.5,1404.0,353.15197001549456,55.945591004648364
2692,1575-KRZZE,0.26638534334791897,55.2,1324.8000000000002,352.9073028673231,55.87219086019692
2693,8950-MTZNV,0.3271262785377716,44.95,1078.8000000000002,352.90382928654805,55.87114878596441
2694,5298-GSTLM,0.14498941932531675,101.4,2433.6000000000004,352.8462508700909,55.85387526102727
2695,5868-CZJDR,0.468521355136292,31.35,752.4000000000001,352.51546760454613,55.754640281363834
2696,2100-BDNSN,0.21611230067916615,67.95,1630.8000000000002,352.4359399475842,55.730781984275254
2697,3737-XBQDD,0.17303942485592777,84.85,2036.3999999999999,352.3774847766113,55.713245432983385
2698,6035-RIIOM,0.15101006324458593,97.2,2332.8,352.2762755369701,55.68288266109103
2699,4472-VESGY,0.1495115557864813,98.15,2355.6000000000004,352.1894208106354,55.65682624319062
2700,7569-NMZYQ,0.12354508187204467,118.75,2850.0,352.1034833353273,55.63104500059819
2701,3604-WLABM,0.2702438195944815,54.25,1302.0,351.8574531120149,55.557235933604474
2702,4029-HPFVY,0.20845427271734635,70.3,1687.1999999999998,351.7040489287067,55.511214678612006
2703,3413-BMNZE,0.3237537635538967,45.25,1086.0,351.5965872195318,55.478976165859535
2704,3396-DKDEL,0.127184516842123,115.15,2763.6000000000004,351.4871307448912,55.446139223467355
2705,3955-JBZZM,0.18563926935714117,78.8,1891.1999999999998,351.08098620822534,55.324295862467594
2706,6705-LXORM,0.2087227266642489,70.05,1681.1999999999998,350.9046480679352,55.27139442038056
2707,9631-XEYKE,0.28984945270189255,50.4,1209.6,350.6018979882092,55.18056939646276
2708,5447-WZAFP,0.14540929964100915,100.3,2407.2,350.0292660958372,55.00877982875116
2709,5954-BDFSG,0.1356448107276689,107.5,2580.0,349.96361167738576,54.989083503215724
2710,7246-ZGQDF,0.2674324376064696,54.5,1308.0,349.80162838926225,54.94048851677867
2711,1043-YCUTE,0.5791665558746664,25.15,603.5999999999999,349.58493312594857,54.87547993778456
2712,0468-YRPXN,0.1474294754939356,98.8,2371.2,349.58477229122,54.875431687366
2713,7103-IPXPJ,0.1463907922249755,99.4,2385.6000000000004,349.22987393190164,54.768962179570494
2714,0840-DFEZH,0.19308880581613164,75.35,1808.3999999999999,349.18179643789244,54.75453893136773
2715,3870-SPZSI,0.12865241996039967,113.05,2713.2,349.0597458365564,54.717923750966904
2716,9812-GHVRI,0.1733927913163968,83.85,2012.3999999999999,348.9356532451169,54.680695973535066
2717,0369-ZGOVK,0.2064063254814966,70.4,1689.6000000000001,348.7441275335367,54.623238260061
2718,1493-AMTIE,0.7189822398999894,20.2,484.79999999999995,348.56258990351483,54.56877697105445
2719,5243-SAOTC,0.18185556262646013,79.85,1916.3999999999999,348.5080002173482,54.55240006520445
2720,8404-GFGCZ,0.22132843081636028,65.6,1574.3999999999999,348.45948147727756,54.53784444318326
2721,6982-UQZLY,0.6962081693487503,20.85,500.40000000000003,348.3825679421147,54.51477038263441
2722,7271-AJDTL,0.15348292383908052,94.45,2266.8,347.91509175842776,54.37452752752833
2723,3567-PQTSO,0.13768007301431287,105.25,2526.0,347.7798644341543,54.33395933024629
2724,0212-ISBBF,0.28759141604312555,50.35,1208.4,347.52546714651294,54.25764014395388
2725,9921-EZKBY,0.15190903653486387,95.3,2287.2,347.4463483625406,54.23390450876218
2726,4931-TRZWN,0.20109128017897993,71.95,1726.8000000000002,347.24442261306257,54.17332678391877
2727,8212-CRQXP,0.18064284809021938,80.0,1920.0,346.8342683332212,54.05028049996635
2728,3729-OWRVL,0.13083381177189554,110.35,2648.3999999999996,346.5002670966881,53.95008012900642
2729,7868-TMWMZ,0.1311223485001041,110.0,2640.0,346.1630000402748,53.84890001208244
2730,0100-DUVFC,0.13758659510605237,104.8,2515.2,346.05780401074287,53.81734120322285
2731,9979-RGMZT,0.15325172440547624,94.05,2257.2,345.91979232804096,53.77593769841228
2732,3795-CAWEX,0.12361334578025265,116.55,2797.2,345.7712508165227,53.73137524495681
2733,5018-GWURO,0.16783962173105768,85.6,2054.3999999999996,344.80971888428485,53.442915665285454
2734,9003-CPATH,0.17924169454100805,79.9,1917.6000000000001,343.71387345183706,53.11416203555112
2735,0201-MIBOL,0.1397937455181182,102.4,2457.6000000000004,343.5571089853274,53.067132695598204
2736,3104-OWCGK,0.15731992150885338,90.95,2182.8,343.3979246695252,53.01937740085755
2737,4238-HFHSN,0.17417048638936747,82.15,1971.6000000000001,343.39453096527694,53.018359289583074
2738,3688-FTHLT,0.22682171948047686,63.05,1513.1999999999998,343.2266259178575,52.96798777535726
2739,7434-SHXLS,0.6837962105556344,20.9,501.59999999999997,342.9921792147062,52.89765376441186
2740,0426-TIRNE,0.6837962105556344,20.9,501.59999999999997,342.9921792147062,52.89765376441186
2741,7243-LCGGZ,0.6837962105556344,20.9,501.59999999999997,342.9921792147062,52.89765376441186
2742,2530-FMFXO,0.13840946074471133,103.2,2476.8,342.81255237250105,52.84376571175031
2743,2623-DRYAM,0.14028983279079155,101.75,2442.0,342.58777167511295,52.77633150253388
2744,7951-QKZPL,0.5819069492013016,24.5,588.0,342.16128613036534,52.648385839109594
2745,7284-BUYEC,0.2797633978185724,50.95,1222.8000000000002,342.09468285255036,52.62840485576511
2746,0225-ZORZP,0.16883296892021846,84.3,2023.1999999999998,341.58286271938596,52.47485881581578
2747,1355-KUSBG,0.29158483747210295,48.8,1171.1999999999998,341.50416164732695,52.45124849419808
2748,2565-JSLRY,0.5911898299849822,24.05,577.2,341.23476986733175,52.37043096019953
2749,2320-JRSDE,0.7135090001174872,19.9,477.59999999999997,340.77189845611184,52.23156953683355
2750,0531-ZZJWQ,0.19167217707289871,74.0,1776.0,340.40978648146813,52.12293594444044
2751,8710-YGLWG,0.3157219931286739,44.9,1077.6,340.22201979545895,52.06660593863768
2752,0568-ONFPC,0.5462541669133448,25.9,621.5999999999999,339.5515901533351,51.86547704600052
2753,2203-GHNWN,0.17760815898411564,79.65,1911.6000000000001,339.5157567140355,51.85472701421064
2754,1356-MKYSK,0.17985885161739099,78.65,1887.6000000000001,339.5015683129873,51.85047049389618
2755,8785-EPNCG,0.6098319470112837,23.15,555.5999999999999,338.8226297594692,51.646788927840745
2756,4897-QSUYC,0.7004229248867312,20.15,483.59999999999997,338.7245264752232,51.617357942566954
2757,6486-LHTMA,0.1554445396869612,90.7,2176.8,338.37167399057716,51.511502197173144
2758,2720-FVBQP,0.28779253968192603,48.95,1174.8000000000002,338.09867561832675,51.429602685498025
2759,8563-OYMQY,0.15488102738721485,90.95,2182.8,338.0743065808126,51.42229197424378
2760,0853-NWIFK,0.14043259603419325,100.3,2407.2,338.04934517350995,51.41480355205299
2761,5131-PONJI,0.1557734779548829,90.4,2169.6000000000004,337.966137770914,51.389841331274184
2762,8645-KWHJO,0.25601304844564704,55.0,1320.0,337.9372239482541,51.381167184476226
2763,1410-RSCMR,0.19717819303148734,71.35,1712.3999999999999,337.6479377471189,51.29438132413566
2764,0036-IHMOT,0.13563316557428742,103.7,2488.8,337.56382248128654,51.269146744385964
2765,8388-FYNPZ,0.24782041232309004,56.75,1362.0,337.53140158404864,51.25942047521458
2766,0575-CUQOV,0.14343415782645372,97.95,2350.8,337.18501821842744,51.155505465528236
2767,1658-TJVOA,0.18941041461209845,74.1,1778.3999999999999,336.84748134615586,51.05424440384675
2768,2740-TVLFN,0.27939986290829877,50.15,1203.6,336.2856749964284,50.88570249892851
2769,2969-QWUBZ,0.27257427654289196,51.4,1233.6,336.24762754331147,50.87428826299343
2770,4745-LSPLO,0.6834180364809834,20.5,492.0,336.24167394864384,50.872502184593145
2771,9921-QFQUL,0.15539291442467187,90.15,2163.6000000000004,336.20810964922015,50.862432894766044
2772,2810-FTLEM,0.2792270484531839,50.15,1203.6,336.07767551825214,50.82330265547564
2773,9584-EXCDZ,0.19861692423077154,70.5,1692.0,336.05983579846543,50.817950739539626
2774,5515-IDEJJ,0.7033819555303971,19.9,477.59999999999997,335.9352219613176,50.780566588395274
2775,7402-PWYJJ,0.15352482477713852,91.15,2187.6000000000004,335.8509066824683,50.75527200474049
2776,4710-NKCAW,0.21728627822468355,64.4,1545.6000000000001,335.83767162407094,50.75130148722128
2777,8778-LMWTJ,0.18693321085376594,74.85,1796.3999999999999,335.8068199777051,50.742045993311535
2778,8329-GWVPJ,0.20059754355230924,69.75,1674.0,335.8002879065657,50.74008637196971
2779,7740-BTPUX,0.1230773791326573,113.6,2726.3999999999996,335.5581664672768,50.66744994018303
2780,1297-VQDRP,0.13040634360842268,107.15,2571.6000000000004,335.35295322341983,50.60588596702594
2781,0585-EGDDA,0.17463313675959385,80.0,1920.0,335.2956225784202,50.58868677352605
2782,7733-UDMTP,0.25372611421951385,55.0,1320.0,334.9184707697583,50.47554123092749
2783,7812-FZHPE,0.5789909525117432,24.1,578.4000000000001,334.8883669327923,50.466510079837676
2784,1216-BGTSP,0.1286191371126074,108.45,2602.8,334.76989007669454,50.430967023008364
2785,2898-MRKPI,0.13776074395454468,101.05,2425.2,334.09735623856176,50.22920687156852
2786,9681-KYGYB,0.15767638057533684,88.2,2116.8,333.769362401873,50.1308087205619
2787,5076-YVXCM,0.16671415062829614,83.4,2001.6000000000001,333.6950438975976,50.10851316927928
2788,4760-THGOT,0.14773153264511607,94.1,2258.3999999999996,333.63689332573006,50.09106799771901
2789,2122-YWVYA,0.18431992227487443,75.4,1809.6000000000001,333.54533134861276,50.063599404583826
2790,3806-DXQOM,0.41295828040964766,33.65,807.5999999999999,333.5051072588314,50.05153217764942
2791,3629-WEAAM,0.2167425758118159,64.1,1538.3999999999999,333.43677862889757,50.031033588669274
2792,3587-PMCOY,0.14046407346052708,98.9,2373.6000000000004,333.40552476590716,50.02165742977215
2793,9777-WJJPR,0.15641963372082085,88.65,2127.6000000000004,332.7984127044185,49.83952381132555
2794,4360-PNRQB,0.18333257691555999,75.6,1814.3999999999999,332.638627555592,49.79158826667759
2795,1399-UBQIU,0.19982620943250023,69.35,1664.3999999999999,332.59074297945335,49.777222893836
2796,5419-JKZNQ,0.17788272350211248,77.9,1869.6000000000001,332.56953985954954,49.77086195786485
2797,4393-RYCRE,0.13066383147822258,106.05,2545.2,332.5655838783721,49.76967516351162
2798,7989-CHGTL,0.7069809393850462,19.6,470.40000000000003,332.5638338867258,49.769150166017724
2799,0887-WBJVH,0.14812817307152815,93.45,2242.8,332.22186656482336,49.66655996944701
2800,0599-XNYDO,0.1980680504663574,69.8,1675.1999999999998,331.8035981412419,49.54107944237256
2801,7572-KPVKK,0.13274540360149728,104.05,2497.2,331.491821873659,49.447546562097685
2802,1600-DILPE,0.30671521011905506,45.0,1080.0,331.25242692857944,49.37572807857383
2803,9281-PKKZE,0.31391025544635964,43.95,1054.8000000000002,331.1125374448202,49.333761233446054
2804,0516-WJVXC,0.25448644524182895,54.2,1300.8000000000002,331.03596797057116,49.31079039117135
2805,6563-VNPMN,0.16063033946423524,85.7,2056.8,330.3844822100391,49.115344663011726
2806,3584-WKTTW,0.12336853157424399,111.55,2677.2,330.28223273056597,49.08466981916979
2807,7268-IGMFD,0.1463466553292256,93.9,2253.6000000000004,329.8068224499429,48.94204673498287
2808,4007-NHVHI,0.14188892814955695,96.85,2324.3999999999996,329.8066245908301,48.94198737724902
2809,3466-WAESX,0.19862888894407488,69.1,1658.3999999999999,329.40614942485377,48.82184482745613
2810,5143-WMWOG,0.6874043307111728,19.95,478.79999999999995,329.1291935445095,48.73875806335285
2811,3522-CDKHF,0.1815089419718791,75.5,1812.0,328.89420285304493,48.66826085591347
2812,8905-IAZPF,0.1432306664761243,95.65,2295.6000000000004,328.800317962591,48.6400953887773
2813,0666-UXTJO,0.16079420732972174,85.2,2044.8000000000002,328.79199514781504,48.63759854434451
2814,7718-UPSKJ,0.12872053032447914,106.4,2553.6000000000004,328.70074623658996,48.61022387097698
2815,7036-TYDEC,0.13159110705553262,104.0,2496.0,328.45140321060944,48.53542096318283
2816,7967-HYCDE,0.19353458790927963,70.7,1696.8000000000002,328.38948876446574,48.516846629339724
2817,5201-USSQZ,0.15924325716689292,85.9,2061.6000000000004,328.2958989752665,48.488769692579936
2818,0870-VEMYL,0.2538862385633256,53.85,1292.4,328.12257471924204,48.43677241577261
2819,8073-IJDCM,0.6724677883784357,20.3,487.20000000000005,327.62630649797387,48.28789194939216
2820,3865-QBWSJ,0.16948447959981816,80.45,1930.8000000000002,327.24063321132894,48.17218996339868
2821,6481-ESCNL,0.13549953878558482,100.55,2413.2,326.98748699737325,48.09624609921197
2822,0581-BXBUB,0.18705464630651134,72.75,1746.0,326.5974124511688,47.97922373535063
2823,1101-SSWAG,0.26627356324969653,51.1,1226.4,326.55789796942787,47.96736939082835
2824,2195-VVRJF,0.22989834283808638,59.1,1418.4,326.08780948154174,47.826342844462516
2825,6333-YDVLT,0.12351732004407703,110.0,2640.0,326.08572491636335,47.825717474909
2826,3853-LYGAM,0.14197969281202988,95.65,2295.6000000000004,325.92858281929585,47.778574845788754
2827,8272-ONJLV,0.14178478125748592,95.7,2296.8,325.6512855921937,47.69538567765811
2828,0864-FVJNJ,0.11966656037989179,113.35,2720.3999999999996,325.54091085745756,47.66227325723726
2829,4373-VVHQL,0.3029223936326044,44.75,1074.0,325.33865076141717,47.601595228425154
2830,5671-UUNXD,0.134655016773661,100.65,2415.6000000000004,325.2726585184556,47.58179755553668
2831,1728-CXQBE,0.14372300650534445,94.25,2262.0,325.10144071508915,47.53043221452674
2832,5375-XLDOF,0.11845982648286976,114.35,2744.3999999999996,325.10114779958775,47.53034433987632
2833,5921-NGYRH,0.1840713255958543,73.55,1765.1999999999998,324.92270394180196,47.47681118254059
2834,4724-WXVWF,0.14165604833305523,95.4,2289.6000000000004,324.3356882633633,47.30070647900898
2835,4667-OHGKG,0.6999237717285542,19.3,463.20000000000005,324.20469106466635,47.26140731939991
2836,1427-VERSM,0.13681875683177921,98.7,2368.8,324.09627118311863,47.22888135493558
2837,0319-QZTCO,0.22976937871906414,58.7,1408.8000000000002,323.6991007394176,47.109730221825274
2838,0215-BQKGS,0.15992847725634984,84.3,2023.1999999999998,323.567295185047,47.07018855551409
2839,7893-IXHRQ,0.6553495336719558,20.55,493.20000000000005,323.2183900070086,46.96551700210259
2840,2360-RDGRO,0.12901585605958313,104.25,2502.0,322.797671861077,46.8393015583231
2841,3446-QDSZF,0.24220169722443902,55.5,1332.0,322.6126607029528,46.783798210885834
2842,4402-FTBXC,0.14930605911191663,89.8,2155.2,321.7844185980027,46.535325579400805
2843,9986-BONCE,0.6396760403086602,20.95,502.79999999999995,321.62911306719434,46.488733920158296
2844,4983-CCWMC,0.19241398013655392,69.6,1670.3999999999999,321.40831242009966,46.4224937260299
2845,8705-WZCYL,0.2987705484911716,44.8,1075.1999999999998,321.23809373770763,46.37142812131229
2846,8623-ULFNQ,0.20250333047506536,66.05,1585.1999999999998,321.00827946907356,46.30248384072206
2847,1996-DBMUS,0.18927671673560992,70.65,1695.6000000000001,320.9376008969002,46.281280269070066
2848,9318-NKNFC,0.7093556766662338,18.85,452.40000000000003,320.9125081238042,46.273752437141255
2849,9746-MDMBK,0.11784341731440615,113.45,2722.8,320.86405666366505,46.25921699909951
2850,4646-QZXTF,0.16442594722333032,81.25,1950.0,320.6305970854941,46.18917912564824
2851,7239-HZZCX,0.6762012848053074,19.75,474.0,320.5194089977157,46.1558226993147
2852,3930-ZGWVE,0.6762012848053074,19.75,474.0,320.5194089977157,46.1558226993147
2853,3316-UWXUY,0.14269464164773865,93.5,2244.0,320.20677585752554,46.062032757257654
2854,6723-WSNTY,0.12337760060096459,108.1,2594.3999999999996,320.09084699914246,46.027254099742734
2855,5897-ZYEKH,0.1261738029018828,105.6,2534.3999999999996,319.7748860745317,45.932465822359504
2856,1251-STYSZ,0.16592259793039743,80.25,1926.0,319.56692361394545,45.870077084183634
2857,6849-WLEYG,0.6739636368252555,19.75,474.0,319.4587638551711,45.83762915655133
2858,7905-NJMXS,0.2072705620518626,64.2,1540.8000000000002,319.3624820095099,45.80874460285297
2859,2045-BMBTJ,0.2238025269579996,59.45,1426.8000000000002,319.32144546367385,45.79643363910215
2860,3506-LCJDC,0.6668843013763665,19.95,478.79999999999995,319.30420349900425,45.791261049701276
2861,1928-BXYIV,0.21751850669795592,61.15,1467.6,319.2301604299201,45.769048128976024
2862,0345-XMMUG,0.12189879995676915,108.9,2613.6000000000004,318.5947035670119,45.57841107010357
2863,1258-YMZNM,0.12005351261581305,110.5,2652.0,318.38191545713624,45.51457463714087
2864,4299-SIMNS,0.1632740982984448,81.15,1947.6000000000001,317.99263384605115,45.397790153815336
2865,8375-KVTHK,0.13209488302502484,100.3,2407.2,317.97880241783974,45.393640725351915
2866,9432-RUVSL,0.12915791204731636,102.5,2460.0,317.72846363639826,45.31853909091947
2867,0137-UDEUO,0.6664936918070402,19.85,476.40000000000003,317.517594776874,45.25527843306219
2868,0795-GMVQO,0.12031739476621914,109.9,2637.6000000000004,317.34916043537964,45.20474813061389
2869,7776-QGYJC,0.1621782394776776,81.5,1956.0,317.2206364183374,45.16619092550121
2870,1658-XUHBX,0.14892857148735106,88.75,2130.0,317.21785726805774,45.16535718041732
2871,0327-WFZSY,0.1321740583384703,100.0,2400.0,317.2177400123287,45.165322003698606
2872,1803-BGNBD,0.2430316089317118,54.3,1303.1999999999998,316.7187927598068,45.01563782794203
2873,5827-MWCZK,0.13608540149401238,96.95,2326.8,316.64351219626803,44.99305365888041
2874,1047-NNCBF,0.1866848375422951,70.55,1693.1999999999998,316.094766926614,44.828430077984194
2875,2359-KLTEK,0.13876725691882397,94.9,2277.6000000000004,316.0563043583135,44.81689130749406
2876,5287-QWLKY,0.12499597158860949,105.1,2522.3999999999996,315.28983873510856,44.58695162053256
2877,6067-NGCEU,0.1182854722357763,111.05,2665.2,315.25444060279096,44.576332180837284
2878,9445-ZUEQE,0.15410553063109075,85.2,2044.8000000000002,315.1149890344544,44.53449671033633
2879,7798-JVXYM,0.18836494241888285,69.65,1671.6000000000001,314.8708377474046,44.46125132422138
2880,7147-AYBAA,0.18647176259145626,70.35,1688.3999999999999,314.8389239594147,44.451677187824416
2881,6668-CNMFP,0.1467635862173674,89.35,2144.3999999999996,314.7198342845226,44.415950285356786
2882,7964-VEXDG,0.16314537502328957,80.35,1928.3999999999999,314.60954119491157,44.382862358473474
2883,0541-FITGH,0.21082900795831977,62.15,1491.6,314.4725482706298,44.34176448118893
2884,9488-FYQAU,0.11992840832030056,109.25,2622.0,314.4522866158281,44.33568598474842
2885,5977-CKHON,0.1414661739654981,92.55,2221.2,314.22466561216436,44.2673996836493
2886,2911-WDXMV,0.16253142183077157,80.55,1933.1999999999998,314.2057446832476,44.261723404974276
2887,0222-CNVPT,0.26820300032366007,48.8,1171.1999999999998,314.11935397907064,44.23580619372119
2888,1545-ACTAS,0.13106336531235885,99.7,2392.8,313.6084205194123,44.082526155823686
2889,6143-JQKEA,0.2851838031021582,45.8,1099.1999999999998,313.47403636989225,44.04221091096767
2890,4070-OKWVH,0.1380444566224533,94.6,2270.3999999999996,313.4161343156179,44.024840294685376
2891,0988-JRWWP,0.2408990435962906,54.2,1300.8000000000002,313.3614759100549,44.008442773016455
2892,4016-BJKTZ,0.1197466503867716,108.9,2613.6000000000004,312.9698454508663,43.890953635259876
2893,4468-YDOVK,0.26803825262502545,48.65,1167.6,312.96146376497967,43.888439129493904
2894,3873-NFTGI,0.23477016759184072,55.5,1332.0,312.71386323233185,43.81415896969955
2895,5055-MGMGF,0.12388269518001056,105.05,2521.2,312.3330510878426,43.69991532635278
2896,4892-VLANZ,0.6572574269575113,19.8,475.20000000000005,312.3287292902094,43.69861878706283
2897,8980-WQFWL,0.2094567247241562,62.1,1490.4,312.1743025288824,43.652290758664705
2898,7188-CBBBA,0.1361954293601298,95.5,2292.0,312.1599240934175,43.64797722802524
2899,1205-WNWPJ,0.2182886249599881,59.5,1428.0,311.716156442863,43.5148469328589
2900,9063-ZGTUY,0.6691412521066085,19.4,465.59999999999997,311.5521669808369,43.46565009425106
2901,4765-OXPPD,0.19941101383646395,65.0,1560.0,311.0811815848838,43.32435447546513
2902,1087-UDSIH,0.6610601522558638,19.6,470.40000000000003,310.96269562115833,43.288808686347494
2903,6284-KMNUF,0.13211798323152701,98.0,2352.0,310.7414965605515,43.22244896816545
2904,3096-YXENJ,0.12026346015795045,107.65,2583.6000000000004,310.7126756640808,43.21380269922423
2905,8970-ANWXO,0.17549293145102543,73.75,1770.0,310.622488668315,43.18674660049449
2906,1009-IRMNA,0.6462084629755134,20.0,480.0,310.1800622282464,43.054018668473915
2907,9169-BSVIN,0.1728435146365424,74.75,1794.0,310.08126525795706,43.02437957738711
2908,5950-AAAGJ,0.15310883737776437,84.3,2023.1999999999998,309.76979978269287,42.93093993480785
2909,6692-YQHXC,0.18451416840771379,69.95,1678.8000000000002,309.76238592286995,42.92871577686098
2910,5028-HTLJB,0.6433366021499182,20.05,481.20000000000005,309.5735729545407,42.87207188636221
2911,2924-KHUVI,0.12823162616449146,100.55,2413.2,309.44856026015077,42.83456807804522
2912,0601-WZHJF,0.27817638571322245,46.35,1112.4,309.44341146738867,42.83302344021659
2913,2419-FSORS,0.11880058223959762,108.4,2601.6000000000004,309.0715947545372,42.72147842636116
2914,0411-EZJZE,0.21374205039426464,60.25,1446.0,309.07100487010666,42.721301461032
2915,7845-URHJN,0.6389661648665891,20.15,483.59999999999997,309.00403732948246,42.70121119884473
2916,4488-PSYCG,0.6356444560649599,20.25,486.0,308.9232056475705,42.67696169427116
2917,7982-VCELR,0.1357254503418732,94.8,2275.2,308.8025446178299,42.64076338534896
2918,3552-CTCYF,0.12272618646848307,104.8,2515.2,308.6809042055286,42.60427126165857
2919,2267-WTPYD,0.13682501585183154,94.0,2256.0,308.67723576173194,42.60317072851957
2920,2252-JHJGE,0.12361177507482232,104.0,2496.0,308.5349905867565,42.560497176026956
2921,1406-PUQVY,0.2573000473001043,49.9,1197.6,308.14253664660487,42.44276099398145
2922,0734-OXWBT,0.18153501493071103,70.7,1696.8000000000002,308.02861333443053,42.40858400032916
2923,6050-IJRHS,0.12048897132954477,106.5,2556.0,307.9698107183164,42.390943215494914
2924,4881-JVQOD,0.37125145506078944,34.55,829.1999999999999,307.84170653640655,42.35251196092196
2925,4291-HPAXL,0.6459604983902272,19.85,476.40000000000003,307.73558143310424,42.32067442993127
2926,7921-LMDFQ,0.13638578310880145,94.0,2256.0,307.68632669345607,42.30589800803682
2927,8707-HOEDG,0.11632878602223458,110.2,2644.8,307.66637327160606,42.29991198148181
2928,4010-YLMVT,0.12025717668829408,106.6,2558.3999999999996,307.66596083933155,42.299788251799455
2929,2988-QRAJY,0.11639671086154542,110.05,2641.2,307.4269927275137,42.22809781825411
2930,5707-ORNDZ,0.23478734714840033,54.55,1309.1999999999998,307.38359488668567,42.21507846600569
2931,4760-XOHVN,0.6584232619870865,19.45,466.79999999999995,307.3519786955719,42.20559360867158
2932,2325-NBPZG,0.17169695374692215,74.55,1789.1999999999998,307.2001896439931,42.16005689319793
2933,4989-LIXVT,0.1334704411148107,95.9,2301.6000000000004,307.19556726984837,42.1586701809545
2934,3807-XHCJH,0.6397775025957287,20.0,480.0,307.0932012459498,42.12796037378493
2935,2234-XADUH,0.12396692792590444,103.2,2476.8,307.0412870868801,42.11238612606404
2936,2672-OJQZP,0.28549343141778827,44.75,1074.0,306.6199453427046,41.98598360281139
2937,3070-BDOQC,0.1281693561697913,99.65,2391.6000000000004,306.5298322156729,41.958949664701876
2938,2267-FPIMA,0.13521967718268982,94.4,2265.6000000000004,306.3537006251021,41.906110187530615
2939,8495-LJDFO,0.11710057604694057,108.95,2614.8,306.19458624754026,41.85837587426208
2940,6874-SGLHU,0.13150094633058979,97.0,2328.0,306.13420305761304,41.84026091728391
2941,3413-DHLPB,0.12279770510370473,103.75,2490.0,305.76628570822476,41.72988571246742
2942,5858-EAFCZ,0.28636949032084835,44.45,1066.8000000000002,305.4989722742811,41.64969168228431
2943,0258-NOKBL,0.14075110275762004,90.4,2169.6000000000004,305.3735925429325,41.61207776287975
2944,3716-UVSPD,0.2580632863694643,49.3,1183.1999999999998,305.3404804323501,41.602144129705025
2945,8901-UPRHR,0.11646609742010665,109.2,2620.8,305.2343481186155,41.570304435584646
2946,6532-YLWSI,0.6111535573699995,20.8,499.20000000000005,305.0878558391038,41.52635675173113
2947,8313-KTIHG,0.20735276052059123,61.3,1471.1999999999998,305.0573812778938,41.51721438336814
2948,0516-OOHAR,0.12665742334494454,100.35,2408.3999999999996,305.0417383839644,41.51252151518932
2949,8053-WWDRO,0.651497015623734,19.5,468.0,304.9006033119075,41.47018099357224
2950,2615-YVMYX,0.11812431127313246,107.5,2580.0,304.76072308468173,41.42821692540451
2951,6578-KRMAW,0.1359250096543659,93.4,2241.6000000000004,304.6895016412267,41.40685049236801
2952,9962-BFPDU,0.632805786827737,20.05,481.20000000000005,304.5061446215071,41.35184338645212
2953,1725-MIMXW,0.6514002199551432,19.45,466.79999999999995,304.0736226750608,41.222086802518234
2954,7854-EKTJL,0.6461512510182281,19.6,470.40000000000003,303.9495484789745,41.184864543692356
2955,7504-UWHNB,0.18136327511153685,69.75,1674.0,303.60212253671267,41.08063676101379
2956,8849-PRIQJ,0.11557341107128483,109.4,2625.6000000000004,303.4495481087655,41.03486443262965
2957,5195-KPUNQ,0.1306609209625988,96.75,2322.0,303.3946584751544,41.018397542546325
2958,4026-SKKHW,0.25139324305807204,50.25,1206.0,303.18025112803485,40.95407533841045
2959,6416-YJTTB,0.15885550168570975,79.5,1908.0,303.0962972163342,40.92888916490027
2960,5150-LJNSR,0.12874545002167379,98.05,2353.2,302.9637929910027,40.88913789730081
2961,2484-DGXPZ,0.6454946846433806,19.55,469.20000000000005,302.8661060346742,40.859831810402255
2962,5356-CSVSQ,0.19534058510088387,64.6,1550.3999999999999,302.85604314041035,40.8568129421231
2963,5577-OTWWW,0.6386892705473418,19.75,474.0,302.73871423944,40.821614271832004
2964,1360-XFJMR,0.11492686034472976,109.7,2632.8,302.57943791560456,40.773831374681365
2965,7449-HVPIV,0.13940374280064904,90.4,2169.6000000000004,302.4503603802882,40.73510811408646
2966,6817-WTYHE,0.2805166057913378,44.9,1077.6,302.2846944007456,40.68540832022367
2967,8124-NZVGJ,0.25543992344792643,49.25,1182.0,301.92998951544905,40.57899685463471
2968,6733-LRIZX,0.11538200794498765,108.95,2614.8,301.70087437455373,40.51026231236612
2969,0867-LDTTC,0.1671862483628534,75.15,1803.6000000000001,301.5371175472424,40.461135264172725
2970,1349-WXNGG,0.6260647787185414,20.05,481.20000000000005,301.26237151936215,40.37871145580864
2971,0278-YXOOG,0.5959009505848384,21.05,505.20000000000005,301.04916023546036,40.3147480706381
2972,2190-BCXEC,0.1590403801568975,78.85,1892.3999999999999,300.96801540891283,40.29040462267385
2973,7129-CAKJW,0.15629615831622684,80.05,1921.1999999999998,300.276179357135,40.082853807140495
2974,5609-IMCGG,0.1482833050219133,84.35,2024.3999999999999,300.1847226863613,40.05541680590838
2975,0899-WZRSD,0.11866933697341911,105.35,2528.3999999999996,300.04355160359285,40.013065481077845
2976,3071-VBYPO,0.13911264750872748,89.85,2156.3999999999996,299.9825130878199,39.994753926345965
2977,5687-DKDTV,0.6137460394979011,20.35,488.40000000000003,299.7535656907749,39.92606970723247
2978,6253-WRFHY,0.1926795345702486,64.75,1554.0,299.42399672216635,39.8271990166499
2979,2186-QZEYA,0.21302322924036207,58.55,1405.1999999999998,299.34024172855675,39.802072518567016
2980,4588-YBNIB,0.63634385372419,19.6,470.40000000000003,299.336148791859,39.80084463755769
2981,4390-KYULV,0.6062521873214263,20.55,493.20000000000005,299.00357878692745,39.701073636078235
2982,6652-YFFJO,0.19194765120260898,64.9,1557.6000000000001,298.97766151318376,39.69329845395512
2983,4083-EUGRJ,0.6151498523346259,20.25,486.0,298.9628282346282,39.688848470388464
2984,3199-NPKCN,0.11183026761084289,111.25,2670.0,298.5868145209505,39.57604435628515
2985,8910-LEDAG,0.17374653402201026,71.55,1717.1999999999998,298.357548222596,39.50726446677879
2986,6921-OZMFH,0.22313517711673264,55.7,1336.8000000000002,298.28710476964824,39.486131430894474
2987,4541-RMRLG,0.6456034822353394,19.25,462.0,298.26880879272676,39.48064263781802
2988,2805-EDJPQ,0.1245863627354415,99.75,2394.0,298.259752388647,39.477925716594086
2989,2501-XWWTZ,0.1769542070851249,70.2,1684.8000000000002,298.1324480970185,39.43973442910554
2990,0924-BJCRC,0.13878753284706086,89.45,2146.8,297.94907551607025,39.384722654821076
2991,7163-OCEQI,0.15783882639371086,78.65,1887.6000000000001,297.93656870076865,39.38097061023059
2992,0031-PVLZI,0.609846697462812,20.35,488.40000000000003,297.8491270408374,39.35473811225121
2993,2985-JUUBZ,0.16636634959456437,74.55,1789.1999999999998,297.66267269459456,39.29880180837837
2994,6729-GDNGC,0.1535557571770147,80.7,1936.8000000000002,297.40679050044207,39.22203715013262
2995,0678-RLHVP,0.11735252558621996,105.55,2533.2,297.27741781501237,39.18322534450371
2996,8982-NHAVY,0.1232419574353762,100.5,2412.0,297.2596013341274,39.17788040023822
2997,2067-QYTCF,0.11135575750225817,111.15,2667.6000000000004,297.05261871302395,39.11578561390718
2998,3758-CKOQL,0.11564691865912338,107.0,2568.0,296.98128711662883,39.09438613498865
2999,2452-SNHFZ,0.16397144987565565,75.45,1810.8000000000002,296.9195014348373,39.07585043045118
3000,3528-HFRIQ,0.23637791501360078,52.3,1255.1999999999998,296.70155892507165,39.01046767752149
3001,4895-TMWIR,0.6189016128949433,19.95,478.79999999999995,296.3300922540988,38.899027676229636
3002,4795-WRNVT,0.18943687404918835,65.1,1562.3999999999999,295.97617201445183,38.79285160433555
3003,8677-HDZEE,0.11691770673786075,105.45,2530.8,295.895332212178,38.768599663653404
3004,5740-YHGTW,0.1263402758440101,97.55,2341.2,295.78785380599646,38.736356141798936
3005,3537-HPKQT,0.15848815995438245,77.75,1866.0,295.73890647487764,38.72167194246329
3006,5161-XEUVX,0.1306669393005852,94.3,2263.2,295.7254170250844,38.71762510752532
3007,6458-CYIDZ,0.15265764050098846,80.7,1936.8000000000002,295.6673181223145,38.700195436694344
3008,0595-ITUDF,0.13412230255025065,91.8,2203.2,295.4982569787122,38.64947709361367
3009,0060-FUALY,0.12990014955262214,94.75,2274.0,295.39294008266273,38.61788202479882
3010,1930-WNXSB,0.1324576235294997,92.85,2228.3999999999996,295.16856827313705,38.55057048194111
3011,3509-GWQGF,0.17567152081541923,70.0,1680.0,295.1281549699043,38.53844649097128
3012,6627-CFOSN,0.12357949302177644,99.45,2386.8,294.959533944376,38.487860183312804
3013,2972-YDYUW,0.1297177644574144,94.7,2272.8,294.82253505881147,38.44676051764344
3014,9959-WOFKT,0.11512225843093504,106.7,2560.8,294.8050793899385,38.441523816981544
3015,0326-VDYXE,0.12578744761506386,97.65,2343.6000000000004,294.7954622306637,38.43863866919911
3016,6199-IWKGC,0.12250185075563573,100.25,2406.0,294.73945291805956,38.42183587541787
3017,8584-KMVXD,0.16238300334101408,75.6,1814.3999999999999,294.6277212619359,38.38831637858077
3018,3489-VSFRD,0.20366966808759113,60.25,1446.0,294.5063400546568,38.351902016397034
3019,1095-WGNGG,0.1213996353302916,101.05,2425.2,294.41839560302316,38.32551868090694
3020,9903-LYSAB,0.1676297252207022,73.15,1755.6000000000001,294.2907455974648,38.287223679239446
3021,0943-ZQPXH,0.13189921241153205,92.95,2230.8,294.2407630476457,38.272228914293706
3022,4140-WJAWW,0.617464973426632,19.85,476.40000000000003,294.1603133404475,38.24809400213424
3023,7203-OYKCT,0.11675419089126263,104.95,2518.8,294.0804560169123,38.224136805073684
3024,5989-AXPUC,0.10329408460582219,118.6,2846.3999999999996,294.01628242201224,38.204884726603666
3025,3407-JMJQQ,0.11236770858998446,109.0,2616.0,293.95392567139936,38.18617770141981
3026,9029-FEGVJ,0.15433105646199755,79.3,1903.1999999999998,293.7228666584737,38.11685999754211
3027,1573-LGXBA,0.12543100000067414,97.55,2341.2,293.65905720157826,38.09771716047348
3028,5514-YQENT,0.11005141937831071,111.15,2667.6000000000004,293.5731663335817,38.0719499000745
3029,8910-ICHIU,0.1278412616911233,95.65,2295.6000000000004,293.47240033814273,38.04172010144282
3030,1335-NTIUC,0.48997989452697865,24.95,598.8,293.3999608427548,38.01998825282644
3031,7611-YKYTC,0.1629956698133147,75.0,1800.0,293.3922056639665,38.017661699189944
3032,0761-AETCS,0.6330157996401647,19.3,463.20000000000005,293.21291839332434,37.963875517997295
3033,1449-XQEMT,0.6168076256263715,19.8,475.20000000000005,293.10698369765174,37.93209510929552
3034,0880-FVFWF,0.14124454523924285,86.4,2073.6000000000004,292.884689008094,37.8654067024282
3035,8947-YRTDV,0.12870434844804107,94.8,2275.2,292.828133588983,37.8484400766949
3036,0749-IRGQE,0.26931635312533847,45.3,1087.1999999999998,292.8007391178679,37.84022173536037
3037,5173-WXOQV,0.18997867547477656,64.2,1540.8000000000002,292.7191431715358,37.815742951460734
3038,7929-SKFGK,0.10670376695530628,114.3,2743.2,292.7097735117962,37.81293205353886
3039,4753-PADAS,0.11538205618496586,105.7,2536.8,292.7012001300214,37.81036003900641
3040,8903-XEBGX,0.22050623983992496,55.3,1327.1999999999998,292.65588151554834,37.7967644546645
3041,5688-KZTSN,0.6087838038721757,20.0,480.0,292.21622585864435,37.6648677575933
3042,4570-QHXHL,0.277944740665272,43.75,1050.0,291.84197769853563,37.55259330956069
3043,5325-UWTWJ,0.13426476959589514,90.55,2173.2,291.7841972857993,37.535259185739775
3044,8647-SDTWQ,0.16354201628813891,74.3,1783.1999999999998,291.6281234450093,37.48843703350279
3045,6776-TLWOI,0.6119245060276216,19.85,476.40000000000003,291.52083467155893,37.45625040146767
3046,6410-LEFEN,0.2683507674682244,45.15,1083.6,290.78489162856795,37.23546748857038
3047,4160-AMJTL,0.6165904846570743,19.65,471.59999999999997,290.78407256427624,37.23522176928287
3048,0356-ERHVT,0.26358251769188923,45.9,1101.6,290.3625014893851,37.108750446815534
3049,1400-WIVLL,0.11205690006992057,107.95,2590.8,290.31701670115024,37.095105010345065
3050,5616-PRTNT,0.6228738047114544,19.4,465.59999999999997,290.0100434736531,37.00301304209593
3051,2883-ILGWO,0.11502060875996808,104.9,2517.6000000000004,289.5758846140957,36.8727653842287
3052,2178-PMGCJ,0.17298813349343528,69.7,1672.8000000000002,289.3745497078186,36.81236491234557
3053,2272-UOINI,0.1534509622230304,78.5,1884.0,289.1016128281893,36.730483848456785
3054,9108-EJFJP,0.22489492162729915,53.55,1285.1999999999998,289.03495327540486,36.71048598262145
3055,6308-CQRBU,0.11021815927568009,109.25,2622.0,288.9920136208332,36.69760408624995
3056,8071-SBTRN,0.1083242060981802,111.15,2667.6000000000004,288.96565218750555,36.68969565625166
3057,7797-EJMDP,0.18224093319071485,66.05,1585.1999999999998,288.8883272939212,36.66649818817635
3058,8201-AAXCB,0.19909344438301668,60.35,1448.4,288.3669448443614,36.51008345330841
3059,7529-ZDFXI,0.13365771203630586,89.85,2156.3999999999996,288.2194902350899,36.46584707052696
3060,2294-DMMUS,0.17046004786432484,70.45,1690.8000000000002,288.21384892900045,36.464154678700126
3061,6598-RFFVI,0.621902483246363,19.3,463.20000000000005,288.0652302397154,36.41956907191461
3062,8755-IWJHN,0.12583165191800047,95.35,2288.3999999999996,287.95315224915225,36.38594567474567
3063,6121-VZNQB,0.6275120193369377,19.1,458.40000000000003,287.65150966405224,36.295452899215675
3064,0224-RLWWD,0.27021458463087,44.3,1063.1999999999998,287.29214637954095,36.18764391386229
3065,8311-UEUAB,0.15854338798349293,75.5,1812.0,287.2806190260892,36.18418570782676
3066,5968-XQIVE,0.1332948584148161,89.7,2152.8,286.9571711954161,36.08715135862482
3067,1169-SAOCL,0.11210040212235235,106.65,2559.6000000000004,286.93218927237314,36.07965678171193
3068,4464-JCOLN,0.6017677843806075,19.85,476.40000000000003,286.6821724789214,36.00465174367642
3069,5960-MVTUK,0.4009069805774496,29.75,714.0,286.24758413229904,35.87427523968971
3070,9909-DFRJA,0.1243136199051114,95.85,2300.3999999999996,285.9710512297182,35.79131536891546
3071,1472-TNCWL,0.12580839034885252,94.7,2272.8,285.937309584872,35.7811928754616
3072,8715-KKTFG,0.1153250050761552,103.3,2479.2,285.91375258480394,35.77412577544118
3073,9659-ZTWSM,0.11093148986924475,107.35,2576.3999999999996,285.80389049912213,35.74116714973664
3074,4946-EDSEW,0.6184738408265321,19.25,462.0,285.73491446185784,35.72047433855735
3075,1905-OEILC,0.6105239794730888,19.5,468.0,285.72522239340555,35.71756671802166
3076,7551-JOHTI,0.6105239794730888,19.5,468.0,285.72522239340555,35.71756671802166
3077,2960-NKRSO,0.13827756619405926,85.95,2062.8,285.2389635451055,35.57168906353165
3078,1215-VFYVK,0.2462233353220454,48.25,1158.0,285.1266223029286,35.53798669087857
3079,5510-BOIUJ,0.617049274206664,19.25,462.0,285.07676468347876,35.52302940504363
3080,4118-CEVPF,0.10712118035992738,110.8,2659.2,284.85664281311887,35.45699284393565
3081,3705-PSNGL,0.5813461525305695,20.4,489.59999999999997,284.62707627896685,35.38812288369006
3082,2937-FTHUR,0.18291732284130566,64.8,1555.1999999999998,284.4730204827985,35.341906144839555
3083,9974-JFBHQ,0.11946542181421882,99.15,2379.6000000000004,284.27991774911516,35.28397532473454
3084,3786-WOVKF,0.11080194751601295,106.85,2564.3999999999996,284.1405142100636,35.242154263019074
3085,8812-ZRHFP,0.13668933681526563,86.45,2074.8,283.60303602431316,35.08091080729395
3086,6603-QWSPR,0.11318527733860748,104.4,2505.6000000000004,283.59703089961494,35.07910926988448
3087,5839-SUYVZ,0.15848802219221816,74.55,1789.1999999999998,283.5667693063167,35.07003079189501
3088,6994-FGRHH,0.11118928197917924,106.15,2547.6000000000004,283.2658147701571,34.97974443104712
3089,3733-LSYCE,0.15663615673321374,75.35,1808.3999999999999,283.2608258363437,34.97824775090311
3090,6726-WEXXK,0.13739508930272415,85.9,2061.6000000000004,283.25371610649614,34.976114831948834
3091,4183-WCSEP,0.15043650594369332,78.45,1882.8000000000002,283.2418533907858,34.972556017235746
3092,4462-CYWMH,0.1314031933045242,89.8,2155.2,283.20016220991056,34.960048662973165
3093,0481-SUMCB,0.11545958523940089,102.15,2451.6000000000004,283.06071917291524,34.91821575187457
3094,0268-QKIWO,0.596970948670608,19.75,474.0,282.9642296698682,34.88926890096046
3095,2817-NTQDO,0.2583635798474235,45.55,1093.1999999999998,282.4430654892033,34.73291964676099
3096,7641-TQFHN,0.11703636954810256,100.55,2413.2,282.4321669934811,34.72965009804432
3097,5404-GGUKR,0.22903474340775237,51.35,1232.4,282.262417775714,34.67872533271421
3098,6993-YGFJV,0.10448027673601516,112.55,2701.2,282.22212351932416,34.66663705579724
3099,0913-XWSCN,0.13749822180319002,85.5,2052.0,282.1463511401459,34.643905342043766
3100,9938-EKRGF,0.13915562913448098,84.45,2026.8000000000002,282.0406291297661,34.61218873892983
3101,9842-EFSYY,0.20541770704292545,57.2,1372.8000000000002,281.99742822852807,34.59922846855842
3102,3055-MJDSB,0.47739215891531545,24.6,590.4000000000001,281.85233062360226,34.55569918708068
3103,1169-WCVAK,0.1321984389942152,88.8,2131.2,281.74131318447144,34.52239395534143
3104,9943-VSZUV,0.15467497088770693,75.7,1816.8000000000002,281.01348710878597,34.30404613263579
3105,4634-JLRJT,0.5752845634849535,20.35,488.40000000000003,280.9689808060513,34.29069424181539
3106,8887-IPQNC,0.26448178908256764,44.25,1062.0,280.87966000568684,34.26389800170605
3107,7554-AKDQF,0.25635524718615355,45.65,1095.6,280.8628088171498,34.25884264514494
3108,3842-QTGDL,0.14490284357380806,80.75,1938.0,280.82171084604005,34.24651325381201
3109,3946-JEWRQ,0.12288225026186257,95.2,2284.8,280.7613653983036,34.228409619491075
3110,7128-GGCNO,0.1605963738270872,72.8,1747.1999999999998,280.5939843506867,34.178195305206
3111,3014-WJKSM,0.1552567914552108,75.3,1807.1999999999998,280.58007351785693,34.17402205535707
3112,1347-KTTTA,0.11394549023027518,102.45,2458.8,280.16917137820064,34.05075141346019
3113,5542-DHSXL,0.21338029315190496,54.7,1312.8000000000002,280.1256488498209,34.037694654946264
3114,0428-IKYCP,0.1341568769278782,87.0,2088.0,280.11955902540967,34.0358677076229
3115,1548-FEHVL,0.10971578143104647,106.2,2548.8,279.6435837114513,33.89307511343539
3116,9933-QRGTX,0.11986462533765752,97.2,2332.8,279.62019798768745,33.88605939630624
3117,3258-SANFR,0.2604187046683298,44.7,1072.8000000000002,279.37718636818425,33.81315591045528
3118,8456-QDAVC,0.1478688846545832,78.7,1888.8000000000002,279.2947493355768,33.78842480067304
3119,2876-VBBBL,0.574498080926896,20.25,486.0,279.20606733047146,33.76182019914144
3120,0670-KDOMA,0.574498080926896,20.25,486.0,279.20606733047146,33.76182019914144
3121,4824-GUCBY,0.14238869529680712,81.7,1960.8000000000002,279.19575373797943,33.75872612139382
3122,6557-BZXLQ,0.16696682043255368,69.65,1671.6000000000001,279.1017370350568,33.73052111051703
3123,9025-ZRPVR,0.6133394911257996,18.95,454.79999999999995,278.9468005640136,33.68404016920407
3124,2001-EWBQU,0.11096653792872271,104.7,2512.8,278.83671650729445,33.65101495218833
3125,2667-WYLWJ,0.5879634803889198,19.75,474.0,278.694689704348,33.608406911304385
3126,3569-EDBPQ,0.13764842643435724,84.35,2024.3999999999999,278.6554744737128,33.59664234211384
3127,7663-CUXZB,0.10206047574792873,113.75,2730.0,278.62509879184546,33.58752963755363
3128,3617-XLSGQ,0.10622199569173758,109.25,2622.0,278.51407270373596,33.55422181112078
3129,4482-FTFFX,0.20653412820236222,56.15,1347.6,278.32539116550333,33.497617349650994
3130,2669-QVCRG,0.14249647761824621,81.3,1951.1999999999998,278.039127128722,33.4117381386166
3131,6749-UTDVX,0.11170784073750546,103.65,2487.6000000000004,277.88442461861865,33.36532738558559
3132,8421-WZOOW,0.12145616771585924,95.3,2287.2,277.7945467997132,33.338364039913955
3133,6990-YNRIO,0.10648954985560752,108.65,2607.6000000000004,277.6821502034822,33.30464506104465
3134,6050-FFXES,0.1098196108807606,105.35,2528.3999999999996,277.6679041509151,33.30037124527452
3135,7208-PSIHR,0.11091062503879505,104.3,2503.2,277.63147659711177,33.289442979133526
3136,1218-VKFPE,0.6087038709378116,19.0,456.0,277.56896514764213,33.27068954429264
3137,3865-YIOTT,0.1089902722152644,106.1,2546.3999999999996,277.53282916894926,33.25984875068478
3138,9544-PYPSJ,0.12022239849746812,96.1,2306.3999999999996,277.28093989456045,33.184281968368126
3139,5339-TJFEK,0.10947072505666748,105.5,2532.0,277.1798758434821,33.153962753044624
3140,2931-XIQBR,0.11205307947966577,103.05,2473.2,277.12967616910936,33.138902850732805
3141,9419-IPPBE,0.1279187477145313,90.15,2163.6000000000004,276.76500255516,33.029500766548
3142,1391-UBDAR,0.15816556284524258,72.9,1749.6000000000001,276.72646875403643,33.01794062621093
3143,7879-CGSFV,0.1140588278522979,100.9,2421.6000000000004,276.20485752712466,32.86145725813739
3144,6519-CFDBX,0.25322354353696586,45.4,1089.6,275.91237303787796,32.77371191136338
3145,1230-QAJDW,0.17615231508106563,65.25,1566.0,275.8545254169488,32.75635762508463
3146,3199-XGZCY,0.15260631117917395,75.25,1806.0,275.60699798958814,32.68209939687644
3147,8695-WDYEA,0.22403270085338342,51.25,1230.0,275.5602220496616,32.66806661489848
3148,4283-IVYCI,0.17677179335909335,64.95,1558.8000000000002,275.55187148815475,32.66556144644642
3149,0928-JMXNP,0.3839770644730483,29.9,717.5999999999999,275.54194146585945,32.66258243975783
3150,2560-PPCHE,0.1092657231869945,105.05,2521.2,275.4807412990505,32.644222389715154
3151,5760-FXFVO,0.14529048947599052,78.95,1894.8000000000002,275.29641945910686,32.58892583773205
3152,3137-LUPIX,0.17810974262447615,64.4,1545.6000000000001,275.28641820039036,32.58592546011711
3153,1577-HKTFG,0.5835093106992343,19.65,471.59999999999997,275.1829909257589,32.55489727772766
3154,0917-EZOLA,0.11004331053125563,104.15,2499.6000000000004,275.0642590039266,32.519277701177984
3155,7901-HXJVA,0.14990299047131445,76.45,1834.8000000000002,275.0420069167678,32.51260207503033
3156,2522-AHJXR,0.104623098422901,109.45,2626.8,274.82395493727637,32.44718648118291
3157,1557-EMYVT,0.0994965492673914,115.05,2761.2,274.72987183712115,32.41896155113635
3158,1679-JRFBR,0.1058319956056768,108.15,2595.6000000000004,274.69752779409475,32.409258338228426
3159,6542-LWGXJ,0.45737315044652094,25.0,600.0,274.42389026791255,32.32716708037377
3160,2001-MCUUW,0.10509862294165107,108.65,2607.6000000000004,274.05516918264937,32.21655075479481
3161,0013-MHZWF,0.16450608830911528,69.4,1665.6000000000001,274.00134068766243,32.20040220629873
3162,8259-NFJTV,0.32944668543159694,34.65,831.5999999999999,273.967863604916,32.190359081474796
3163,4767-HZZHQ,0.1389759672992223,82.05,1969.1999999999998,273.6714748056285,32.10144244168855
3164,9739-JLPQJ,0.09695983723235112,117.5,2820.0,273.42674099523015,32.02802229856904
3165,8128-YVJRG,0.14295133200674592,79.65,1911.6000000000001,273.26576626409553,31.979729879228657
3166,2323-ARSVR,0.10250383006147831,111.05,2665.2,273.19320787985197,31.957962363955588
3167,9833-TGFHX,0.11710077362406898,97.1,2330.3999999999996,272.8916428535303,31.867492856059087
3168,7666-WKRON,0.14120009694447727,80.45,1930.8000000000002,272.6291471803967,31.788744154119016
3169,7521-AFHAB,0.25353208132735416,44.8,1075.1999999999998,272.59769384317116,31.779308152951344
3170,5759-RCVCB,0.32265945020717146,35.2,844.8000000000001,272.5827035350185,31.77481106050554
3171,6103-LIANB,0.11410938358977614,99.5,2388.0,272.4932080123854,31.74796240371562
3172,6439-LAJXL,0.1646356942039719,68.95,1654.8000000000002,272.4391467687327,31.731744030619808
3173,0516-VRYBW,0.5630565987312109,20.15,483.59999999999997,272.2941711464136,31.68825134392408
3174,2332-EFBJY,0.575692900901599,19.7,472.79999999999995,272.18760354627597,31.656281063882787
3175,4366-CTOUZ,0.1131741820479673,100.2,2404.8,272.1612729889518,31.648381896685535
3176,0206-TBWLC,0.09887196513946861,114.65,2751.6000000000004,272.05609927776186,31.616829783328555
3177,6616-AALSR,0.10867243426445712,104.3,2503.2,272.02883745078907,31.60865123523672
3178,6705-LNMDD,0.2266732387479186,50.0,1200.0,272.0078864975023,31.602365949250682
3179,2903-YYTBW,0.25432021659897647,44.55,1069.1999999999998,271.9191755876256,31.575752676287678
3180,9571-EDEBV,0.114819424366657,98.65,2367.6000000000004,271.84646913049716,31.55394073914914
3181,8203-XJZRC,0.5593444924044936,20.25,486.0,271.8414233085839,31.552426992575164
3182,4211-MMAZN,0.5593444924044936,20.25,486.0,271.8414233085839,31.552426992575164
3183,3657-COGMW,0.10469383733658733,108.1,2594.3999999999996,271.6176915860421,31.485307475812633
3184,6322-PJJDJ,0.11932786210761044,94.8,2275.2,271.49475186723527,31.448425560170577
3185,3717-LNXKW,0.12334565267880977,91.7,2200.8,271.45911241552454,31.437733724657363
3186,2971-SGAFL,0.14336509429047836,78.75,1890.0,270.9600282090041,31.288008462701228
3187,7396-VJUZB,0.24940673414233916,45.25,1086.0,270.8557132785803,31.256713983574087
3188,4903-UYAVB,0.5831617294928966,19.35,464.40000000000003,270.8203071765012,31.246092152950368
3189,0607-DAAHE,0.5711679453899012,19.75,474.0,270.7336061148132,31.22008183444396
3190,5067-XJQFU,0.10394720958989337,108.45,2602.8,270.5537971205745,31.166139136172333
3191,6323-AYBRX,0.5821702570200932,19.35,464.40000000000003,270.3598673601313,31.107960208039387
3192,8543-MSDMF,0.14548574867224257,77.4,1857.6000000000001,270.25432673355783,31.07629802006734
3193,9233-PSYHO,0.1124195488018419,100.15,2403.6000000000004,270.2116275001072,31.063488250032165
3194,4685-ERGHK,0.12946694086769137,86.9,2085.6000000000004,270.01625187365715,31.00487556209714
3195,3162-ZJZFU,0.12151764663837705,92.55,2221.2,269.9149967131631,30.974499013948915
3196,5804-HYIEZ,0.10604058639662446,106.05,2545.2,269.8945004966886,30.968350149006568
3197,6821-JPCDC,0.11580102970585111,97.05,2329.2,269.7237583908684,30.91712751726051
3198,8984-HPEMB,0.0946157547928398,118.65,2847.6000000000004,269.42782334809067,30.8283470044272
3199,5934-TSSAU,0.14908502109785987,75.3,1807.1999999999998,269.42645012805235,30.827935038415703
3200,3948-XHGNA,0.22649177563804274,49.55,1189.1999999999998,269.3440195887604,30.803205876628112
3201,8149-AIQCG,0.15320365590900759,73.15,1755.6000000000001,268.9643383138537,30.689301494156112
3202,6838-YAUVY,0.11782370090520733,95.1,2282.3999999999996,268.92081494604514,30.676244483813534
3203,2002-MZHWP,0.5462972798942133,20.5,492.0,268.77826170795294,30.633478512385878
3204,9753-OYLBX,0.5462972798942133,20.5,492.0,268.77826170795294,30.633478512385878
3205,0550-DCXLH,0.15264726409063484,73.35,1760.3999999999999,268.72024370515356,30.616073111546072
3206,8679-LZBMD,0.1234197889167266,90.65,2175.6000000000004,268.51209276723046,30.553627830169134
3207,8198-RKSZG,0.13906533250398723,80.45,1930.8000000000002,268.50734399869856,30.552203199609565
3208,8329-UTMVM,0.10689243099795398,104.65,2511.6000000000004,268.47102969446127,30.54130890833838
3209,5201-FRKKS,0.15046650544967347,74.3,1783.1999999999998,268.3118725178577,30.493561755357305
3210,8261-GWDBQ,0.09623949538072535,116.05,2785.2,268.04624253439624,30.413872760318867
3211,2585-KTFRE,0.1584481019854027,70.45,1690.8000000000002,267.90405083691894,30.371215251075682
3212,1217-VASWC,0.11100263350149372,100.55,2413.2,267.87155516580464,30.361466549741394
3213,3756-VNWDH,0.11066191543414328,100.75,2418.0,267.58051151975843,30.274153455927532
3214,0708-LGSMF,0.1692482610025307,65.85,1580.3999999999999,267.4799516883995,30.24398550651985
3215,4619-EVPHY,0.1223939418197123,91.0,2184.0,267.3083689342517,30.192510680275504
3216,5906-BFOZT,0.5710930848497979,19.5,468.0,267.27156370970545,30.18146911291163
3217,3904-UKFRE,0.13897416271945234,80.1,1922.3999999999999,267.1639304118752,30.149179123562547
3218,2826-DXLQO,0.37351351273022704,29.8,715.2,267.1368643046584,30.14105929139751
3219,4918-FYJNT,0.12304699493718955,90.45,2170.8,267.1104166096511,30.133124982895325
3220,6400-BWQKW,0.1405932824554288,79.05,1897.1999999999998,266.7335754744395,30.02007264233184
3221,6366-XIVKZ,0.1759545473727644,63.15,1515.6,266.6767119981617,30.003013599448508
3222,1061-PNTHC,0.10134886116911927,109.6,2630.3999999999996,266.5880444192513,29.976413325775383
3223,7663-ZTEGJ,0.11038942387933197,100.55,2413.2,266.3917577056039,29.917527311681155
3224,2988-GBIVW,0.12197721863212614,90.85,2180.3999999999996,265.9591275054878,29.78773825164633
3225,8654-DHAOW,0.20437953399360684,54.15,1299.6,265.6116423780914,29.683492713427412
3226,9079-LWTFD,0.109811022730542,100.75,2418.0,265.52305296245055,29.656915888735156
3227,1763-WQFUK,0.21900517070004827,50.5,1212.0,265.4342668884585,29.63028006653755
3228,1470-PSXNM,0.11798961223228994,93.65,2247.6000000000004,265.1934524532949,29.55803573598847
3229,4080-IIARD,0.14486761510232796,76.2,1828.8000000000002,264.9338944991374,29.48016834974122
3230,3503-TYDAY,0.13720683099338427,80.45,1930.8000000000002,264.91894928202635,29.475684784607907
3231,7299-GNVPL,0.1307760016203652,84.4,2025.6000000000001,264.89986888221176,29.46996066466353
3232,3956-CJUST,0.14636204502098055,75.4,1809.6000000000001,264.85675666996644,29.457027000989925
3233,8757-TFHHJ,0.221558182609135,49.8,1195.1999999999998,264.80633985443814,29.441901956331435
3234,0103-CSITQ,0.10082421713286663,109.4,2625.6000000000004,264.72406450405464,29.41721935121639
3235,5966-EMAZU,0.1016164426262243,108.5,2604.0,264.6092165986881,29.38276497960642
3236,3571-DPYUH,0.11636328339934092,94.7,2272.8,264.47047051002204,29.341141153006603
3237,4194-WHFCB,0.11370580503231967,96.65,2319.6000000000004,263.75198535296875,29.125595605890624
3238,2851-STERV,0.15041753807948385,73.0,1752.0,263.5315267152557,29.05945801457672
3239,6158-HDPXZ,0.43296362149177414,25.35,608.4000000000001,263.4150673155954,29.02452019467863
3240,7855-DIWPO,0.15979258660518894,68.65,1647.6000000000001,263.27426569070934,28.982279707212797
3241,7129-AZJDE,0.13880029427444823,78.95,1894.8000000000002,262.99879759122456,28.89963927736737
3242,6383-ZTSIW,0.11057403294642958,99.1,2378.3999999999996,262.98927995978806,28.896783987936416
3243,7502-BNYGS,0.15857528607313795,69.1,1658.3999999999999,262.98125442369195,28.89437632710758
3244,5811-IWXYM,0.10798563816755613,101.25,2430.0,262.4051007471614,28.72153022414841
3245,2455-USLMV,0.12885713396434037,84.75,2034.0,262.0954104834683,28.628623145040493
3246,6646-JPPHA,0.1383423702220355,78.85,1892.3999999999999,261.7991014081799,28.53973042245397
3247,5365-LLFYV,0.23777813225738295,45.85,1100.4,261.6510567360242,28.495317020807263
3248,1142-IHLOO,0.12444726620360184,87.55,2101.2,261.48859574700816,28.44657872410245
3249,5575-TPIZQ,0.12188094725373906,89.15,2139.6000000000004,260.77647474410014,28.232942423230043
3250,5887-IKKYO,0.11515251303644572,94.35,2264.3999999999996,260.7513505197276,28.22540515591828
3251,9058-HRZSV,0.11508397706480669,94.4,2265.6000000000004,260.7342584380261,28.220277531407817
3252,5443-SCMKX,0.11519631730463445,94.3,2263.2,260.7123053238487,28.213691597154607
3253,0266-CLZKZ,0.1026132870600319,105.65,2535.6000000000004,260.1862506694169,28.05587520082507
3254,5197-PYEPU,0.1147140418431414,94.45,2266.8,260.03379005003296,28.01013701500989
3255,2830-LEWOA,0.1041880273250263,103.9,2493.6000000000004,259.80326493768564,27.94097948130569
3256,0191-ZHSKZ,0.14470950760311807,74.75,1794.0,259.6088566399938,27.882656991998132
3257,8417-GSODA,0.11706627004646594,92.2,2212.8,259.0442423588199,27.713272707645956
3258,7916-VCCPB,0.14730394638537686,73.25,1758.0,258.9603377454925,27.688101323647743
3259,5213-TWWJU,0.11854248801901376,91.0,2184.0,258.89679383352603,27.6690381500578
3260,2625-TRCZQ,0.21716702197396393,49.65,1191.6,258.7762233841754,27.632867015252614
3261,4391-LNRXK,0.11349125397506776,94.95,2278.8,258.62386955838446,27.587160867515337
3262,3050-GBUSH,0.30964425098693454,34.8,835.1999999999999,258.6148784242877,27.584463527286317
3263,9261-WDCAF,0.19711270573770673,54.65,1311.6,258.5330248455761,27.559907453672835
3264,5307-UVGNB,0.2210941360439569,48.7,1168.8000000000002,258.41482620817686,27.52444786245306
3265,3523-QRQLL,0.1548732568541757,69.5,1668.0,258.32859243276505,27.498577729829506
3266,9693-XMUOB,0.2139553497397249,50.25,1206.0,258.03015178610826,27.409045535832476
3267,1769-GRUIK,0.15106871881713616,71.1,1706.3999999999999,257.7836617895611,27.33509853686833
3268,1794-HBQTJ,0.22087547698360321,48.6,1166.4,257.62915635367483,27.288746906102446
3269,0130-SXOUN,0.12005013452931859,89.4,2145.6000000000004,257.579568646106,27.273870593831802
3270,8099-MZPUJ,0.09595080700267715,111.8,2683.2,257.4552053495833,27.236561604874993
3271,6844-DZKRF,0.21354787571267192,50.2,1204.8000000000002,257.28248065862715,27.184744197588145
3272,0487-RPVUM,0.10784420569566215,99.4,2385.6000000000004,257.27313710757164,27.18194113227149
3273,6257-DTAYD,0.10291664937773456,104.15,2499.6000000000004,257.25045678458537,27.175137035375613
3274,6476-YHMGA,0.14003760305961083,76.5,1836.0,257.10903921744546,27.132711765233637
3275,9348-YVOMK,0.23897975330345508,44.8,1075.1999999999998,256.95103075187484,27.085309225562455
3276,9695-IDRZR,0.09205649400263423,116.15,2787.6000000000004,256.6166826817432,26.98500480452296
3277,8495-PRWFH,0.19211667213442138,55.65,1335.6,256.59102730273315,26.97730819081994
3278,8868-GAGIO,0.12643098890406312,84.55,2029.1999999999998,256.5537626841249,26.96612880523746
3279,3780-DDGSE,0.14045074843647173,76.05,1825.1999999999998,256.3507060462482,26.90521181387446
3280,2379-GYFLQ,0.11254655279341072,94.9,2277.6000000000004,256.3360286422723,26.900808592681685
3281,1110-KYLGQ,0.09861271499294913,108.25,2598.0,256.19583355168186,26.85875006550455
3282,7426-GSWPO,0.10302129272121632,103.5,2484.0,255.90489111950134,26.771467335850403
3283,4256-ZWTZI,0.20906489103688836,51.0,1224.0,255.89542662915136,26.768627988745408
3284,4250-FDVOU,0.18949696376262765,56.25,1350.0,255.82090107954733,26.746270323864195
3285,7241-AJHFS,0.1215680628506854,87.65,2103.6000000000004,255.73057701270184,26.719173103810547
3286,2716-GFZOR,0.12375027989413767,86.1,2066.3999999999996,255.71757837324603,26.715273511973805
3287,5600-PDUJF,0.2151542745518336,49.5,1188.0,255.60327816757834,26.6809834502735
3288,3170-GWYKC,0.10146466269757175,104.95,2518.8,255.56919240264372,26.67075772079312
3289,8213-TAZPM,0.09783846738278508,108.75,2610.0,255.35839986906905,26.60751996072071
3290,1891-QRQSA,0.09533435303628382,111.6,2678.3999999999996,255.34353117238254,26.603059351714762
3291,1078-TDCRN,0.34594398443590013,30.75,738.0,255.3066605136943,26.591998154108296
3292,1485-YDHMM,0.11393883400346014,93.25,2238.0,254.9951104997438,26.498533149923134
3293,3511-APPBJ,0.1062825413595209,99.95,2398.8,254.95056021321875,26.485168063965617
3294,2480-SQIOB,0.23710858853620112,44.8,1075.1999999999998,254.9391543941234,26.481746318237015
3295,7000-WCEVQ,0.17241238627593303,61.6,1478.4,254.8944718703394,26.468341561101823
3296,5370-IIVVL,0.10152849810597582,104.5,2508.0,254.63347324978736,26.39004197493621
3297,3278-FSIXX,0.23445922357035814,45.25,1086.0,254.62271679740894,26.386815039222682
3298,4320-QMLLA,0.19332188450349402,54.85,1316.4,254.48892876039955,26.34667862811986
3299,9844-FELAJ,0.0981844982040917,107.9,2589.6000000000004,254.2585765493159,26.27757296479477
3300,1335-HQMKX,0.10451462633568487,101.35,2432.3999999999996,254.22137709891985,26.266413129675954
3301,4061-UKJWL,0.23293567043994184,45.45,1090.8000000000002,254.0862293158886,26.225868794766583
3302,7850-VWJUU,0.1409586552566398,75.0,1800.0,253.72557946195167,26.117673838585503
3303,4350-ZTLPI,0.09702822234710193,108.95,2614.8,253.70939579320213,26.112818737960637
3304,8869-LIHMK,0.09184057466197751,115.1,2762.3999999999996,253.70040344624664,26.110121033873995
3305,8089-UZWLX,0.10150430003819588,104.05,2497.2,253.47653805538275,26.042961416614816
3306,6133-OZILE,0.29992973393033395,35.2,844.8000000000001,253.38063922434614,26.014191767303842
3307,3197-NNYNB,0.10039457129685676,105.1,2522.3999999999996,253.23526663919145,25.970579991757432
3308,6993-YCOBK,0.09535320058619531,110.6,2654.3999999999996,253.1055356359968,25.931660690799035
3309,4531-AUZNK,0.11074056092152344,95.15,2283.6000000000004,252.88714492039097,25.866143476117287
3310,1202-KKGFU,0.1943923273625041,54.2,1300.8000000000002,252.8655394331454,25.85966182994362
3311,7255-SSFBC,0.09380635877821135,112.25,2694.0,252.71433054850138,25.814299164550405
3312,9052-VKDUW,0.09625005390494659,109.4,2625.6000000000004,252.7141415328278,25.81424245984833
3313,8728-SKJLR,0.14181134189465558,74.25,1782.0,252.70781125627624,25.812343376882865
3314,4676-MQUEA,0.10325561142865056,101.9,2445.6000000000004,252.52192330990783,25.75657699297234
3315,2637-FKFSY,0.2281421781940053,46.1,1106.4,252.4165059538475,25.72495178615425
3316,5533-NHFRF,0.23660008308335795,44.4,1065.6,252.1210485336262,25.636314560087854
3317,5795-KTGUD,0.09477850594104134,110.8,2659.2,252.03500299841713,25.610500899525135
3318,0308-GIQJT,0.09929233164456049,105.75,2538.0,252.00393771389452,25.601181314168358
3319,6300-BWMJX,0.11242973111531043,93.35,2240.3999999999996,251.88756959074146,25.566270877222436
3320,6297-NOOPG,0.0949718278306259,110.5,2652.0,251.86528740681987,25.559586222045965
3321,2208-NQBCT,0.12801392166785347,81.95,1966.8000000000002,251.77778113633423,25.533334340900268
3322,6994-KERXL,0.18755762957767497,55.9,1341.6,251.62731584140872,25.488194752422615
3323,4973-RLZVI,0.1400244591567131,74.65,1791.6000000000001,250.86782102516722,25.260346307550165
3324,9752-ZNQUT,0.21494087390006675,48.6,1166.4,250.70703531703788,25.212110595111355
3325,0689-DSXGL,0.12166845627592848,85.8,2059.2,250.5396851633919,25.161905549017575
3326,1020-JPQOW,0.11525557078542184,90.55,2173.2,250.47340643087873,25.14202192926362
3327,2189-UXTKY,0.13170601349915062,79.2,1900.8000000000002,250.3467904591855,25.104037137755654
3328,6227-FBDXH,0.10482955011596254,99.5,2388.0,250.33296567691855,25.09988970307556
3329,0058-EVZWM,0.11608837940203934,89.8,2155.2,250.19367528727517,25.058102586182542
3330,3798-EPWRR,0.23710945371460546,43.95,1054.8000000000002,250.10305177816588,25.030915533449758
3331,3807-BPOMJ,0.10993181211765413,94.75,2274.0,249.9849407555455,24.99548222666364
3332,9701-CDXHR,0.15029111510039503,69.15,1659.6000000000001,249.4231346206156,24.826940386184674
3333,7594-LZNWR,0.1502183731383675,69.15,1659.6000000000001,249.30241206043473,24.790723618130414
3334,7576-ASEJU,0.138825530207325,74.7,1792.8000000000002,248.88641055569227,24.66592316670767
3335,0929-HYQEW,0.2066705378479135,50.15,1203.6,248.74865935374868,24.624597806124598
3336,8591-TKMZH,0.0932773857614191,111.1,2666.3999999999996,248.71482139424785,24.614446418274355
3337,1442-OKRJE,0.10042006784618848,103.15,2475.6000000000004,248.59991996002424,24.579975988007263
3338,4815-YOSUK,0.0987100655860929,104.9,2517.6000000000004,248.5124611195475,24.553738335864253
3339,4615-PIVVU,0.15558892081327702,66.5,1596.0,248.31991761799011,24.495975285397037
3340,7802-EFKNY,0.4142933476862639,24.95,598.8,248.0788565945348,24.42365697836044
3341,8033-ATFAS,0.17259856826457826,59.85,1436.4,247.92058345524023,24.376175036572064
3342,0239-OXEXL,0.12256918002960218,84.25,2022.0,247.8348820198556,24.350464605956674
3343,8752-GHJFU,0.11220506648293291,92.0,2208.0,247.74878679431586,24.324636038294756
3344,1741-WTPON,0.08902981866757734,115.85,2780.3999999999996,247.538507823332,24.261552346999594
3345,4332-MUOEZ,0.10921434690790024,94.3,2263.2,247.17390992195982,24.15217297658795
3346,1436-ZMJAN,0.15188110666618157,67.8,1627.1999999999998,247.14093676721063,24.14228103016319
3347,0048-LUMLS,0.11289399076065025,91.2,2188.8,247.1023669769113,24.13071009307339
3348,0824-VWDPO,0.10633199936783204,96.75,2322.0,246.902902532106,24.070870759631802
3349,3128-YOVTD,0.12994982757513612,79.15,1899.6000000000001,246.8526924617286,24.05580773851858
3350,9470-RTWDV,0.12543038404958146,82.0,1968.0,246.8469958095763,24.05409874287288
3351,0356-OBMAC,0.10284869593458357,99.9,2397.6000000000004,246.5900333727576,23.977010011827275
3352,7251-XFOIL,0.1151856088793231,89.2,2140.8,246.5893514888549,23.97680544665647
3353,3339-EAQNV,0.10564496484975924,97.25,2334.0,246.57534795933807,23.972604387801425
3354,2284-VFLKH,0.10344425644626391,99.25,2382.0,246.40421885500064,23.921265656500182
3355,9643-YBLUR,0.1485951625891718,69.05,1657.1999999999998,246.25190344277547,23.87557103283264
3356,2273-QCKXA,0.20894089559447435,49.05,1177.1999999999998,245.96522229381517,23.789566688144546
3357,8985-OOPOS,0.13810678560661557,74.1,1778.3999999999999,245.60910752280512,23.682732256841533
3358,1004-NOZNR,0.10767255221822558,94.8,2275.2,244.9765908069068,23.492977242072044
3359,0297-RBCSG,0.15612050680341077,65.35,1568.3999999999999,244.85940287046944,23.45782086114083
3360,2478-EEWWM,0.23028421813309938,44.3,1063.1999999999998,244.83818071911122,23.451454215733364
3361,3665-JATSN,0.2568902318744183,39.7,952.8000000000001,244.76501292994575,23.429503878983724
3362,8160-HOWOX,0.152501139959097,66.85,1604.3999999999999,244.67282895037522,23.40184868511257
3363,1346-PJWTK,0.10808827558575751,94.15,2259.6000000000004,244.2362675135777,23.270880254073305
3364,9114-VEPUF,0.10584125611544737,96.1,2306.3999999999996,244.11227310466776,23.233681931400326
3365,3086-RUCRN,0.09850594893128362,103.1,2474.3999999999996,243.74312003556815,23.122936010670443
3366,7868-BGSZA,0.12657163952438671,80.2,1924.8000000000002,243.62509175653958,23.087527526961864
3367,4323-OHFOW,0.09607827277728659,105.55,2533.2,243.38548059942238,23.015644179826708
3368,2041-JIJCI,0.1582953492327528,64.0,1536.0,243.1416564215083,22.942496926452478
3369,8894-JVDCV,0.08803633956907173,115.05,2761.2,243.08594081812083,22.925782245436253
3370,7365-BVCJH,0.41509422684590713,24.4,585.5999999999999,243.07917924096319,22.923753772288947
3371,2607-FBDFF,0.20646685851794472,49.0,1176.0,242.80502561710298,22.841507685130892
3372,3679-XASPY,0.5195300714597823,19.45,466.79999999999995,242.51663735742633,22.754991207227903
3373,7030-NJVDP,0.11312322613118755,89.25,2142.0,242.30995037300374,22.692985111901123
3374,0822-QGCXA,0.1202549038056538,83.85,2012.3999999999999,242.0009684184977,22.600290525549312
3375,0374-IOEGQ,0.22593243687995157,44.6,1070.4,241.83808043630017,22.551424130890055
3376,6896-SRVYQ,0.13627986109552556,73.85,1772.3999999999999,241.54242580570948,22.46272774171284
3377,7055-JCGNI,0.08981613488443732,111.95,2686.8,241.3179912075062,22.395397362251856
3378,2632-IVXVF,0.08994795433761629,111.75,2682.0,241.2404135334869,22.372124060046062
3379,8547-NSBBO,0.1037271038212361,96.75,2322.0,240.8543350729102,22.256300521873058
3380,8294-UIMBA,0.10628544469876189,94.4,2265.6000000000004,240.80030350951498,22.240091052854496
3381,2368-GAKKQ,0.08808784005347854,113.65,2727.6000000000004,240.2683925298681,22.080517758960426
3382,7940-UQQUG,0.09587080563787881,104.4,2505.6000000000004,240.2138906062692,22.064167181880748
3383,2270-CHBFN,0.10504797129403783,95.1,2282.3999999999996,239.7614896815119,21.928446904453565
3384,8433-WPJTV,0.09605743072854256,103.9,2493.6000000000004,239.52880926469376,21.85864277940813
3385,0254-FNMCI,0.09080497463446754,109.9,2637.6000000000004,239.50720109587164,21.852160328761485
3386,7148-XZPHA,0.12545803531910482,79.4,1905.6000000000001,239.07283210408616,21.72184963122585
3387,8242-JSVBO,0.22277348248410286,44.65,1071.6,238.72406382996462,21.617219148989378
3388,2019-HDCZY,0.09691921932795555,102.6,2462.3999999999996,238.65388567315773,21.596165701947314
3389,9588-OZDMQ,0.22084565817085777,45.0,1080.0,238.5133108245264,21.553993247357923
3390,4800-VHZKI,0.4991228221435417,19.9,477.59999999999997,238.3810598557555,21.514317956726643
3391,6704-UTUKK,0.2163129340493189,45.9,1101.6,238.29032814872969,21.48709844461891
3392,1791-PQHBB,0.16220491971319434,61.2,1468.8000000000002,238.24658607473987,21.473975822421963
3393,3780-YVMFA,0.1448077725151259,68.55,1645.1999999999998,238.2377473418851,21.471324202565526
3394,5186-EJEGL,0.14276715339092955,69.5,1668.0,238.13561185607048,21.440683556821142
3395,4138-NAXED,0.12245193074826495,81.0,1944.0,238.04655337462705,21.413966012388116
3396,6265-SXWBU,0.10351239518235125,95.75,2298.0,237.87148412904318,21.361445238712946
3397,7016-NVRIC,0.1098991229286224,90.1,2162.3999999999996,237.64586342085303,21.293759026255913
3398,6952-OMNWB,0.12322194223075614,80.35,1928.3999999999999,237.6211933977901,21.28635801933703
3399,8769-KKTPH,0.09935112936986498,99.65,2391.6000000000004,237.60816100096912,21.28244830029074
3400,1394-SUIUH,0.11620474966522529,85.15,2043.6000000000001,237.47602641585442,21.24280792475632
3401,2582-FFFZR,0.1955375099708786,50.6,1214.4,237.46075210863498,21.238225632590485
3402,5161-UBZXI,0.09296522482044087,106.35,2552.3999999999996,237.28443983169325,21.18533194950797
3403,3589-PPVKW,0.22244566770736535,44.4,1065.6,237.0381035089685,21.11143105269055
3404,1471-GIQKQ,0.19772267561840437,49.95,1198.8000000000002,237.0299435313432,21.10898305940296
3405,7409-JURKQ,0.08828706044804505,111.8,2683.2,236.89184059419446,21.06755217825834
3406,5172-MIGPM,0.15055134476291215,65.55,1573.1999999999998,236.84737558101338,21.05421267430401
3407,6908-VVYHM,0.1087897391243278,90.65,2175.6000000000004,236.6829564388876,21.004886931666277
3408,5996-NRVXR,0.10026344441866666,98.15,2355.6000000000004,236.18056967261123,20.854170901783363
3409,1543-LLLFT,0.10005010573721478,98.3,2359.2,236.03820945523708,20.811462836571124
3410,6266-QHOJZ,0.10936913160561983,89.85,2156.3999999999996,235.84359539435854,20.753078618307555
3411,9107-UKCKY,0.12304320949798395,79.8,1915.1999999999998,235.65235483053883,20.695706449161648
3412,0365-GXEZS,0.12556041347059604,78.2,1876.8000000000002,235.6517840016147,20.6955352004844
3413,7080-TNUWP,0.10325017969506227,95.0,2280.0,235.41040970474197,20.623122911422584
3414,8630-FJLIB,0.14044778888684661,69.8,1675.1999999999998,235.27813594324542,20.583440782973625
3415,2826-UWHIS,0.12040402002120773,81.4,1953.6000000000001,235.22129351343145,20.56638805402943
3416,6599-GZWCM,0.1310512942282325,74.65,1791.6000000000001,234.79149873930137,20.437449621790407
3417,8133-ANHHJ,0.09495794014848155,103.0,2472.0,234.7360280470464,20.42080841411392
3418,3890-RTCMS,0.1977654336971445,49.45,1186.8000000000002,234.70801671177114,20.41240501353134
3419,5207-PLSTK,0.20050873916915593,48.75,1170.0,234.59522482791243,20.37856744837373
3420,6917-YACBP,0.10886586620969825,89.75,2154.0,234.49707581569004,20.349122744707003
3421,6341-AEVKX,0.09366657530737196,104.3,2503.2,234.46617130941348,20.339851392824045
3422,0580-PIQHM,0.09615555862885179,101.6,2438.3999999999996,234.46571416059217,20.339714248177643
3423,3572-UOLYZ,0.11519317613879865,84.8,2035.1999999999998,234.441152077683,20.332345623304903
3424,7629-WFGLW,0.10210420967537803,95.65,2295.6000000000004,234.39042373079783,20.317127119239345
3425,7277-OZCGZ,0.1095934633013151,89.05,2137.2,234.22314976757062,20.26694493027118
3426,7501-VTYLJ,0.189176099254239,51.55,1237.1999999999998,234.04866999734446,20.21460099920334
3427,5198-HQAEN,0.10867233071406335,89.7,2152.8,233.9497935612356,20.18493806837067
3428,4686-GEFRM,0.09876076227920678,98.7,2368.8,233.94449368698506,20.183348106095508
3429,5778-BVOFB,0.16379166584403337,59.5,1428.0,233.89449882527967,20.168349647583895
3430,6368-NWMCE,0.1428942247789599,68.15,1635.6000000000001,233.71779404846686,20.11533821454006
3431,6556-DBKZF,0.12800830105395145,76.05,1825.1999999999998,233.64075108367214,20.092225325101637
3432,1304-SEGFY,0.09946155033399247,97.85,2348.3999999999996,233.57550480434787,20.07265144130436
3433,9924-JPRMC,0.08230474231048164,118.2,2836.8,233.48209298637434,20.0446278959123
3434,7398-LXGYX,0.11471112157148318,84.8,2035.1999999999998,233.46007462228255,20.03802238668476
3435,4280-DLSHD,0.17758516176559808,54.75,1314.0,233.34690255999587,20.004070767998755
3436,1116-DXXDF,0.09669011984813933,100.45,2410.8,233.10054092989432,19.930162278968297
3437,6257-RJOHI,0.19107065113139696,50.8,1219.1999999999998,232.95333785939914,19.886001357819737
3438,6465-GSRCL,0.09103350686186232,106.6,2558.3999999999996,232.90012395538852,19.870037186616557
3439,0665-XHDJU,0.09761737367135427,99.4,2385.6000000000004,232.8760066303828,19.86280198911483
3440,8107-RZLNV,0.09127866969082883,106.3,2551.2,232.8701421152425,19.86104263457274
3441,9031-ZVQPT,0.08967266846637512,108.2,2596.8,232.86198547348292,19.858595642044875
3442,0621-HJWXJ,0.11896215832398713,81.55,1957.1999999999998,232.83273627170757,19.849820881512272
3443,0959-WHOKV,0.09788996235051468,99.0,2376.0,232.5865505448229,19.77596516344687
3444,4083-BFNYK,0.10201043853035079,95.0,2280.0,232.58379984919978,19.775139954759936
3445,6288-LBEAR,0.12249789957361239,79.1,1898.3999999999999,232.55001255054574,19.765003765163726
3446,3094-JOJAI,0.13051035073834721,74.15,1779.6000000000001,232.25622017396273,19.676866052188814
3447,4450-YOOHP,0.1908669365453847,50.65,1215.6,232.01784806456962,19.605354419370883
3448,4184-VODJZ,0.1056023440969788,91.35,2192.3999999999996,231.52257919821628,19.45677375946488
3449,4627-MIHJH,0.08747431074591536,110.25,2646.0,231.45702623369203,19.43710787010761
3450,2933-FILNV,0.3946055335115705,24.4,585.5999999999999,231.08100042437565,19.324300127312696
3451,7088-FBAWU,0.1291267754821797,74.55,1789.1999999999998,231.03362669271593,19.31008800781477
3452,4109-CYRBD,0.18640730087408078,51.6,1238.4,230.84680140246167,19.25404042073849
3453,2761-XECQW,0.22186517238115194,43.35,1040.4,230.8285253453505,19.24855760360515
3454,0015-UOCOJ,0.19953964456605386,48.2,1156.8000000000002,230.82746083401113,19.248238250203343
3455,2172-EJXVF,0.09078481364865017,105.9,2541.6000000000004,230.7386823694093,19.22160471082279
3456,4226-KKDON,0.14421295280972082,66.65,1599.6000000000001,230.68303931442944,19.204911794328822
3457,5055-BRMNE,0.0900546042991349,106.7,2560.8,230.61183068922466,19.183549206767395
3458,7410-OIEDU,0.12030719112228508,79.85,1916.3999999999999,230.5567010667471,19.167010320024133
3459,8226-BXGES,0.10738821460320744,89.45,2146.8,230.54101911016573,19.16230573304972
3460,1228-ZLNBX,0.127256030648361,75.3,1807.1999999999998,229.97709858771796,18.993129576315383
3461,1135-HIORI,0.0859260832121063,111.45,2674.8,229.83508737574195,18.95052621272258
3462,1810-BOHSY,0.09933280819443496,96.4,2313.6000000000004,229.81638503864477,18.944915511593422
3463,5578-NKCXI,0.09643763785548669,99.25,2382.0,229.71445337176928,18.91433601153078
3464,1353-LJWEM,0.15713069403214303,60.9,1461.6,229.66222239738022,18.898666719214063
3465,7661-CPURM,0.10899355065374708,87.7,2104.8,229.40962541600686,18.82288762480205
3466,5898-IGSLP,0.10680675206856008,89.3,2143.2,228.90823103333796,18.67246931000139
3467,1291-CUOCY,0.08621778401095517,110.6,2654.3999999999996,228.8564858786794,18.656945763603815
3468,8993-IZEUX,0.13773622449787065,69.15,1659.6000000000001,228.58703817666614,18.57611145299984
3469,6243-OZGFH,0.2118378352937654,44.95,1078.8000000000002,228.53065671491416,18.55919701447425
3470,9825-YCXWZ,0.09413534136152459,101.1,2426.3999999999996,228.40999227960322,18.52299768388096
3471,9272-LSVYH,0.13557795101576126,70.15,1683.6000000000001,228.25903833013567,18.477711499040694
3472,3428-MMGUB,0.10598447892896679,89.55,2149.2,227.7818421141354,18.334552634240623
3473,1728-BQDMA,0.21351172769344365,44.45,1066.8000000000002,227.77431110336573,18.332293331009723
3474,1767-TGTKO,0.2088042900575266,45.45,1090.8000000000002,227.76371959475006,18.329115878425014
3475,1060-ENTOF,0.08997639554886083,105.4,2529.6000000000004,227.6042901803984,18.281287054119517
3476,3327-YBAKM,0.09786408645013131,96.9,2325.6000000000004,227.5927194484254,18.277815834527615
3477,2789-CZANW,0.08595922387502149,110.3,2647.2,227.55125744195686,18.265377232587056
3478,3410-MHHUM,0.10040857486131798,94.4,2265.6000000000004,227.48566720580203,18.2457001617406
3479,4393-GEADV,0.08257814245080172,114.75,2754.0,227.42020430950794,18.22606129285238
3480,4822-LPTYJ,0.091155768452448,103.75,2490.0,226.9778634465955,18.093359033978643
3481,7537-CBQUZ,0.08643377879787059,109.4,2625.6000000000004,226.94052961168904,18.082158883506708
3482,4119-ZYPZY,0.08851762931290809,106.8,2563.2,226.888387454846,18.066516236453793
3483,8990-ZXLSU,0.1368657550793605,69.05,1657.1999999999998,226.8139293175162,18.04417879525485
3484,9743-DQKQW,0.37600455252513487,25.1,602.4000000000001,226.5051424411413,17.95154273234239
3485,5268-DSMNQ,0.09630952881801355,97.95,2350.8,226.40444034538626,17.92133210361588
3486,4304-TSPVK,0.08201298223792312,114.9,2757.6000000000004,226.15899981929684,17.847699945789046
3487,8041-TMEID,0.08682985811477914,108.5,2604.0,226.10495053088488,17.831485159265455
3488,6217-TOWGS,0.12492288104137306,75.4,1809.6000000000001,226.0604455324687,17.81813365974061
3489,5855-EIBDE,0.0883048243345104,106.65,2559.6000000000004,226.02502836661284,17.807508509983847
3490,4377-VDHYI,0.1036088451447138,90.8,2179.2,225.7843953393603,17.73531860180809
3491,8878-RYUKI,0.15820512533899264,59.45,1426.8000000000002,225.72707283367473,17.71812185010242
3492,4075-JFPGR,0.10056061108196264,93.5,2244.0,225.65801126792417,17.697403380377253
3493,1264-FUHCX,0.16690305777751963,56.3,1351.1999999999998,225.51941166898447,17.655823500695334
3494,7049-GKVZY,0.11762525609417876,79.85,1916.3999999999999,225.41704077888417,17.62511223366525
3495,2056-EVGZL,0.08880970904799243,105.75,2538.0,225.3990415638048,17.619712469141433
3496,6794-HKIAJ,0.10344678549170565,90.7,2176.8,225.18296265834488,17.554888797503466
3497,5693-PIPCS,0.0940774182337745,99.65,2391.6000000000004,224.9955534478951,17.498666034368526
3498,7824-PANSQ,0.11619634864921242,80.65,1935.6000000000001,224.9096524454156,17.472895733624668
3499,4827-LTQRJ,0.08468451708490443,110.6,2654.3999999999996,224.7865821501703,17.43597464505109
3500,0939-EREMR,0.17520651819259392,53.45,1282.8000000000002,224.75492153745952,17.426476461237854
3501,1229-RCALF,0.08142676689542731,115.0,2760.0,224.73787663137938,17.421362989413808
3502,9767-FFLEM,0.13466294551597202,69.5,1668.0,224.61779312064132,17.3853379361924
3503,4159-NAAIX,0.09602402134105761,97.45,2338.8,224.58098111246557,17.37429433373967
3504,4673-KKSLS,0.10671659397322815,87.6,2102.3999999999996,224.36096716931482,17.30829015079445
3505,7596-LDUXP,0.10973979287813677,85.15,2043.6000000000001,224.26424072576032,17.279272217728092
3506,5294-IMHHT,0.09558702058499897,97.75,2346.0,224.24715029240758,17.274145087722275
3507,3253-HKOKL,0.09310775745832287,100.3,2407.2,224.1289937536748,17.238698126102435
3508,3748-FVMZZ,0.23316385921876273,40.05,961.1999999999999,224.1171014810747,17.235130444322408
3509,3701-SFMUH,0.1339751556578638,69.7,1672.8000000000002,224.1136403844746,17.234092115342378
3510,5895-QSXOD,0.13314663585419015,70.05,1681.1999999999998,223.84612419806444,17.153837259419333
3511,4075-WKNIU,0.12705836426069161,73.35,1760.3999999999999,223.6735444445215,17.10206333335644
3512,1162-ECVII,0.08491552172964423,109.75,2634.0,223.6674842358829,17.100245270764873
3513,6161-ERDGD,0.10906208477298915,85.45,2050.8,223.66452345244616,17.099357035733846
3514,3655-SNQYZ,0.08228222076882434,113.25,2718.0,223.64307604966456,17.092922814899367
3515,3059-NGMXB,0.1345132924727837,69.2,1660.8000000000002,223.3996761387992,17.019902841639762
3516,9708-HPXWZ,0.20487230451859023,45.4,1089.6,223.2288630034559,16.96865890103676
3517,0003-MKNFE,0.15512265985966184,59.9,1437.6,223.00433581424986,16.90130074427495
3518,0661-KBKPA,0.11791824448612735,78.75,1890.0,222.8654820787807,16.85964462363421
3519,9103-CXVOK,0.4701627051999556,19.75,474.0,222.85712226477895,16.85713667943368
3520,6202-DYYFX,0.121978900602281,76.0,1824.0,222.48951469856055,16.746854409568158
3521,1453-RZFON,0.18550687138225483,49.9,1197.6,222.16302916738837,16.648908750216506
3522,8847-GEOOQ,0.15374562709934786,60.2,1444.8000000000002,222.13168203313782,16.63950460994134
3523,1492-KGETH,0.11809763350525757,78.35,1880.3999999999999,222.0707900432863,16.621237012985887
3524,5651-CPDND,0.20106271743584384,46.0,1104.0,221.9732400491716,16.591972014751477
3525,1053-MXTTK,0.08512021690687017,108.65,2607.6000000000004,221.9594776063547,16.587843281906416
3526,8166-ORCHU,0.09880260407897537,93.55,2245.2,221.8316066781155,16.549482003434647
3527,1422-DGUBX,0.1166227430962384,79.25,1902.0,221.81645736904542,16.544937210713627
3528,7426-WEIJX,0.11414891918313308,80.95,1942.8000000000002,221.76852018899098,16.530556056697293
3529,1163-VIPRI,0.08454080145062677,109.3,2623.2,221.76743036528413,16.530229109585235
3530,1456-TWCGB,0.18759320932421603,49.25,1182.0,221.73517342122335,16.520552026367
3531,0727-BNRLG,0.09450800285279093,97.65,2343.6000000000004,221.48895548580086,16.446686645740257
3532,2432-TFSMK,0.10295912648225376,89.6,2150.3999999999996,221.40330558743847,16.420991676231537
3533,1170-SASML,0.10795797817466761,85.4,2049.6000000000004,221.27067206679877,16.381201620039633
3534,3612-YUNGG,0.08433065354670556,109.2,2620.8,221.01377681520594,16.30413304456178
3535,6351-SCJKT,0.22265950268528573,41.35,992.4000000000001,220.96729046487758,16.29018713946327
3536,2294-SALNE,0.10603167417608764,86.8,2083.2,220.88518364362574,16.265555093087713
3537,2272-JKMSI,0.08295988814613332,110.8,2659.2,220.6069345581977,16.182080367459307
3538,9972-VAFJJ,0.09777924475317648,94.0,2256.0,220.58997616316614,16.176992848949837
3539,5696-CEIQJ,0.08906371662587032,103.15,2475.6000000000004,220.4861368790046,16.14584106370137
3540,3452-SRFEG,0.12311999239814053,74.6,1790.3999999999999,220.4340343896308,16.130210316889233
3541,3621-CHYVB,0.18399161320711066,49.9,1197.6,220.3483559768357,16.104506793050703
3542,8217-QYOHV,0.16466902078613813,55.75,1338.0,220.32714981185282,16.098144943555837
3543,3090-LETTY,0.1505901333299388,60.95,1462.8000000000002,220.28324703503452,16.08497411051036
3544,7471-MQPOS,0.12585596246782213,72.9,1749.6000000000001,220.1975919337016,16.059277580110475
3545,0277-BKSQP,0.16863687575395275,54.4,1305.6,220.1723049843607,16.051691495308205
3546,0815-MFZGM,0.09260127481788723,99.0,2376.0,220.02062896730004,16.006188690190015
3547,6008-NAIXK,0.16531364098879436,55.45,1330.8000000000002,219.99939342788758,15.999818028366278
3548,1635-FJFCC,0.2080108664255369,44.05,1057.1999999999998,219.90908798507758,15.972726395523267
3549,5360-LJCNJ,0.08713016087275735,105.15,2523.6000000000004,219.88167397849048,15.964502193547148
3550,3633-CDBUW,0.11331028454742542,80.85,1940.3999999999999,219.86727613582428,15.96018284074728
3551,5630-AHZIL,0.14184876179543923,64.5,1548.0,219.58188325933992,15.874564977801967
3552,8465-SBRXP,0.0962712406529107,94.9,2277.6000000000004,219.26737771106946,15.780213313320829
3553,8725-JEDFD,0.13209941100935518,69.05,1657.1999999999998,218.9151439247034,15.67454317741101
3554,6599-SFQVE,0.16562556010632376,55.0,1320.0,218.62573934034737,15.587721802104213
3555,9774-NRNAU,0.10734306581768475,84.8,2035.1999999999998,218.464607552152,15.5393822656456
3556,4199-QHJNM,0.08840842278188711,102.9,2469.6000000000004,218.33344090214845,15.500032270644539
3557,2486-WYVVE,0.11469688250193266,79.3,1903.1999999999998,218.2911067776782,15.48733203330346
3558,0311-QYWSS,0.18393045072410558,49.45,1186.8000000000002,218.28865891936854,15.486597675810557
3559,0106-UGRDO,0.07834060486442801,116.0,2784.0,218.10024394256757,15.430073182770272
3560,4884-TVUQF,0.08959721396532297,101.3,2431.2,217.8287465924932,15.348623977747948
3561,9127-FHJBZ,0.07957324101235584,114.0,2736.0,217.7123874098056,15.313716222941679
3562,4468-KAZHE,0.15112053158360766,60.0,1440.0,217.61356548039504,15.284069644118503
3563,3808-HFKDE,0.2044039035820769,44.35,1064.4,217.5675149727627,15.270254491828808
3564,5686-CMAWK,0.10449778230946935,86.75,2082.0,217.5643827683152,15.269314830494551
3565,9103-TCIHJ,0.16261461706883606,55.7,1336.8000000000002,217.38322009762007,15.214966029286018
3566,4431-EDMIQ,0.1195757693579457,75.7,1816.8000000000002,217.24525776951577,15.173577330854727
3567,9633-DENPU,0.15437262136535138,58.6,1406.4,217.1096546882302,15.132896406469058
3568,1810-MVMAI,0.13381840173807025,67.6,1622.3999999999999,217.10697497984515,15.132092493953536
3569,4043-MKDTV,0.08591041347287169,105.25,2526.0,217.00970443247388,15.102911329742156
3570,1131-SUEKT,0.09174458396800599,98.45,2362.8,216.77410299960457,15.03223089988137
3571,2257-BOVXD,0.13560436207256937,66.6,1598.3999999999999,216.75001233679487,15.025003701038457
3572,9330-VOFSZ,0.08145634523712178,110.8,2659.2,216.60871325455423,14.982613976366267
3573,9670-BPNXF,0.14427572042971815,62.55,1501.1999999999998,216.58671150909285,14.976013452727855
3574,6574-MCOEH,0.11391987666374821,79.15,1899.6000000000001,216.4021977104561,14.920659313136824
3575,1310-QRITU,0.17906098356063666,50.3,1207.1999999999998,216.16241935440053,14.84872580632016
3576,1986-PHGZF,0.15421588162803376,58.4,1401.6,216.1489796898521,14.844693906955627
3577,7803-XOCCZ,0.10713657232673071,84.05,2017.1999999999998,216.11589369748117,14.83476810924435
3578,4455-BFSPD,0.08899343801227906,101.15,2427.6000000000004,216.04047011860868,14.812141035582599
3579,3144-KMTWZ,0.09653205737462203,93.25,2238.0,216.0387444044041,14.811623321321221
3580,1265-HVPZB,0.13555944197385777,66.4,1593.6000000000001,216.02752672953977,14.808258018861935
3581,2599-CIPQE,0.08232392462596282,109.3,2623.2,215.95211907882563,14.785635723647687
3582,1621-YNCJH,0.08482680299751462,106.05,2545.2,215.9011789892742,14.770353696782252
3583,0701-TJSEF,0.13171832367625486,68.25,1638.0,215.75461418170545,14.726384254511629
3584,9350-VLHMB,0.10024668765470497,89.55,2149.2,215.45018110749191,14.635054332247577
3585,5146-CBVOE,0.119429206882855,75.1,1802.3999999999999,215.25920248565782,14.577760745697347
3586,9142-KZXOP,0.1301795990820545,68.85,1652.3999999999999,215.10876952318685,14.532630856956047
3587,3351-NGXYI,0.16566066146299036,54.1,1298.4,215.09380284354668,14.528140853064002
3588,1936-UAFEH,0.08128188227474205,110.25,2646.0,215.07186049896745,14.521558149690236
3589,4713-ZBURT,0.08984912684136966,99.7,2392.8,214.99099070602932,14.4972972118088
3590,8268-YDIXR,0.09614762282311455,93.15,2235.6000000000004,214.94762558335492,14.48428767500647
3591,2927-QRRQV,0.09460539874759791,94.65,2271.6000000000004,214.90562379504345,14.471687138513033
3592,4450-MDZFX,0.12023812086488343,74.35,1784.3999999999999,214.552902871298,14.365870861389396
3593,1261-FWTTE,0.25757162183752935,34.65,831.5999999999999,214.1965607200894,14.258968216026815
3594,0565-JUPYD,0.0853625360710649,104.5,2508.0,214.0892404662308,14.22677213986924
3595,9405-GPBBG,0.0806415811778217,110.5,2652.0,213.86147328358317,14.158441985074944
3596,7758-XKCBS,0.29991998923640273,29.7,712.8,213.78296832770786,14.134890498312359
3597,7966-YOTQW,0.16341962426431658,54.5,1308.0,213.7528685377261,14.125860561317822
3598,1732-FEKLD,0.09396204931847095,94.75,2274.0,213.66970015020294,14.100910045060886
3599,1025-FALIX,0.1288696628692127,69.05,1657.1999999999998,213.56280530685925,14.068841592057765
3600,9537-VHDTA,0.17379618675282318,51.2,1228.8000000000002,213.56075428186915,14.068226284560737
3601,0603-OLQDC,0.1272687831174712,69.85,1676.3999999999999,213.3533880181287,14.0060164054386
3602,8100-HZZLJ,0.1388003077365597,63.95,1534.8000000000002,213.03071231407188,13.909213694221563
3603,3508-CFVZL,0.07957099018689931,111.3,2671.2,212.5500289872454,13.765008696173624
3604,6654-QGBZZ,0.4449074079709092,19.9,477.59999999999997,212.48777804690621,13.746333414071863
3605,7878-RTCZG,0.4449074079709092,19.9,477.59999999999997,212.48777804690621,13.746333414071863
3606,3900-AQPHZ,0.4449074079709092,19.9,477.59999999999997,212.48777804690621,13.746333414071863
3607,1121-QSIVB,0.11403741690997174,77.55,1861.1999999999998,212.2464403528394,13.673932105851812
3608,0516-UXRMT,0.09606860921639984,92.05,2209.2,212.2347714808705,13.670431444261148
3609,6576-FBXOJ,0.16189413156574323,54.6,1310.4,212.14607000374994,13.643821001124977
3610,6500-JVEGC,0.08711743852108571,101.35,2432.3999999999996,211.90445745868885,13.571337237606656
3611,4647-XXZAM,0.19396480803239685,45.5,1092.0,211.80957037137736,13.542871111413206
3612,6145-NNPNO,0.1998548527817076,44.15,1059.6,211.76620200749733,13.529860602249194
3613,6473-ULUHT,0.10386271207609435,84.9,2037.6000000000001,211.63066212624986,13.489198637874956
3614,3705-RHRFR,0.08893120517008471,99.15,2379.6000000000004,211.6206958227336,13.486208746820083
3615,0774-IFUVM,0.13511617553553545,65.15,1563.6000000000001,211.26765206736326,13.380295620208976
3616,9761-XUJWD,0.13413782143699254,65.6,1574.3999999999999,211.18658607040103,13.35597582112031
3617,2696-ECXKC,0.08720381118230455,100.9,2421.6000000000004,211.17274915906873,13.351824747720613
3618,2692-AQCPF,0.08135703785613403,108.05,2593.2,210.97507056852675,13.292521170558018
3619,4581-LNWUM,0.17869665239485963,49.15,1179.6,210.7905711649764,13.237171349492918
3620,0440-UEDAI,0.09297340038837393,94.45,2266.8,210.75210400036605,13.22563120010981
3621,5312-IRCFR,0.09454296141810184,92.85,2228.3999999999996,210.67953522409812,13.203860567229434
3622,0872-JCPIB,0.13346281346895075,65.75,1578.0,210.60431965400429,13.181295896201284
3623,8466-PZBLH,0.08379219354576474,104.6,2510.3999999999996,210.35192267728777,13.105576803186331
3624,3810-DVDQQ,0.07451490385879972,117.6,2822.3999999999996,210.3108646510763,13.093259395322882
3625,5569-IDSEY,0.08277182540471073,105.7,2536.8,209.9755666866702,12.992670006001056
3626,6734-FQAJX,0.08324908748821883,105.05,2521.2,209.8875993752973,12.966279812589185
3627,2931-VUVJN,0.09298166596461996,94.05,2257.2,209.87821641534015,12.963464924602043
3628,5780-INQIK,0.17686740829731332,49.4,1185.6,209.69399927729467,12.908199783188394
3629,7925-PNRGI,0.10742192841220088,81.3,1951.1999999999998,209.60166671788636,12.880500015365904
3630,7143-BQIBA,0.14027987795803884,62.25,1494.0,209.57813766931002,12.873441300793004
3631,9770-KXGQU,0.08854856373583908,98.6,2366.3999999999996,209.54132122448956,12.862396367346868
3632,5568-DMXZS,0.13339656174432588,65.45,1570.8000000000002,209.5393191879871,12.861795756396127
3633,7025-IWFHT,0.09749240154517928,89.55,2149.2,209.53066940089928,12.859200820269784
3634,3272-VUHPV,0.15504064116902366,56.3,1351.1999999999998,209.49091434758475,12.847274304275423
3635,5402-HTOTQ,0.15783259723864712,55.3,1327.1999999999998,209.47542305513244,12.842626916539729
3636,3043-TYBNO,0.1438970955799171,60.65,1455.6,209.4566123261273,12.836983697838185
3637,5376-PCKNB,0.08353344565731767,104.45,2506.8,209.40164157376395,12.820492472129182
3638,3642-GKTCT,0.07579320742272713,115.1,2762.3999999999996,209.3711561845414,12.811346855362416
3639,9375-MHRRS,0.17429266172831728,50.05,1201.1999999999998,209.3603452680547,12.8081035804164
3640,0868-VJRDR,0.0836328532908316,104.05,2497.2,208.84796123786467,12.654388371359396
3641,9308-ANMVE,0.15728660874238815,55.3,1327.1999999999998,208.75078712289752,12.625236136869255
3642,4672-FOTSD,0.12916409664038486,67.25,1614.0,208.47085197758116,12.541255593274343
3643,7750-EYXWZ,0.14318939707768596,60.65,1455.6,208.4264863862797,12.527945915883905
3644,1266-NZYUI,0.12983430281381977,66.85,1604.3999999999999,208.30615543449244,12.49184663034773
3645,6516-NKQBO,0.1071244397893865,81.0,1944.0,208.24991095056737,12.474973285170208
3646,4654-DLAMQ,0.08939104721948596,97.0,2328.0,208.10235792696332,12.430707378088997
3647,4236-UJPWO,0.3538456798262614,24.5,588.0,208.0612597378417,12.418377921352509
3648,4049-ZPALD,0.08752980600874298,99.0,2376.0,207.97081907677332,12.391245723031993
3649,0851-DFJKB,0.14669952759254076,58.95,1414.8000000000002,207.5504916379267,12.26514749137801
3650,5989-OMNJE,0.15011507385975625,57.6,1382.4,207.51907810372705,12.255723431118113
3651,7880-XSOJX,0.20391891038301546,42.4,1017.5999999999999,207.5078832057565,12.252364961726954
3652,1591-MQJTP,0.09227411344698074,93.65,2247.6000000000004,207.39529738343393,12.218589215030178
3653,1370-GGAWX,0.09175266261223425,94.15,2259.6000000000004,207.32431643860454,12.19729493158136
3654,9742-XOKTS,0.09643526425945023,89.55,2149.2,207.2586699464104,12.17760098392312
3655,2521-NPUZR,0.08541561618953818,101.0,2424.0,207.04745364344055,12.114236093032162
3656,3096-WPXBT,0.08565363232445723,100.7,2416.8,207.00769860174825,12.10230958052447
3657,0699-NDKJM,0.14680553994998577,58.75,1410.0,206.99581132947995,12.098743398843979
3658,1830-GGFNM,0.09119062836096056,94.55,2269.2,206.92977387669168,12.0789321630075
3659,8152-VETUR,0.08824261184350887,97.7,2344.8,206.91127625065963,12.073382875197886
3660,5913-INRQV,0.09562082415191392,90.15,2163.6000000000004,206.88521513508098,12.065564540524292
3661,4806-DXQCE,0.0758465138442036,113.65,2727.6000000000004,206.87895116144978,12.06368534843493
3662,5999-LCXAO,0.28812508785958696,29.9,717.5999999999999,206.75856304803958,12.027568914411873
3663,0572-ZJKLT,0.08638828706810005,99.65,2391.6000000000004,206.60622735206812,11.98186820562043
3664,3694-DELSO,0.2229491738540479,38.55,925.1999999999999,206.2725756497651,11.881772694929523
3665,3537-RYBHH,0.12719288752630445,67.45,1618.8000000000002,205.89984632758166,11.769953898274494
3666,0804-XBFBV,0.3402405347552042,25.2,604.8,205.7774754199475,11.733242625984246
3667,3639-XJHKQ,0.14145906125130328,60.6,1454.4,205.7380586838955,11.721417605168647
3668,0289-IVARM,0.1415609730637872,60.55,1453.1999999999998,205.71640605629554,11.714921816888662
3669,8984-EYLLL,0.08139630155465098,105.25,2526.0,205.60705772704839,11.682117318114514
3670,6617-WLBQC,0.10456301300599466,81.85,1964.3999999999999,205.4035827489759,11.62107482469277
3671,3736-BLEPA,0.09376973436108108,91.25,2190.0,205.35571825076755,11.60671547523026
3672,3597-YASZG,0.08188784275832256,104.45,2506.8,205.276444226563,11.582933267968897
3673,0322-YINQP,0.17610261447253364,48.55,1165.1999999999998,205.19476638339617,11.558429915018849
3674,4829-ZLJTK,0.07606189986542145,112.4,2697.6000000000004,205.1845810769609,11.555374323088273
3675,4195-NZGTA,0.3385511041793087,25.25,606.0,205.16196913266108,11.548590739798321
3676,7820-ZYGNY,0.09447157039866752,90.45,2170.8,205.07888502142748,11.523665506428244
3677,4419-UJMUS,0.0859820215935186,99.35,2384.3999999999996,205.01553228758573,11.504659686275716
3678,7566-DSRLQ,0.07751641180575532,110.15,2643.6000000000004,204.9223862496948,11.476715874908436
3679,0716-BQNDX,0.09088311670860781,93.75,2250.0,204.48701259436757,11.346103778310265
3680,0247-SLUJI,0.43234331973987306,19.7,472.79999999999995,204.41192157301197,11.323576471903586
3681,0523-VNGTF,0.16839107489872343,50.5,1212.0,204.0899827772528,11.226994833175837
3682,3324-OIRTO,0.08123063121081624,104.65,2511.6000000000004,204.0188533490861,11.205656004725824
3683,4002-BQWPQ,0.10395656383825273,81.75,1962.0,203.96277825065187,11.188833475195558
3684,6481-OGDOO,0.09368976987519066,90.6,2174.3999999999996,203.71903561661455,11.115710684984364
3685,6380-ARCEH,0.420202717060197,20.2,484.79999999999995,203.7142772307835,11.114283169235044
3686,8048-DSDFQ,0.420202717060197,20.2,484.79999999999995,203.7142772307835,11.114283169235044
3687,3247-MHJKM,0.420202717060197,20.2,484.79999999999995,203.7142772307835,11.114283169235044
3688,4786-UKSNZ,0.420202717060197,20.2,484.79999999999995,203.7142772307835,11.114283169235044
3689,8805-JNRAZ,0.17250800141037415,49.2,1180.8000000000002,203.69744806536983,11.109234419610942
3690,9828-QHFBK,0.16569388070153657,51.15,1227.6,203.40580794920626,11.021742384761879
3691,7537-RBWEA,0.3366476851664934,25.15,603.5999999999999,203.20054276649537,10.960162829948608
3692,0423-UDIJQ,0.1719894027992436,49.2,1180.8000000000002,203.08508682534688,10.925526047604059
3693,4522-XRWWI,0.10514049750062715,80.45,1930.8000000000002,203.00527257421092,10.90158177226327
3694,6898-MDLZW,0.1572045117636031,53.75,1290.0,202.79382017504798,10.83814605251439
3695,3898-BSJYF,0.11486597540995276,73.55,1765.1999999999998,202.7614197936486,10.828425938094576
3696,7658-UYUQS,0.09757661535434344,86.55,2077.2,202.68614541404216,10.805843624212642
3697,8561-NMTBD,0.07513491679643301,112.35,2696.3999999999996,202.59378964990194,10.77813689497058
3698,2475-MROZF,0.08880358401485487,95.0,2280.0,202.47217155386912,10.741651466160732
3699,5223-UZAVK,0.08410525645359604,100.3,2407.2,202.45817333509638,10.737452000528911
3700,2558-BUOZZ,0.08890660418298699,94.8,2275.2,202.28030583713198,10.68409175113959
3701,9076-AXYIK,0.0825471657342623,102.1,2450.3999999999996,202.2735749152363,10.682072474570887
3702,8879-ZKJOF,0.10539180352733443,79.85,1916.3999999999999,201.9728522797837,10.591855683935108
3703,0999-QXNSA,0.18393107864513855,45.75,1098.0,201.95632435236212,10.586897305708632
3704,4489-SNOJF,0.11638830581639467,72.25,1734.0,201.81732228562836,10.54519668568851
3705,1492-QGCLU,0.0980931630309847,85.7,2056.8,201.75801772212935,10.527405316638806
3706,7590-VHVEG,0.28145308102998834,29.85,716.4000000000001,201.63298724988368,10.489896174965104
3707,5949-HGVJL,0.11500742593404449,73.05,1753.1999999999998,201.63101914756678,10.489305744270027
3708,4415-WNGVR,0.10606819443334634,79.2,1900.8000000000002,201.61442397890474,10.484327193671419
3709,9795-VOWON,0.34495093822396816,24.35,584.4000000000001,201.58932829808703,10.476798489426102
3710,8480-PPONV,0.07267373773466862,115.55,2773.2,201.538809485783,10.461642845734893
3711,3580-HYCSP,0.076118657742167,110.3,2647.2,201.50131077506447,10.450393232519339
3712,4342-HFXWS,0.12044909956296765,69.7,1672.8000000000002,201.48725374893232,10.446176124679695
3713,5948-UJZLF,0.17045661473699983,49.25,1182.0,201.4797186191338,10.443915585740136
3714,9558-IHEZX,0.07854761084919003,106.75,2562.0,201.23897899562485,10.371693698687452
3715,6614-VBEGU,0.12071457294714116,69.45,1666.8000000000002,201.20705018829491,10.36211505648847
3716,0708-SJDIS,0.12884064487798355,65.0,1560.0,200.99140600965433,10.297421802896295
3717,4129-LYCOI,0.08044558402556143,104.0,2496.0,200.79217772780132,10.237653318340392
3718,0320-DWVTU,0.08404374763032449,99.5,2388.0,200.69646934121488,10.20894080236446
3719,0930-EHUZA,0.10950032387385418,76.35,1832.3999999999999,200.6483934664504,10.194518039935112
3720,4324-AHJKS,0.14965289383652458,55.8,1339.1999999999998,200.41515542587368,10.1245466277621
3721,2796-UUZZO,0.1038650309174042,80.3,1927.1999999999998,200.16868758402137,10.050606275206405
3722,0401-WDBXM,0.0790142804839403,105.55,2533.2,200.15897532191755,10.04769259657526
3723,7123-WQUHX,0.08769845846868189,95.0,2280.0,199.9524853085947,9.98574559257841
3724,8096-LOIST,0.14816974421729712,56.2,1348.8000000000002,199.85135100029038,9.955405300087108
3725,7853-GVUDZ,0.4132202078479438,20.15,483.59999999999997,199.83329251526558,9.949987754579674
3726,0835-JKADZ,0.07481479583701486,111.25,2670.0,199.7555048848297,9.926651465448906
3727,2758-RNWXS,0.09322750261767244,89.2,2140.8,199.58143760391317,9.874431281173948
3728,9754-CLVZW,0.2139589102927207,38.85,932.4000000000001,199.4952879569328,9.848586387079834
3729,0623-GDISB,0.17153913157301687,48.45,1162.8000000000002,199.46570219310405,9.839710657931214
3730,5393-HJZSM,0.10892318118056335,76.3,1831.1999999999998,199.46012937784758,9.838038813354274
3731,1703-MGIAB,0.1203000791984429,69.0,1656.0,199.21693115262144,9.765079345786432
3732,8550-XSXUQ,0.11763788414681872,70.55,1693.1999999999998,199.18446543739344,9.755339631218028
3733,3179-GBRWV,0.12763264972654187,64.95,1558.8000000000002,198.95377439373348,9.686132318120045
3734,4729-XKASR,0.3348523525794991,24.75,594.0,198.90229743222244,9.670689229666728
3735,7673-LPRNY,0.10530909028948392,78.55,1885.1999999999998,198.52869701373507,9.55860910412052
3736,5136-RGMZO,0.11641232760240525,71.05,1705.1999999999998,198.50630102762142,9.551890308286424
3737,9391-DXGGG,0.0927766862854291,89.15,2139.6000000000004,198.5049979763041,9.55149939289123
3738,6559-ILWKJ,0.1674767200618078,49.35,1184.4,198.35942724120517,9.507828172361549
3739,8777-MBMTS,0.0780330839884564,105.85,2540.3999999999996,198.2352465642746,9.470573969282377
3740,6732-FZUGP,0.08695454570077134,94.9,2277.6000000000004,198.04767328807682,9.414301986423041
3741,9570-KYEUA,0.08312135980941034,99.25,2382.0,197.99507906601542,9.398523719804622
3742,3038-PQIUY,0.12471181666618572,66.15,1587.6000000000001,197.99248013923648,9.397744041770942
3743,9938-TKDGL,0.08272219900801445,99.55,2389.2,197.6398778699481,9.291963360984425
3744,5206-XZZQI,0.10214199322823778,80.6,1934.3999999999999,197.58347170070314,9.27504151021094
3745,6408-OTUBZ,0.07874183099506477,104.55,2509.2,197.5790023328165,9.273700699844944
3746,4616-ULAOA,0.0742312630743875,110.8,2659.2,197.39577476741124,9.218732430223369
3747,8660-BUETV,0.18374935335598871,44.75,1074.0,197.34680550433188,9.204041651299562
3748,3466-BYAVD,0.11827192550423134,69.5,1668.0,197.27757174105787,9.183271522317355
3749,5473-KHBPS,0.08585923532621861,95.7,2296.8,197.20149169725892,9.160447509177672
3750,7075-BNDVQ,0.23462139460350584,35.0,840.0,197.0819714669449,9.12459144008347
3751,9866-OCCKE,0.07474940760840451,109.75,2634.0,196.88993964053748,9.066981892161238
3752,9489-UTFKA,0.13462020339909392,60.9,1461.6,196.76088928811566,9.028266786434699
3753,6728-DKUCO,0.07868090942942974,104.15,2499.6000000000004,196.6708012098026,9.001240362940777
3754,5998-DZLYR,0.08682843920502731,94.35,2264.3999999999996,196.6143177358638,8.984295320759138
3755,7285-KLOTR,0.10388403590499665,78.85,1892.3999999999999,196.59014954661563,8.977044863984688
3756,0292-WEGCH,0.0949994515895158,86.2,2068.8,196.5348654483903,8.960459634517086
3757,8659-IOOPU,0.08151725929038568,100.45,2410.8,196.5218086972618,8.956542609178541
3758,8050-WYBND,0.1654402852062089,49.45,1186.8000000000002,196.34453048272874,8.903359144818623
3759,5924-IFQTT,0.11235295577021658,72.8,1747.1999999999998,196.30308432172237,8.890925296516706
3760,6999-CHVCF,0.08007860611488035,102.1,2450.3999999999996,196.22461642390277,8.867384927170832
3761,8652-YHIYU,0.10279716445477842,79.5,1908.0,196.13698977971723,8.841096933915168
3762,8065-QBYTO,0.0819570364945465,99.65,2391.6000000000004,196.00844848035743,8.802534544107225
3763,7833-PKIHD,0.10675863034716324,76.4,1833.6000000000001,195.75262460455852,8.725787381367553
3764,7905-TVXTA,0.12671381503836182,64.35,1544.3999999999999,195.696815945246,8.709044783573795
3765,1090-PYKCI,0.07754883055821157,105.1,2522.3999999999996,195.60917020003285,8.68275106000985
3766,0793-TWELN,0.10152466275605562,80.15,1923.6000000000001,195.2928412775486,8.587852383264575
3767,0020-INWCK,0.08482351623441721,95.75,2298.0,194.92444030669074,8.477332092007217
3768,5309-TAIKL,0.12917780425161954,62.8,1507.1999999999998,194.69678656804095,8.409035970412283
3769,1478-VPOAD,0.1850038251417918,43.8,1051.1999999999998,194.4760209890515,8.342806296715452
3770,9097-ZUBYC,0.16599918132037578,48.8,1171.1999999999998,194.41824116242407,8.325472348727217
3771,0463-ZSDNT,0.14254736108362873,56.75,1362.0,194.14950579590231,8.244851738770691
3772,6890-PFRQX,0.11635166280009139,69.5,1668.0,194.07457355055243,8.222372065165729
3773,1049-FYSYG,0.2267674298222296,35.65,855.5999999999999,194.02221295589965,8.206663886769888
3774,3113-IWHLC,0.1448117261029856,55.8,1339.1999999999998,193.93186359711828,8.17955907913548
3775,8879-XUAHX,0.06949125321276181,116.25,2790.0,193.88059646360546,8.164178939081637
3776,5090-EMGTC,0.08071576415778162,100.05,2401.2,193.8146928956652,8.144407868699552
3777,4250-WAROZ,0.08658713550684427,93.25,2238.0,193.78200926431748,8.134602779295243
3778,6766-HFKLA,0.07814770007804081,103.2,2476.8,193.5562235532915,8.066867065987445
3779,4957-TREIR,0.12518344820404792,64.4,1545.6000000000001,193.48353754417647,8.04506126325294
3780,1930-QPBVZ,0.08473380989373844,95.1,2282.3999999999996,193.3964477014686,8.01893431044057
3781,3082-VQXNH,0.2703174034922661,29.8,715.2,193.33100697766872,7.999302093300614
3782,4815-GBTCD,0.3201682880590419,25.15,603.5999999999999,193.25357867243767,7.976073601731301
3783,1017-FBQMM,0.07586171472507441,106.05,2545.2,193.0832363182594,7.924970895477813
3784,9251-WNSOD,0.10710915873190971,75.1,1802.3999999999999,193.05354769839406,7.916064309518212
3785,9589-ABEPT,0.08698591698921618,92.45,2218.8,193.00435261567287,7.9013057847018615
3786,5543-QDCRY,0.14256270338395333,56.4,1353.6,192.9728753005192,7.89186259015576
3787,2040-OBMLJ,0.09837807832433773,81.7,1960.8000000000002,192.89973597836143,7.869920793508427
3788,6614-FHDBO,0.07359262608829184,109.2,2620.8,192.87155445219526,7.8614663356585766
3789,7856-GANIL,0.0813144049484484,98.7,2368.8,192.6175624418846,7.78526873256537
3790,6402-EJMWF,0.14511769277504094,55.3,1327.1999999999998,192.6002018510343,7.780060555310293
3791,6196-HBOBZ,0.0807062029579816,99.35,2384.3999999999996,192.4358703330113,7.73076109990339
3792,9572-WUKSB,0.2679262902997969,29.9,717.5999999999999,192.26390591913426,7.679171775740272
3793,7674-YTAFD,0.10019439484110074,79.95,1918.8000000000002,192.2530048211041,7.675901446331224
3794,7707-PYBBH,0.12939011513652626,61.9,1485.6,192.2219550468234,7.666586514047019
3795,5678-VFNEQ,0.07684448575656491,104.1,2498.3999999999996,191.98826321420174,7.59647896426052
3796,6121-TNHBO,0.09637208438872792,83.0,1992.0,191.97319210234602,7.591957630703803
3797,9505-SQFSW,0.19847413220755766,40.3,967.1999999999999,191.96418067114976,7.589254201344929
3798,3716-LRGXK,0.07904201636771384,101.15,2427.6000000000004,191.88239893426214,7.5647196802786425
3799,9314-QDMDW,0.1305167869023972,61.25,1470.0,191.8596767465239,7.5579030239571665
3800,3387-PLKUI,0.42513442838010834,18.8,451.20000000000005,191.8206540851049,7.546196225531467
3801,9253-VIFJQ,0.11914204730516446,67.05,1609.1999999999998,191.72338252347063,7.5170147570411885
3802,3363-DTIVD,0.07568233785950985,105.55,2533.2,191.71849826571034,7.515549479713101
3803,6421-SZVEM,0.09636096025467009,82.85,1988.3999999999999,191.604133370386,7.481240011115794
3804,7878-JGDKK,0.17919230095054506,44.55,1069.1999999999998,191.59240817632275,7.4777224528968205
3805,7130-CTCUS,0.14628280628981083,54.55,1309.1999999999998,191.51344999462032,7.454034998386092
3806,1576-PFZIW,0.07573652248948304,105.35,2528.3999999999996,191.49222346240887,7.447667038722663
3807,4742-DRORA,0.08357564552164556,95.4,2289.6000000000004,191.35479798635973,7.406439395907917
3808,0181-RITDD,0.07371931083625306,108.15,2595.6000000000004,191.34584320657848,7.403752961973545
3809,9700-ISPUP,0.12171943691119513,65.5,1572.0,191.34295482439876,7.402886447319624
3810,3723-BFBGR,0.14541403464118213,54.8,1315.1999999999998,191.2485383600827,7.3745615080248115
3811,3518-FSTWG,0.07273706665219656,109.55,2629.2,191.24029564195519,7.372088692586551
3812,8085-MSNLK,0.06986713317237177,113.95,2734.8,191.07263579980233,7.321790739940695
3813,5353-WILCI,0.14196860449187126,56.05,1345.1999999999998,190.9761667624652,7.292850028739558
3814,7895-VONWT,0.16473814657383198,48.25,1158.0,190.76677373249743,7.230032119749225
3815,5843-TTHGI,0.15887871214098173,50.0,1200.0,190.65445456917809,7.196336370753421
3816,0997-YTLNY,0.16275261471599525,48.8,1171.1999999999998,190.61586235537362,7.184758706612087
3817,7318-EIVKO,0.1339381075220833,59.25,1422.0,190.45998889640245,7.137996668920735
3818,3845-JHAMY,0.22352261933738485,35.5,852.0,190.4412716754519,7.1323815026355675
3819,5304-EFJLP,0.0710394319370022,111.65,2679.6000000000004,190.35726181839112,7.1071785455173355
3820,7312-XSBAT,0.1592935799279921,49.75,1194.0,190.19653443402257,7.058960330206766
3821,7013-PSXHK,0.09811678333960619,80.75,1938.0,190.1503261121568,7.045097833647034
3822,1309-XGFSN,0.09790808684371383,80.85,1940.3999999999999,189.9808517115423,6.99425551346269
3823,5188-HGMLP,0.10693311134594488,74.0,1776.0,189.9132057503981,6.97396172511943
3824,4423-JWZJN,0.08761850354466172,90.25,2166.0,189.7816786777373,6.934503603321183
3825,0295-QVKPB,0.12354036745335414,63.95,1534.8000000000002,189.60975596740795,6.882926790222385
3826,7964-ZRKKG,0.08934336845250769,88.4,2121.6000000000004,189.55089050884035,6.865267152652102
3827,1710-RCXUS,0.08740673007731914,90.35,2168.3999999999996,189.53275349965878,6.8598260498976344
3828,2782-LFZVW,0.13394457423882727,58.95,1414.8000000000002,189.50478363309284,6.851435089927854
3829,6727-IOTLZ,0.09631276001564563,81.95,1966.8000000000002,189.42793639877186,6.828380919631556
3830,4378-MYPGO,0.07495555558654775,105.25,2526.0,189.3377334116196,6.801320023485879
3831,4504-YOULA,0.13264944972072676,59.45,1426.8000000000002,189.26423486153297,6.779270458459891
3832,6519-ZHPXP,0.07279640436647458,108.3,2599.2,189.2124142293407,6.763724268802214
3833,6048-UWKAL,0.07476822517528883,105.4,2529.6000000000004,189.13370240341067,6.7401107210232
3834,5198-EFNBM,0.08691956173401204,90.65,2175.6000000000004,189.1021985085166,6.730659552554982
3835,6854-EXGSF,0.12029274960231195,65.5,1572.0,189.1002023748344,6.730060712450317
3836,7030-FZTFM,0.07098034409887873,110.9,2661.6000000000004,188.92128385357563,6.676385156072691
3837,5236-XMZJY,0.13195079800979653,59.65,1431.6,188.9007624308247,6.670228729247405
3838,3948-FVVRP,0.14356207054592102,54.8,1315.1999999999998,188.8128351819953,6.643850554598586
3839,1895-QTKDO,0.17894337898247306,43.95,1054.8000000000002,188.7494761507126,6.624842845213784
3840,4622-YNKIJ,0.0883745716459291,88.95,2134.8,188.66203554972947,6.598610664918837
3841,4976-LNFVV,0.2290025800710204,34.3,823.1999999999999,188.51492391446396,6.5544771743391905
3842,5149-CUZUJ,0.08452377900057514,92.9,2229.6000000000004,188.45421765968237,6.536265297904713
3843,8221-EQDGL,0.12872011940857667,61.0,1464.0,188.44625481415625,6.5338764442468715
3844,1849-RJYIG,0.13067653865308956,60.0,1440.0,188.17421566044897,6.452264698134691
3845,3224-DFQNQ,0.08808819256494001,89.0,2136.0,188.15637931871186,6.446913795613554
3846,9873-MNDKV,0.17517977486738862,44.65,1071.6,187.72264674789363,6.316794024368086
3847,7794-JASDG,0.1540535662939086,50.75,1218.0,187.63724374598067,6.291173123794202
3848,8999-XXGNS,0.07390080633312505,105.75,2538.0,187.56024647347138,6.268073942041411
3849,7789-CRUVC,0.08294074270963685,94.2,2260.8,187.512431117947,6.253729335384094
3850,0274-JKUJR,0.13275035479673528,58.85,1412.4,187.4966011149089,6.2489803344726695
3851,6888-SBYAI,0.1540535662939086,50.7,1216.8000000000002,187.452379466428,6.235713839928401
3852,9391-LMANN,0.08136654259143265,95.95,2302.8,187.37087427955112,6.211262283865331
3853,5515-RUGKN,0.14258921298141428,54.75,1314.0,187.36222585757835,6.208667757273503
3854,8663-UPDGF,0.11230732443778227,69.5,1668.0,187.32861716222084,6.198585148666247
3855,8286-AFUYI,0.16273014049865836,47.95,1150.8000000000002,187.26984568585607,6.180953705756821
3856,4277-UDIEF,0.09630967408103847,81.0,1944.0,187.22600641353878,6.167801924061635
3857,0248-PGHBZ,0.08432046863116995,92.45,2218.8,187.09025579883988,6.127076739651962
3858,2434-EEVDB,0.0822396000490754,94.6,2270.3999999999996,186.71678795142077,6.015036385426228
3859,1942-OQFRW,0.1766992121550349,44.0,1056.0,186.59436803571685,5.9783104107150535
3860,5149-QYTTU,0.0816834164898663,95.15,2283.6000000000004,186.5322498962587,5.959674968877607
3861,6906-MPARY,0.08674230964441056,89.6,2150.3999999999996,186.53066265934044,5.959198797802131
3862,7964-YESJC,0.11701707262064025,66.3,1591.1999999999998,186.19756595396274,5.859269786188818
3863,9644-UMGQA,0.1578023423893014,49.15,1179.6,186.1436430824199,5.843092924725973
3864,7421-ZLUPA,0.26515876060844396,29.25,702.0,186.14144994712765,5.842434984138293
3865,2250-IVBWA,0.09550359111860776,81.05,1945.1999999999998,185.7735854439158,5.732075633174738
3866,7017-VFHAY,0.06722141559688151,115.1,2762.3999999999996,185.69243844482546,5.707731533447635
3867,9644-KVCNC,0.08394809608592121,92.15,2211.6000000000004,185.6596093036234,5.697882791087018
3868,7691-XVTZH,0.08598845262507351,89.95,2158.8,185.6318715270087,5.6895614581026095
3869,1840-BIUOG,0.11257043087510776,68.7,1648.8000000000002,185.6061264268777,5.68183792806331
3870,6092-QZVPP,0.09756045900961977,79.2,1900.8000000000002,185.44292048548527,5.632876145645582
3871,3726-TBHQT,0.06762850100279023,114.0,2736.0,185.03157874363407,5.509473623090223
3872,9070-BCKQP,0.06996478403139447,110.15,2643.6000000000004,184.95890306539445,5.487670919618331
3873,8402-EIVQS,0.07634685645403838,100.9,2421.6000000000004,184.88154758909937,5.464464276729807
3874,5832-EXGTT,0.12774777899050332,60.2,1444.8000000000002,184.56999108547922,5.3709973256437635
3875,1697-NVVGY,0.11574962008016261,66.4,1593.6000000000001,184.45859455974716,5.337578367924145
3876,8720-RQSBJ,0.17466582947470508,44.0,1056.0,184.44711592528856,5.334134777586563
3877,0440-MOGPM,0.09539592082026818,80.55,1933.1999999999998,184.41939412974244,5.325818238922729
3878,9853-JFZDU,0.13503736667194652,56.85,1364.4,184.24498308720385,5.273494926161156
3879,8627-ZYGSZ,0.09728536515453486,78.9,1893.6000000000001,184.2195674566272,5.265870236988157
3880,1032-MAELW,0.09783626358400813,78.45,1882.8000000000002,184.20611707597052,5.261835122791155
3881,6341-JVQGF,0.09454111249968951,81.15,1947.6000000000001,184.1282707043953,5.238481211318593
3882,0960-HUWBM,0.07367757089121083,104.1,2498.3999999999996,184.0760431146011,5.222812934380329
3883,3214-IYUUQ,0.08183876632338197,93.7,2248.8,184.0390177080214,5.211705312406416
3884,4065-JJAVA,0.1547504988551688,49.5,1188.0,183.84359263994054,5.153077791982163
3885,5414-OFQCB,0.08465481894162644,90.45,2170.8,183.7686809584827,5.130604287544806
3886,0799-DDIHE,0.16501097883546983,46.3,1111.1999999999998,183.36019968197405,5.008059904592216
3887,9138-EFSMO,0.09674703514422683,78.95,1894.8000000000002,183.31628219128103,4.994884657384311
3888,6156-UZDLF,0.08752100230889469,87.15,2091.6000000000004,183.05892842928415,4.917678528785245
3889,4389-UEFCZ,0.07229499269161746,105.5,2532.0,183.0509214951754,4.915276448552618
3890,8095-WANWK,0.16840658164924785,45.25,1086.0,182.88954767108316,4.866864301324945
3891,9926-PJHDQ,0.09921631882093293,76.8,1843.1999999999998,182.87551885074356,4.862655655223065
3892,5349-AZPEW,0.3036231719823002,25.05,601.2,182.5382509957589,4.761475298727667
3893,3282-ZISZV,0.09086289768914997,83.7,2008.8000000000002,182.52538887796447,4.757616663389342
3894,6244-BESBM,0.07985271469192876,95.2,2284.8,182.44748252811883,4.7342447584356435
3895,8158-WPEZG,0.21313719489828875,35.65,855.5999999999999,182.36018395497584,4.70805518649275
3896,6429-SHBCB,0.10908880580828699,69.6,1670.3999999999999,182.22194122216257,4.666582366648768
3897,5651-CRHKQ,0.08801969384006506,86.2,2068.8,182.0951426163266,4.628542784897981
3898,3709-OIJEA,0.08895396003726194,85.2,2044.8000000000002,181.89305748419324,4.567917245257966
3899,6374-NTQLP,0.07279892674327862,104.1,2498.3999999999996,181.88083857540727,4.564251572622176
3900,7730-CLDSV,0.0767918745330303,98.65,2367.6000000000004,181.81244214440255,4.543732643320766
3901,8735-DCXNF,0.13783546497676777,54.95,1318.8000000000002,181.77741121136137,4.5332233634084105
3902,7989-VCQOH,0.09086789035968561,83.25,1998.0,181.55404493865186,4.4662134815955525
3903,2320-SLKMB,0.17015134144212843,44.45,1066.8000000000002,181.51745105046263,4.455235315138786
3904,1043-UXOVO,0.06673300159191578,113.15,2715.6000000000004,181.2201391230065,4.366041736901948
3905,4909-JOUPP,0.06881987540159476,109.7,2632.8,181.1889679573187,4.356690387195613
3906,2305-MRGLV,0.0985921245908189,76.55,1837.1999999999998,181.13345129825245,4.340035389475737
3907,5315-CKEQK,0.14789005398616667,51.0,1224.0,181.017426079068,4.305227823720401
3908,2065-MMKGR,0.1062263764138041,71.0,1704.0,181.0097454091222,4.302923622736657
3909,9995-HOTOH,0.127831362710964,59.0,1416.0,181.00920959872505,4.302762879617511
3910,2038-YSEZE,0.11159222243722247,67.45,1618.8000000000002,180.64548968137575,4.193646904412724
3911,6537-QLGEX,0.19348593550714835,38.9,933.5999999999999,180.63846938947367,4.1915408168421
3912,5278-PNYOX,0.07477575226349727,100.65,2415.6000000000004,180.62830716770404,4.1884921503112125
3913,1465-LNTLJ,0.11683314978434034,64.4,1545.6000000000001,180.57731630667644,4.1731948920029325
3914,2193-SFWQW,0.06715892652263608,111.95,2686.8,180.44260378101865,4.132781134305596
3915,5828-DWPIL,0.08435606495416569,89.1,2138.3999999999996,180.38700929798787,4.116102789396358
3916,0750-EBAIU,0.08235818283384125,91.25,2190.0,180.36442040611234,4.109326121833703
3917,9848-JQJTX,0.07447800648042949,100.9,2421.6000000000004,180.35594049300806,4.106782147902415
3918,5327-CNLUQ,0.0775064654617652,96.9,2325.6000000000004,180.2490360778812,4.074710823364356
3919,3882-IYOIJ,0.06509725817901003,115.25,2766.0,180.05901612314176,4.017704836942528
3920,9134-WYRVP,0.0868683360854661,86.35,2072.3999999999996,180.0259397035199,4.0077819110559645
3921,5965-GGPRW,0.07117599678928938,105.25,2526.0,179.79056788974495,3.937170366923482
3922,5985-BEHZK,0.07129214444322142,105.0,2520.0,179.65620399691798,3.8968611990753956
3923,4003-FUSHP,0.12159857529160825,61.55,1477.1999999999998,179.6254154207637,3.8876246262291048
3924,3583-KRKMD,0.0985468604481069,75.9,1821.6000000000001,179.51296099227153,3.8538882976814577
3925,6286-SUUWT,0.37491051148599375,19.95,478.79999999999995,179.50715289949378,3.8521458698481297
3926,1867-TJHTS,0.09372588251725242,79.8,1915.1999999999998,179.50381019704182,3.8511430591125446
3927,5322-TEUJK,0.06525349132068306,114.6,2750.3999999999996,179.47320252840666,3.8419607585219993
3928,1852-XEMDW,0.11491106203902246,65.05,1561.1999999999998,179.39915005532185,3.8197450165965563
3929,3301-LSLWQ,0.11307802447634166,66.1,1586.3999999999999,179.3869780292684,3.8160934087805174
3930,5343-SGUBI,0.09318667979889259,80.2,1924.8000000000002,179.36572127690846,3.8097163830725336
3931,9289-LBQVU,0.10648350469883383,70.15,1683.6000000000001,179.27562851095666,3.782688553286995
3932,6242-FEGFD,0.07730137493754613,96.6,2318.3999999999996,179.21550765520692,3.764652296562076
3933,1919-RTPQD,0.16684487421732683,44.75,1074.0,179.191394909409,3.7574184728226996
3934,7159-NOKYQ,0.08015076868930406,93.15,2235.6000000000004,179.18505848180817,3.7555175445424496
3935,7766-CLTIC,0.12240622020844764,60.95,1462.8000000000002,179.05581892091723,3.716745676275167
3936,3026-ATZYV,0.09932463045434427,75.1,1802.3999999999999,179.0227139309101,3.7068141792730316
3937,8707-RMEZH,0.0854377533904761,87.3,2095.2,179.0091809037255,3.702754271117648
3938,2200-DSAAL,0.09234938501634207,80.65,1935.6000000000001,178.75146963763171,3.6254408912895144
3939,4929-ROART,0.13225245675775177,56.25,1350.0,178.54081662296488,3.5622449868894606
3940,3392-EHMNK,0.07905343126624603,94.1,2258.3999999999996,178.53426917169,3.560280751507001
3941,4837-QUSFT,0.07425319765365186,100.15,2403.6000000000004,178.47498588031763,3.5424957640952854
3942,8932-CZHRQ,0.09678461892359333,76.75,1842.0,178.2772680572589,3.483180417177671
3943,1163-ONYEY,0.0996244889493356,74.55,1789.1999999999998,178.24813562815123,3.4744406884453696
3944,8929-KSWIH,0.07477916546435977,99.3,2383.2,178.21370713466217,3.4641121403986475
3945,7607-QKKTJ,0.0780948429629975,95.0,2280.0,178.0562419556343,3.416872586690289
3946,0907-HQNTS,0.06556260544869894,113.0,2712.0,177.8057859768715,3.341735793061453
3947,4057-FKCZK,0.08972220305712643,82.5,1980.0,177.64996205311033,3.2949886159331
3948,5671-RQRLP,0.09783788929784444,75.65,1815.6000000000001,177.63447180916637,3.290341542749907
3949,3229-USWAR,0.09257159510168005,79.95,1918.8000000000002,177.6263766811037,3.2879130043311093
3950,2577-GVSIL,0.1006968729494176,73.45,1762.8000000000002,177.50844763523338,3.2525342905700114
3951,7395-XWZOY,0.1344320721677107,55.0,1320.0,177.45033526137811,3.23510057841343
3952,4625-EWPTF,0.24279952491207615,30.45,730.8,177.43789280574524,3.231367841723568
3953,9174-IHETN,0.10506603211636137,70.35,1688.3999999999999,177.39348862526452,3.2180465875793587
3954,2049-BAFNW,0.20587480726318566,35.9,861.5999999999999,177.38173393796075,3.214520181388224
3955,4718-DHSMV,0.20641409938584293,35.8,859.1999999999999,177.35099419231622,3.2052982576948637
3956,9711-FJTBX,0.08600501887187603,85.85,2060.3999999999996,177.20474088361334,3.161422265083999
3957,8399-YNDCH,0.12288782366426074,60.05,1441.1999999999998,177.10593146493255,3.1317794394797644
3958,2091-MJTFX,0.14406503020775,51.2,1228.8000000000002,177.0271091192832,3.108132735784963
3959,9591-YVTEB,0.1643329934402829,44.85,1076.4,176.88803413912052,3.0664102417361576
3960,3258-SYSWS,0.0647523145883579,113.8,2731.2,176.85152160372309,3.055456481116927
3961,7134-HBPBS,0.06814520339761221,108.1,2594.3999999999996,176.79591569476509,3.0387747084295214
3962,7690-KPNCU,0.1007672416311421,73.05,1753.1999999999998,176.6651280277183,2.9995384083154946
3963,7602-MVRMB,0.06656968765230918,110.45,2650.8,176.4629280287412,2.938878408622358
3964,0862-PRCBS,0.07085307965806176,103.75,2490.0,176.42416834857377,2.927250504572129
3965,9938-ZREHM,0.10185921463366303,72.1,1730.3999999999999,176.2571850020905,2.877155500627147
3966,6475-VHUIZ,0.13533462933207083,54.25,1302.0,176.20568739035622,2.861706217106864
3967,5269-NRGDP,0.10031114285633402,73.15,1755.6000000000001,176.10624239858004,2.831872719574008
3968,9861-PDSZP,0.0678643367422563,108.05,2593.2,175.985798040019,2.7957394120057018
3969,3594-UVONA,0.08529161987022298,85.95,2062.8,175.93955346829597,2.7818660404887865
3970,5032-USPKF,0.08707436788225785,84.1,2018.3999999999999,175.75090413354923,2.725271240064764
3971,6869-FGJJC,0.09198419734855742,79.6,1910.3999999999999,175.7266106146841,2.7179831844052273
3972,9715-WZCLW,0.07531362679649074,97.2,2332.8,175.6916285908536,2.707488577256079
3973,9553-DLCLU,0.08229478731366656,88.95,2134.8,175.6829119572154,2.70487358716462
3974,5868-YTYKS,0.3614421184312428,20.25,486.0,175.660869557584,2.698260867275195
3975,5327-XOKKY,0.09961221164707357,73.45,1762.8000000000002,175.5964066914613,2.678922007438395
3976,0980-PVMRC,0.14383211570461304,50.85,1220.4,175.53271400590978,2.6598142017729316
3977,6629-LADHQ,0.143537020099481,50.95,1222.8000000000002,175.5170681776454,2.6551204532936197
3978,0975-UYDTX,0.08110722778269919,90.1,2162.3999999999996,175.3862693573087,2.615880807192603
3979,5229-DTFYB,0.07388059932659369,98.8,2371.2,175.18567712321894,2.5557031369656826
3980,9609-BENEA,0.1057150552038127,69.0,1656.0,175.06413141751383,2.519239425254149
3981,2862-PFNIK,0.29496757606316926,24.7,592.8,174.85677909024673,2.4570337270740197
3982,2373-NTKOD,0.1098132010164328,66.25,1590.0,174.60298961612816,2.3808968848384424
3983,4908-XAXAY,0.0807900886351249,89.85,2156.3999999999996,174.2157471327833,2.264724139834989
3984,6352-GIGGQ,0.08165627707072184,88.8,2131.2,174.0258576931224,2.207757307936717
3985,5081-NWSUP,0.11166628582149736,64.9,1557.6000000000001,173.9314067955643,2.179422038669287
3986,1320-GVNHT,0.06684268934191713,108.4,2601.6000000000004,173.89794059193164,2.169382177579493
3987,2469-DTSGX,0.06484558783285842,111.65,2679.6000000000004,173.76023715692745,2.1280711470782308
3988,7182-OVLBJ,0.07157291222876991,101.15,2427.6000000000004,173.75040172656185,2.125120517968554
3989,6959-GQEGV,0.09530616739569542,75.95,1822.8000000000002,173.72408192887363,2.117224578662089
3990,2578-JQPHZ,0.07225156368091806,100.1,2402.3999999999996,173.57715658703754,2.0731469761112606
3991,8975-SKGRX,0.06219539320765451,116.1,2786.3999999999996,173.30124363380853,1.9903730901425547
3992,2664-XJZNO,0.06882850618662692,104.9,2517.6000000000004,173.28264717545196,1.9847941526355868
3993,1853-ARAAQ,0.14333580476026195,50.35,1208.4,173.20698647230054,1.9620959416901584
3994,7446-YPODE,0.11976203192240883,60.25,1446.0,173.17589815980318,1.9527694479409519
3995,5709-LVOEQ,0.0892032512286072,80.85,1940.3999999999999,173.0899886839894,1.9269966051968126
3996,2202-OUTMO,0.11844310514725279,60.85,1460.4,172.974310757048,1.8922932271143935
3997,3714-XPXBW,0.09130094484060361,78.9,1893.6000000000001,172.88746915016702,1.8662407450501064
3998,0392-BZIUW,0.0685815936623902,105.0,2520.0,172.82561602922328,1.847684808766985
3999,0228-MAUWC,0.12072474803237723,59.55,1429.1999999999998,172.53980988787353,1.7619429663620565
4000,8454-AATJP,0.06237858568140977,115.05,2761.2,172.23975078350864,1.6719252350525906
4001,4644-PIZRT,0.10198307788811314,70.35,1688.3999999999999,172.18822870629023,1.656468611887071
4002,3244-CQPHU,0.06514139717799342,110.1,2642.3999999999996,172.12962790312977,1.638888370938929
4003,8260-NGFNY,0.284307251437406,25.2,604.8,171.94902566934311,1.5847077008029302
4004,0068-FIGTF,0.09158122910346465,78.2,1876.8000000000002,171.87965078138248,1.563895234414744
4005,0002-ORFBO,0.10905691333774781,65.6,1574.3999999999999,171.69920435895014,1.5097613076850394
4006,5014-WUQMG,0.07440443251979836,96.1,2306.3999999999996,171.6063831636629,1.4819149490988721
4007,6773-LQTVT,0.2004000779166022,35.65,855.5999999999999,171.46230666544483,1.4386919996334484
4008,9845-PEEKO,0.0901942734021404,79.2,1900.8000000000002,171.4412748827885,1.432382464836543
4009,8496-DMZUK,0.07898908295003677,90.4,2169.6000000000004,171.37471436839982,1.4124143105199423
4010,8023-QHAIO,0.09288125358966326,76.85,1844.3999999999999,171.3101841207749,1.3930552362324633
4011,4146-SVFUD,0.15986763434531687,44.6,1070.4,171.1223158032272,1.3366947409681558
4012,9780-FKVVF,0.12051567138666193,59.15,1419.6,171.08404710050527,1.3252141301515792
4013,3164-YAXFY,0.13261345069716263,53.75,1290.0,171.0713513993398,1.321405419801934
4014,9788-HNGUT,0.06091186605132899,116.95,2806.8,170.96742563287023,1.2902276898610694
4015,4513-CXYIX,0.0882176772223566,80.7,1936.8000000000002,170.85999724426028,1.2579991732780869
4016,5951-AOFIH,0.10713708246687788,66.4,1593.6000000000001,170.7336546192166,1.2200963857649754
4017,8670-ERCJH,0.06271630055536895,113.4,2721.6000000000004,170.68868359149215,1.206605077447641
4018,1707-HABPF,0.07788763793158152,91.3,2191.2,170.6673922356814,1.2002176707044185
4019,9351-LZYGF,0.1070932884952243,66.4,1593.6000000000001,170.66386454598947,1.1991593637968379
4020,9625-QNLUX,0.06885760532347365,103.25,2478.0,170.62914599156773,1.188743797470316
4021,9040-KZVWO,0.09408544665401443,75.5,1812.0,170.48282933707415,1.1448488011222437
4022,3256-EZDBI,0.24086935996730102,29.45,706.8,170.24646362488835,1.0739390874665062
4023,8200-KLNYW,0.08764896327433824,80.9,1941.6000000000001,170.17922709345515,1.0537681280365447
4024,5366-OBVMR,0.14091150244082956,50.3,1207.1999999999998,170.10836574656943,1.0325097239708256
4025,0584-BJQGZ,0.09042199749606801,78.35,1880.3999999999999,170.02952409160628,1.008857227481883
4026,2223-GDSHL,0.06104257772807975,116.05,2785.2,170.0157874882477,1.0047362464743088
4027,2930-UOTMB,0.10856180760036407,65.25,1566.0,170.00779070217013,1.002337210651035
4028,0619-OLYUR,0.06329253909666807,111.9,2685.6000000000004,169.9784429980118,0.9935328994035331
4029,6904-JLBGY,0.06034819728186134,117.35,2816.3999999999996,169.96466282463425,0.9893988473902695
4030,1697-BCSHV,0.10591332577222594,66.8,1603.1999999999998,169.8002438780326,0.9400731634097781
4031,8015-IHCGW,0.06123665560183154,115.5,2772.0,169.74800932827702,0.9244027984831078
4032,7711-YIJWC,0.08328688261513857,84.9,2037.6000000000001,169.70535201660635,0.9116056049819079
4033,8344-WFMFH,0.1411055097950576,50.1,1202.4,169.66526497757727,0.8995794932731798
4034,8513-OLYGY,0.06104257772807975,115.8,2779.2,169.64953202187922,0.8948596065637631
4035,1334-PDUKM,0.0817589993723326,86.45,2074.8,169.63357189771568,0.8900715693147063
4036,2474-LCNUE,0.09595506196364027,73.65,1767.6000000000001,169.61016752693055,0.8830502580791659
4037,5697-GOMBF,0.1967725388362235,35.9,861.5999999999999,169.53921946129014,0.8617658383870435
4038,8393-JMVMB,0.3628389809619061,19.45,466.79999999999995,169.37323631301774,0.8119708939053183
4039,6568-POCUI,0.07399293566427022,95.2,2284.8,169.0590594057246,0.717717821717379
4040,7693-QPEFS,0.0965295928431519,72.95,1750.8000000000002,169.0040111497904,0.7012033449371131
4041,1696-HXOWK,0.0735813318639597,95.65,2295.6000000000004,168.9133054269059,0.6739916280717679
4042,9978-HYCIN,0.08282753300754467,84.95,2038.8000000000002,168.8687742957821,0.6606322887346252
4043,9114-AAFQH,0.1071522570560616,65.65,1575.6000000000001,168.82909621753066,0.6487288652591943
4044,0820-FNRNX,0.10537015656251825,66.7,1600.8000000000002,168.67654662527923,0.6029639875837702
4045,8992-VONJD,0.1253587596609417,56.0,1344.0,168.48217298430566,0.5446518952917003
4046,3259-QMXUN,0.08149496770035813,86.1,2066.3999999999996,168.40120125602002,0.5203603768060034
4047,0668-OGMHD,0.24615654000945986,28.5,684.0,168.37107336647054,0.5113220099411606
4048,5453-YBTWV,0.0693697019223897,101.1,2426.3999999999996,168.31864474448633,0.49559342334590184
4049,1480-IVEVR,0.08594390949409646,81.6,1958.3999999999999,168.3125523532385,0.4937657059715477
4050,2081-KJSQF,0.3462475711954225,20.25,486.0,168.27631960097534,0.48289588029260244
4051,5286-YHCVC,0.06689999990106656,104.8,2515.2,168.26687975116258,0.48006392534877307
4052,9480-BQJEI,0.0759517918479167,92.3,2215.2,168.24840930150506,0.47452279045151613
4053,6248-TKCQV,0.08695593686983573,80.6,1934.3999999999999,168.20756428101024,0.46226928430306913
4054,2272-WUSPA,0.06327728835161786,110.75,2658.0,168.19103243860027,0.45730973158008226
4055,5681-LLOEI,0.07678000522388231,91.25,2190.0,168.14821144030228,0.4444634320906786
4056,1099-BTKWT,0.12874553866116065,54.4,1305.6,168.09017527601134,0.4270525828033982
4057,6752-APNJL,0.12849342980939613,54.5,1308.0,168.06940619069013,0.4208218572070379
4058,4524-QCSSM,0.15682674331610785,44.65,1071.6,168.05553813754116,0.41666144126234883
4059,0164-APGRB,0.06093156069970029,114.9,2757.6000000000004,168.02487178549356,0.40746153564806775
4060,2519-ERQOJ,0.1282147652165626,54.6,1310.4,168.01262833978365,0.4037885019350895
4061,3082-YVEKW,0.09073583339665028,77.15,1851.6000000000001,168.00646911723769,0.40194073517130136
4062,8591-NXRCV,0.09374119808664173,74.65,1791.6000000000001,167.94673049202734,0.3840191476081998
4063,1768-HNVGJ,0.09981723364679235,70.05,1681.1999999999998,167.81273320698728,0.34381996209618393
4064,6463-HHXJR,0.06956288280715567,100.5,2412.0,167.78567333085948,0.33570199925784294
4065,4726-DLWQN,0.09937489307237499,70.35,1688.3999999999999,167.7845694633979,0.3353708390193688
4066,2794-XIMMO,0.11559772305735272,60.45,1450.8000000000002,167.70917661160735,0.3127529834822056
4067,2878-RMWXY,0.06799580722506444,102.65,2463.6000000000004,167.5144706796688,0.25434120390063697
4068,9069-LGEUL,0.11642191269094881,59.95,1438.8000000000002,167.50784797973716,0.252354393921145
4069,9586-JGQKH,0.06620044153017886,105.4,2529.6000000000004,167.46063689474047,0.23819106842213955
4070,6620-JDYNW,0.11505780737370656,60.6,1454.4,167.34007504431884,0.20202251329565257
4071,9504-DSHWM,0.11767349927277111,59.2,1420.8000000000002,167.19050776675323,0.15715233002596563
4072,7472-EQOAV,0.08031485635687037,86.7,2080.8,167.1191531073759,0.13574593221276388
4073,0013-SMEOE,0.06333885735537073,109.7,2632.8,166.75854364522007,0.027563093566023156
4074,5478-JJVZK,0.11408733638276533,60.9,1461.6,166.75005085704979,0.02501525711493713
